Preparation Time (mins),Cancellation Status,Order Hour (24h),Distance (km),Delivery Time (mins)
23,False,20,14.117143543453489,76
16,False,0,9.17735390244908,34
41,False,9,34.753920932100336,152
9,False,6,26.596184132460515,93
49,True,12,26.204151843529942,141
57,False,19,5.3803229928468665,62
16,False,16,29.84901423588295,93
32,False,2,6.622346152381506,40
13,True,21,9.29136381553333,83
37,False,22,34.269145298308736,126
39,False,3,6.784405636737118,65
13,True,8,20.45162927235563,77
51,False,21,14.808219580231285,89
42,False,12,25.24415019553049,121
27,True,5,12.160549734667295,107
18,True,7,2.603332041050326,36
47,False,18,1.0463048608756416,41
47,False,8,26.9033981194277,128
30,False,2,38.20046975426742,137
26,False,9,14.802954750232676,93
29,False,3,36.14146230381196,126
56,False,8,24.025639862584445,105
41,False,1,15.717726498221428,100
17,False,7,3.9572949596858336,52
31,True,2,10.712287078954592,73
53,False,3,17.26444109513686,103
8,False,11,25.77148597810852,92
54,False,13,7.051367177838896,89
10,False,18,4.026029363622016,17
34,False,8,3.866042873471324,57
34,False,2,4.449202845562653,42
30,False,12,21.42172694126352,93
59,False,6,20.116393744196863,131
15,True,16,20.34204489282984,69
58,False,10,21.979635869772167,118
14,False,20,38.93019175331531,134
60,True,20,1.4128708577139812,72
36,False,14,3.1875847015563763,75
31,False,17,5.016679726153224,48
46,False,14,19.36618211969136,89
42,False,6,20.63437638023836,106
56,True,21,29.742090022092867,127
14,False,6,31.802330976678608,107
29,False,11,37.462477952067616,134
38,False,22,9.55881359808276,71
45,False,23,27.86982664267556,128
22,False,3,10.193029232690725,67
14,False,19,32.539750746755,100
26,False,22,25.680592248566192,100
24,True,8,19.59859117901121,99
25,False,20,2.601202416556996,52
39,True,13,34.4940590126337,146
27,False,23,16.51856976980778,86
36,False,12,11.15913683300657,68
55,False,21,24.00104024761745,103
48,True,17,33.875247077092006,141
51,False,19,39.76499863965635,149
22,False,21,29.047697595275903,108
32,False,17,2.696102683040341,57
32,False,4,25.94099537602436,105
17,False,6,26.96956179096888,99
9,False,7,34.254921215622254,140
41,False,2,30.686667296466933,136
57,False,9,35.34230032363733,154
45,False,5,13.961635545987471,99
26,False,21,39.84176117609474,132
34,False,13,7.675658731053774,68
42,False,15,13.322272633548144,74
54,False,16,9.06645490151171,84
34,False,22,39.31239650976247,156
5,False,15,29.11469279581227,89
31,True,5,18.548717389132968,103
57,False,19,18.01811653798808,113
12,False,1,22.8618324500372,93
39,False,3,0.2831413662736972,45
26,False,11,39.04059634160562,128
41,False,7,30.4904983886112,135
26,True,12,35.685147607275894,132
35,False,21,23.77958052967597,108
59,False,3,22.4556825107388,148
46,False,11,23.24663363547489,115
19,True,7,37.58837879623049,134
27,False,4,28.2920381284488,146
46,False,16,25.5281941961526,139
49,False,17,10.35616694317021,76
7,True,20,5.265226905002208,33
56,True,13,11.648850010550788,77
44,False,5,15.933245048073912,99
35,True,0,38.03287893550906,148
42,False,21,31.58964497805756,115
26,False,0,27.68243370562828,107
23,False,22,16.559561132997445,87
15,False,16,29.321941268749043,93
25,False,8,23.179956452324493,108
14,False,10,24.94881790492113,94
17,True,7,3.0953312893026887,44
55,True,11,23.452653125978745,141
28,False,5,18.06439112901455,81
40,False,10,10.062136807442528,84
54,True,1,26.592545004362687,119
22,False,1,28.77784811169865,107
59,False,12,3.2200557292899648,84
57,False,21,3.911330904288405,100
32,False,15,17.32301288840328,79
10,False,17,6.839149235485497,37
36,False,2,31.568741643541,121
5,False,4,31.279053626366565,106
60,False,1,29.811299379401785,116
19,False,4,7.304987086066553,68
59,False,8,0.4168734285129565,57
14,True,19,2.689550085245098,37
11,False,7,10.763252143027715,43
40,False,18,8.70297886259369,99
8,False,9,34.544787204954595,108
37,False,4,5.64113225112214,64
8,False,21,39.58779168747063,147
30,False,4,36.26953394798147,136
27,False,1,37.330766266825535,114
9,False,13,18.60579495387491,45
40,False,0,38.76712523150546,143
20,False,23,8.803093318419192,51
43,False,16,26.570005768141943,123
8,False,17,28.107346027852177,102
26,False,11,37.80967587733976,143
23,False,13,35.336448305604335,117
44,False,17,30.25542207777075,132
54,False,7,1.0227534803796223,66
26,False,15,14.034115053295007,98
58,True,18,32.77442574189675,148
10,False,2,27.70474558900751,99
12,False,22,5.527578697546288,41
46,False,17,27.70471078952428,137
33,False,0,9.76873344953112,56
8,False,1,9.337622643741556,55
60,True,7,34.2130641458368,152
25,False,14,36.94023055697133,106
22,True,23,39.11959663069429,147
24,False,8,3.190880559329168,47
45,False,9,28.88629126110756,133
59,False,15,22.81259461507197,130
17,False,14,25.778053222753787,72
22,False,0,27.111366099514644,98
46,False,2,9.60263799408534,98
41,False,18,8.950977097884905,76
13,False,9,1.949756266354159,25
44,False,9,2.793705701095308,39
60,False,17,26.55591887646189,140
25,False,0,34.2574978514415,130
48,False,1,0.2631046788054058,74
33,False,8,13.117427124318702,80
38,True,20,22.815120483911823,109
23,False,10,30.66323248887073,98
41,False,12,19.87214052993067,106
23,False,6,17.170027106271952,73
58,False,7,36.26092302228625,140
6,False,20,25.79407575498065,99
24,False,23,9.74780487009266,61
60,True,20,6.599322460651656,95
49,False,9,19.73248465105528,90
38,False,18,19.008619635106623,97
22,True,20,38.020136813780205,153
11,False,17,9.43821345380997,58
59,False,19,21.92374886756393,103
21,True,16,6.756515892303123,51
22,False,17,5.279192655988013,42
56,False,14,24.81319072689812,126
28,False,22,38.52954621529834,126
37,True,16,10.16465798000212,79
57,False,20,14.759414101655278,114
41,False,5,8.956097238915637,76
18,False,9,27.13077717321212,105
9,True,8,21.36789438874078,88
52,False,20,24.38634779096037,104
45,False,0,28.09424751169944,139
8,False,19,12.845922010971831,40
56,False,8,21.109137062779293,131
19,False,20,36.39985758606351,122
58,True,2,18.24768038039275,113
21,False,2,11.379091393815903,69
51,False,2,3.982167094169543,81
41,True,16,39.09016712589882,161
9,False,21,27.54076673964232,101
16,False,10,5.9639949583134335,37
51,False,20,30.93538674160299,130
19,False,22,5.304770850849803,34
21,False,13,39.77700839794687,147
5,False,7,18.25181066538481,85
10,True,23,35.6847276089711,132
59,True,5,3.367023703628687,87
20,False,0,0.4116514695973624,32
33,False,8,30.16066612795833,116
43,False,0,8.925026608062597,79
33,False,13,15.225520929617351,65
52,False,21,30.192440396507045,135
7,False,17,24.84023622665728,82
40,False,15,6.472500668806184,76
50,True,5,22.928767621342043,115
49,False,23,22.14064237467805,109
44,True,3,12.610821411036842,77
13,False,18,20.60399524806992,86
25,False,7,19.205888058751835,74
22,False,16,26.10348520762665,88
27,False,2,6.845784016768596,62
46,False,12,2.255993397312192,63
42,False,17,21.28136161413016,116
16,False,15,22.728327692376705,89
52,False,13,6.883631340463588,82
35,False,4,12.518499092351895,71
43,False,23,8.496681201103652,56
39,False,4,25.83983360929323,112
15,True,7,39.907840192143695,141
50,False,7,14.891130957530684,104
10,False,13,5.411794892787848,35
23,False,0,10.25607716782007,63
21,False,8,8.232921122155625,71
44,False,18,33.95094647367144,155
32,False,11,37.63163599153516,130
21,False,17,5.6263133611760505,49
25,True,20,8.822235973450974,56
47,False,5,22.047075859617923,116
36,False,18,32.30817046672522,127
7,False,14,28.83646439579945,92
26,True,11,27.008023504739903,109
9,False,18,6.659004889212883,40
25,False,8,26.774851211341563,107
49,False,12,1.1815688752457976,55
15,True,2,34.5945137218601,119
18,False,21,15.420196401844,87
31,False,8,34.788989103587056,119
19,False,17,21.48081965902211,81
21,False,23,18.554702793947584,90
55,False,14,4.8451265938875805,77
6,True,20,13.917112408722067,50
21,False,18,21.24404526242936,102
48,False,4,23.153902916715666,99
7,True,19,24.518895389338017,83
33,False,6,15.558667115962947,83
39,False,20,10.428389269005628,77
46,False,16,31.985811580274333,136
49,False,4,34.3457337995344,150
14,False,2,5.904164337299008,42
32,False,1,25.128670969894355,120
33,False,17,20.60144418644803,100
16,False,6,25.12639884230736,92
22,False,14,7.266003368478604,54
26,False,23,21.81731860981361,93
17,False,12,22.691744984361268,86
22,False,21,26.739215895343825,98
23,False,1,29.58899448071039,104
56,False,9,20.02848434437125,109
21,True,5,15.596287298190711,72
36,False,6,4.827022672756307,43
51,True,4,36.203145164951806,148
12,False,21,13.504194183217352,40
20,False,8,3.997980895947593,41
26,True,4,28.324410354363803,119
60,False,16,22.58542262024405,123
8,False,4,1.1188112335413558,10
28,False,5,34.93945510535115,131
27,False,9,20.02032635658232,77
20,False,8,35.83012616104518,109
56,False,19,2.076083448468101,83
53,False,18,11.014035816786349,95
16,False,4,28.67027167659917,104
23,True,18,38.44832773296485,144
28,False,19,8.065943338316597,70
40,True,11,31.92438679777386,145
21,False,5,22.778957120923955,73
43,False,13,34.80439098188248,144
18,False,2,10.554595681589102,48
47,False,4,19.944504112140795,93
32,False,9,7.065517663869466,64
51,True,14,31.84095404086133,143
30,False,11,19.770316506041624,81
6,False,17,3.2584120749244656,43
23,False,17,28.096759946141493,107
6,False,1,30.21727308472742,99
23,False,12,10.69091521236291,50
33,True,14,1.3256942923433015,52
29,True,17,10.48125049424927,64
54,True,12,32.9077463164282,143
28,False,16,36.06182580870709,131
43,False,3,31.97789918855032,131
9,False,15,30.84842727115188,112
46,False,23,4.324700055804406,61
17,False,14,31.06817540376431,116
28,True,5,3.000890375423159,41
41,False,16,5.455200253689622,65
26,False,20,5.046753960014605,36
38,True,19,9.35281346961077,71
10,False,23,37.19136225668456,122
58,False,17,12.473424820412337,85
9,False,9,16.27306462605923,63
7,False,5,36.75791571203724,110
8,False,12,11.587058418026606,53
28,False,22,29.947363178403258,105
22,False,13,28.10394512269522,89
51,True,15,36.34702631532752,137
58,False,2,20.48665835832884,112
32,False,8,21.211065510064,82
25,True,2,33.94580773140086,129
55,True,0,18.76576418378138,109
8,False,4,37.36826212517831,133
31,False,22,13.887520318651625,64
9,False,11,17.618055685093246,80
9,False,9,20.13433150609994,79
34,False,22,19.535504097568968,91
43,False,9,36.4884493500672,131
9,False,7,22.68166054571145,73
47,False,11,31.86299471989076,134
33,False,7,31.38014472369317,129
9,True,15,21.75213305097805,73
22,False,8,38.07098432893456,95
9,False,22,26.59749079537492,89
60,False,15,23.10981097194572,108
23,False,5,23.95088428735185,74
30,False,23,2.226809891647897,49
22,False,14,0.8569975286339411,48
18,False,6,22.30802688593768,109
31,False,23,35.36145833542569,120
11,False,10,15.914203818284486,71
33,False,20,21.197159539344764,93
37,False,7,18.76992464281789,95
9,False,12,11.392517668296744,52
13,False,14,25.91568043535184,100
12,False,7,4.316640777971082,41
50,False,5,23.204582882553407,113
31,False,4,0.597845944957824,55
36,False,20,35.169024721807794,134
46,False,2,21.98543357780237,111
45,False,9,14.456756253825397,89
45,False,2,24.481802235169365,105
32,False,4,15.899814208696576,89
56,True,9,28.6674066441143,128
7,False,13,14.858957477453258,47
55,False,8,1.5799006064386032,81
49,False,15,29.67255794905182,138
43,False,15,36.70724937820381,137
48,False,17,28.39586824203937,154
21,False,17,35.46446026252972,119
17,False,12,9.55477993392822,64
30,False,10,14.016918136114208,69
11,False,1,5.040634384518265,50
51,False,10,17.814012067590163,115
22,False,11,8.2837282416472,51
56,True,14,35.50883316241071,150
5,False,15,0.1193680731585773,29
34,False,18,31.424364243086675,122
41,False,2,27.009050403973365,129
30,False,7,13.018682673274524,66
38,False,15,3.830149814597105,67
20,False,1,31.69600970017805,114
49,False,15,32.04132636174423,131
20,False,16,27.83462417454621,93
5,True,21,12.990195084421275,63
43,False,14,23.1933823576917,128
32,False,4,21.89719214422268,111
6,False,13,14.665937151680858,50
46,False,5,35.65433185261999,149
53,False,10,18.264908699948062,117
11,False,21,23.7569886307578,88
31,True,20,17.793439016095345,87
42,False,13,22.20827310360849,114
49,False,21,34.061722766495784,118
8,False,13,22.831770639621386,73
47,False,3,15.561900725547089,85
37,False,23,39.86389840575192,144
21,False,22,22.033914620170343,97
14,False,13,15.130700874497244,80
58,False,1,13.720277213852654,126
27,False,4,32.75602756595341,129
43,False,20,9.707108197510385,82
34,True,4,20.9624702586072,85
52,False,3,1.4855880731774642,70
13,False,1,39.042218054451176,118
22,False,16,13.10003070991612,81
40,False,17,0.4376677353812381,52
5,False,3,38.91830447486836,106
24,False,12,34.6786503828064,112
56,False,13,26.276475971139675,150
35,False,14,5.389551344481359,55
55,False,16,28.33674889596197,137
21,False,21,22.73711237212077,77
15,False,7,28.717558487421503,115
53,False,18,14.776841307705125,95
15,True,9,10.783059090512406,45
13,True,6,0.2626004878902465,20
59,False,14,4.7610081521460845,76
27,False,3,8.733383374087325,39
47,False,21,14.014505491139488,86
23,False,7,5.149183034675374,65
21,False,20,6.279901074197539,64
5,False,10,12.274561673528508,31
19,False,2,22.550822601976225,91
59,False,9,22.55781342741536,106
51,False,22,10.305710422961695,81
60,False,15,29.56438174288449,149
12,False,16,14.0100918666378,70
28,False,11,35.353693249829874,133
27,False,11,21.125052814583103,92
17,False,5,14.697224657456042,83
47,False,13,0.6515409813923572,51
24,False,9,2.794569435177748,33
40,False,10,29.37337491371142,117
21,False,17,10.713118799038334,80
37,False,9,4.710538179640238,54
48,False,10,28.90822417578148,119
40,False,8,0.4962894177688647,50
37,False,22,5.647023565585374,65
26,True,13,35.0484364316812,125
17,False,18,14.908385220067888,65
34,False,3,18.75794089863558,69
7,False,20,38.25761689628371,131
52,False,6,22.595512917334176,112
36,False,4,25.798773380696296,111
24,False,0,25.50344183568193,90
18,False,22,21.00469219889859,74
49,False,2,37.97029640736487,151
46,False,4,34.52384107235227,154
48,False,5,29.97133441090065,138
48,False,6,37.827061164179206,138
8,True,8,29.370973373054284,85
55,False,5,6.689864289246479,69
12,False,9,2.302921229920754,25
13,True,16,16.05228984015404,74
9,False,18,9.685736618162744,55
33,False,16,1.8885698154526165,57
37,True,10,3.385744868005665,52
34,False,2,0.5889941588867673,40
6,False,21,28.773529091225413,100
46,True,22,16.152158264839347,95
43,False,20,13.49600983866411,98
22,False,16,37.13712732180372,129
56,False,0,18.158240403322583,130
7,False,20,21.93419858358644,84
58,False,4,3.6224963475278735,87
42,True,0,2.272609707826461,75
33,False,13,2.305647881333936,21
22,False,10,19.375483677287416,85
53,False,22,11.353576893589452,79
40,False,0,23.214894286119293,109
22,False,13,7.846188522809312,50
41,False,4,14.772248903896488,98
48,False,18,2.29332760103809,64
9,False,0,27.68914349981354,102
32,False,13,34.33409479386121,138
31,False,13,36.54360316610519,140
6,False,3,3.28506272871574,25
30,False,20,30.58946342741852,121
24,False,17,39.4728487264922,122
42,False,18,34.42610832161159,140
34,False,16,29.0225052276835,99
45,True,20,19.1965595817916,109
54,False,20,10.3696282643251,90
57,False,6,5.550017037181537,71
18,False,15,0.5471006040578525,48
36,False,7,35.517880761935324,144
11,False,17,15.61564566522603,54
60,True,12,27.82581984922001,148
59,True,4,20.26854212409356,124
16,False,9,24.794939945317704,84
58,True,13,16.756761336469932,87
38,False,17,13.548343292919949,81
39,False,13,18.77026627544586,90
58,False,23,39.89842422859614,133
12,False,2,0.6687935266645969,25
44,False,22,30.14132109934499,140
29,False,15,3.6636151220862327,46
26,True,12,28.67635284563698,123
39,False,21,33.219726571770416,133
53,False,14,7.883820479158385,70
42,False,18,16.827148455086174,79
35,False,17,21.22148907343805,101
7,False,0,4.555177479871839,42
22,False,7,27.14993487785773,106
54,True,22,30.56299901275429,145
8,False,9,11.30695498871798,37
56,False,15,38.41118277884415,144
6,False,6,25.625162572610485,80
17,False,1,14.827629468668889,73
53,False,10,13.998195275663168,101
54,False,19,27.65091652157748,135
21,False,1,11.939450757839154,66
24,True,5,14.899077915162952,61
38,False,12,27.23102260745865,113
16,False,10,24.546310695884888,104
18,False,16,29.37550784004932,93
47,False,18,10.473294808265123,86
27,False,14,29.97750609182513,105
25,False,1,15.664937429307892,80
44,False,22,19.96704705495442,80
25,True,14,34.60567614490535,111
57,True,18,12.74959369014814,101
11,False,13,15.325299039747105,43
17,False,16,1.7992939179608265,39
16,False,23,33.77602254727873,114
45,False,17,20.75536346721194,101
30,True,10,23.61094575912974,116
20,False,7,12.671131366622433,67
23,False,7,8.575800698465997,70
33,False,1,3.7476494187752376,40
21,False,12,33.09559702876275,113
19,False,16,7.295355055194484,65
21,False,4,27.91151045386658,100
9,False,23,1.7151141279321729,25
45,False,9,5.318508080396617,73
13,False,20,10.18077941382588,48
33,False,20,3.6265509929068473,53
29,False,1,0.9938025371538182,35
5,False,11,22.376238893511804,71
35,True,21,2.720768676416249,54
30,False,5,12.808579406955726,60
39,False,2,11.726428391830549,81
47,True,14,5.635947859600605,71
11,False,9,3.318844803187183,17
13,False,22,8.208852721029723,43
55,False,7,3.954010595085351,69
19,False,21,3.375737492499171,45
37,False,1,25.47130439688678,112
34,False,7,29.621040495227263,115
39,False,11,15.872697480902696,89
58,False,18,10.896563094129668,85
53,False,8,9.558751213248549,79
6,True,21,37.42167308547099,129
9,False,13,8.252824153307879,39
37,False,4,3.9438456075940223,65
13,False,22,9.91030275435694,60
47,False,22,19.04311197551356,84
18,False,19,4.1683042754289,45
29,False,23,19.546499570157824,75
56,False,22,22.938778386751466,102
33,False,2,26.12535972086832,96
46,False,6,18.1801363559944,106
22,False,20,34.086605597579435,127
34,False,23,11.28199882218794,57
31,False,15,11.048183824829453,66
28,False,9,11.213856774769846,86
47,False,16,30.1824659357659,132
10,False,7,36.92931033613274,105
43,False,5,10.09035781615164,55
39,False,2,14.968582007328733,94
44,False,21,6.609929905903507,49
58,False,20,14.790725542127705,91
40,False,7,16.06913060660728,96
50,False,13,28.80627755637448,145
12,True,1,16.664289530740827,88
55,False,21,20.929856566339847,113
33,False,22,35.14226365053624,127
46,False,10,19.72749031097366,98
46,False,4,22.784641222363973,135
10,True,14,10.690285049906064,57
40,False,18,14.026888185461424,89
45,False,3,19.88770804834619,108
28,False,1,4.21629672111288,35
18,False,1,22.071640226898847,76
13,False,13,31.68874403549428,108
12,False,5,31.305769677871627,115
12,False,8,26.79374321577053,88
36,False,15,30.451771654817072,130
27,False,17,5.855184508574683,47
39,False,19,27.216001265609115,114
49,False,12,9.002395788890343,71
18,False,16,11.285831703781383,65
44,False,9,3.729813199682658,45
18,False,4,18.08078330295408,81
11,False,14,39.8051931032522,133
37,False,5,37.57178756957728,155
26,False,18,15.964107723212358,66
27,False,18,28.628385809775093,113
37,False,9,9.12929763545487,51
22,False,10,24.768207246360376,96
51,False,4,22.05930214446256,103
46,False,15,11.595583953136892,90
12,False,1,1.0188587916375795,10
42,False,3,37.66231328099205,140
47,False,23,36.43216695554762,145
5,True,0,14.0945432289654,77
24,False,17,34.69562091006813,106
30,False,13,8.735024837475914,67
52,False,2,11.440328944078066,86
23,True,7,22.396344676358265,64
9,False,6,38.53050703698519,102
31,False,23,16.285941032555133,81
23,True,17,5.649039301529149,55
46,True,6,36.686843693795055,145
33,True,11,33.529074963669146,130
39,False,2,22.2300436685275,100
15,False,3,31.94521679453635,100
56,False,18,6.609414578084489,71
47,True,20,5.514484205748577,83
18,False,20,1.5227236658711605,29
23,False,2,39.9571677440366,143
45,True,9,27.665778763644614,139
10,False,22,24.19475732439754,87
38,True,12,14.951799868587422,86
39,False,8,9.2476694532734,67
36,False,5,21.024437582251966,68
60,True,14,13.590179352526429,92
48,False,6,8.890297268655589,79
60,False,6,19.016454089513896,118
57,False,0,33.19197139657549,137
24,False,10,1.2422658894992653,45
55,False,5,35.63956893049104,149
40,False,6,11.08907701746664,76
32,False,1,14.566433959735912,71
5,False,10,26.78106912577644,100
57,False,4,27.741588669865497,129
54,False,1,22.272336631781453,113
48,False,19,37.03040515204495,142
29,False,11,18.55566280547446,91
6,True,0,32.016145069738066,89
19,True,19,9.534628529452432,55
38,False,21,39.117397179531615,165
14,False,3,34.56771680699924,111
13,True,20,22.3952509391319,87
24,False,11,23.3146062249851,104
26,False,23,24.301869558799183,100
38,False,7,27.670947520491296,105
30,False,22,11.91936996510406,92
46,True,7,19.69230999332668,103
39,True,16,15.049090150335251,81
17,False,12,6.779748847743406,40
32,False,7,24.84264255473916,107
31,True,22,12.378503642951816,87
5,False,3,5.307076127785046,42
11,False,1,16.681074929798907,74
44,False,22,1.8002084071936997,58
6,False,4,17.359956289209816,56
15,False,15,23.302150552960903,89
39,True,14,36.96455722250215,159
12,False,9,9.824967232563292,55
22,False,5,2.690175600033034,23
25,False,3,7.333417273483051,52
12,False,13,19.004986169490618,66
24,False,8,35.59054098590527,106
37,False,9,8.232293108034016,84
22,False,20,20.26325106415232,92
40,False,7,4.61778953855146,49
60,False,11,26.55584950910199,126
54,False,10,18.332045595452204,120
59,True,1,24.84209606549012,127
42,False,4,34.407632806717785,121
42,False,8,27.03723724426564,110
28,False,10,8.137522116128858,83
11,True,2,15.339633532483186,62
26,False,2,21.346828712108653,80
13,True,0,36.54115380373117,132
52,False,22,28.09733309696104,145
45,True,7,2.289709497835512,53
58,False,18,9.834282031656192,90
5,False,3,25.638516152231507,101
39,False,6,5.282507453915579,65
38,False,9,0.5956014034131281,45
43,False,9,7.546283525128392,65
20,False,12,28.7693267728046,114
9,False,3,5.010523074984007,32
35,False,8,2.3186830013802844,46
53,False,5,10.723773801522698,83
23,False,13,11.381178359279533,45
30,False,0,31.93134935499221,117
35,False,9,5.169437292498197,53
35,False,5,9.63166099771556,63
52,True,23,32.52539153558642,126
13,False,19,33.96564267931804,122
57,False,23,9.241558995870497,86
14,False,7,37.72335807515083,125
32,False,5,27.6899532618088,100
17,False,12,39.85011188046911,146
27,False,8,9.098364097025256,63
59,False,18,10.808582784542883,78
38,False,17,6.4548872526401695,69
52,False,7,13.207567530182612,80
12,False,23,12.0906978722828,67
31,False,18,26.25522462763933,110
13,False,4,39.27387471665878,129
59,False,6,24.00081818625811,128
56,False,7,31.02786894662255,151
10,False,14,28.5606172194179,104
46,False,7,20.660157332601354,108
13,False,8,8.665572788337721,59
58,False,6,19.25760868337617,129
28,False,16,8.41590857493944,53
36,False,1,39.61240452605883,120
29,True,22,10.50536874874143,74
44,True,0,0.6245219406829452,49
23,False,15,17.973033006497165,78
24,False,8,27.213260241414865,100
27,True,13,31.304109663946704,126
46,False,15,32.95624751253179,137
31,False,8,11.053267064385617,79
51,False,21,37.072405109332784,151
52,False,12,5.958709010026648,68
60,False,21,36.68191468681622,170
45,False,0,4.602640334711936,57
48,False,14,32.28125910329626,145
59,False,18,23.36756875525325,126
43,False,11,24.16398198259838,139
36,False,5,32.769148359794194,138
17,False,5,14.375391541998148,71
39,False,6,4.693701766373972,69
50,False,23,35.26546928682801,151
18,False,0,13.081597873205704,60
14,False,17,23.05195788336607,83
42,False,5,8.063192025571476,87
60,False,12,10.835051972019686,87
33,True,4,25.56616182673756,98
45,False,19,26.99142614929289,117
54,False,5,3.98261364800419,65
17,False,12,12.862089839222344,76
22,True,7,20.077216802680464,69
28,False,1,37.32163149376289,141
41,False,14,13.448776713513006,91
55,False,9,0.5184564156731254,44
58,False,11,3.647558326603908,74
13,False,17,34.42242830470868,106
7,False,19,21.047857742204503,85
43,False,9,6.605496490611311,58
28,False,0,25.86746751424169,100
60,False,4,28.347321658615616,144
51,False,9,37.87857051866382,148
24,False,6,24.18365210632953,91
39,False,17,9.393325272554035,65
14,False,18,20.68891778303997,113
57,False,8,7.941979026271599,66
52,False,20,20.984283029459814,112
60,False,2,10.379317034828878,73
60,False,4,23.66374409893595,123
19,False,2,29.166855547320125,121
44,True,13,32.83070713871102,137
51,False,5,12.250970191453003,82
57,False,2,6.056012727972565,76
32,False,14,2.225429334995745,29
22,False,20,38.64459499437916,142
5,False,0,27.71496526839909,106
51,False,10,34.94233682379825,131
15,False,18,35.532312797270336,122
57,False,23,21.213433578056,128
34,True,11,14.49733132736415,86
16,False,11,22.718192608813084,75
34,False,20,18.7898704163192,86
15,False,21,21.093052232794594,96
60,False,18,35.31071284170522,151
8,False,10,27.629949931781464,106
28,False,12,10.556336136603612,71
48,False,4,7.514569124034666,89
19,False,23,3.4136499710410138,39
43,False,1,24.7956275019448,119
41,False,21,34.32222379351898,124
17,False,13,9.18189188190369,71
21,False,22,10.183301218998269,77
33,False,8,33.55459022673341,133
39,False,4,21.687189430918924,110
38,False,10,4.765097665777632,60
23,True,0,14.049029418780988,84
14,False,3,19.99750933081864,88
47,False,8,28.409248796785345,121
54,True,22,25.70605267876873,106
44,False,9,27.89837245313018,114
51,False,7,28.27945164144776,122
8,False,2,30.50860616262824,92
46,False,9,6.013015151403089,64
12,False,18,4.806229564081262,36
39,False,3,15.11629433528351,72
44,False,17,6.055616994953386,85
58,False,13,37.76744698038348,153
42,False,5,14.687741382207747,81
45,False,23,1.4054496231668003,57
23,False,20,29.113764545587788,94
60,False,15,22.508383166463588,116
19,False,21,10.057000595566596,61
7,False,6,25.04115469784468,84
54,False,7,9.20911240388332,82
44,False,13,18.573022257885256,89
46,False,9,7.229379527680537,84
15,False,20,21.794976684284144,91
56,False,5,16.096671997326197,100
27,False,22,2.6296445383201967,54
25,False,13,30.9245480637588,120
29,False,13,20.73230197675,104
7,False,18,8.570634804950835,46
54,False,20,5.33008233007019,77
35,False,1,23.71713366165993,106
24,False,7,5.593049095465174,44
19,False,8,39.067741723027616,143
9,False,8,3.753351839381824,39
44,False,21,34.40219311349831,131
51,True,4,21.20238747564117,108
53,True,16,36.89447586458063,160
9,False,5,3.8630586307329375,23
26,False,7,21.72410455929016,86
41,False,13,19.14870163154895,113
42,False,22,23.28459750870723,96
46,False,9,37.65208990799688,146
60,False,7,2.6848782582384656,79
32,False,7,26.76568235731469,116
13,False,16,6.080991785628542,36
53,True,2,36.561087528301336,138
52,False,9,33.04719054346939,145
11,False,3,10.980840908118203,49
48,False,11,31.600095614256848,126
30,True,9,8.363170853308608,56
10,False,12,25.33383695071312,83
45,True,23,23.40266882542051,103
52,False,18,12.744278266527152,95
7,False,8,0.7487988045515129,19
58,False,12,15.26285886677483,116
46,False,12,36.78436382746506,157
60,True,19,20.90740439519741,127
48,False,15,36.401857484327934,164
43,False,16,7.315269023203931,94
46,False,0,19.544170039500063,91
25,False,16,1.8050348929168256,52
32,False,10,10.424545183605842,61
6,False,0,14.52895073770575,84
39,True,16,12.748443334538017,108
55,True,1,30.27833627660328,159
57,False,2,23.69703992159248,131
16,False,21,26.69971538716153,66
38,False,13,19.68117355721997,124
55,False,8,35.10974196725121,153
49,False,21,31.359727187635027,144
50,False,3,18.284601549843984,113
13,True,14,4.709336330965428,50
38,False,18,18.83664269541993,100
20,False,15,39.38775287810525,142
28,False,11,12.74425466144158,51
44,False,8,33.01496778097447,152
51,False,16,10.354444392535784,66
11,False,7,38.97648945840374,118
52,False,10,35.30672595493226,165
38,False,19,4.032804451875784,70
25,False,10,36.96662356992566,129
44,True,20,30.57515746030591,126
10,False,6,20.627957233650623,71
8,False,5,34.17988730782774,109
6,True,15,1.4698289721569229,37
24,True,19,9.014571079431391,80
27,False,1,5.657580911705239,36
26,False,13,34.36808790999548,133
13,False,6,23.317624926298908,107
22,True,1,24.780467251071425,111
9,False,0,33.40405784070333,121
55,False,23,28.43293687610016,138
19,False,4,19.37976486627225,100
8,False,18,19.297328794685725,81
29,False,14,16.246055681951184,98
47,False,15,13.583155867144296,88
58,False,1,4.933039559545068,88
51,False,9,28.755755825729544,136
58,False,21,17.910443251335188,107
58,True,5,22.959862073191893,124
60,False,5,19.05504356135858,123
52,False,8,26.569698927517848,125
58,True,9,27.23961314998499,139
15,False,1,22.66776697691108,90
21,False,5,18.737580104902595,89
44,False,7,13.15708960679157,84
54,False,22,29.392677511506506,130
46,False,0,21.957261060901928,100
60,True,17,26.758324428751138,125
36,True,10,12.646015445260156,70
41,False,20,27.22414984933766,131
18,False,19,38.41814369394572,120
59,False,10,39.35417851107562,180
30,True,17,32.300932235253455,129
6,False,16,16.011874098834333,55
33,False,11,12.520627087476685,83
47,False,9,18.734554721513145,105
44,False,7,21.95146313228483,97
41,False,15,33.65012347368531,128
29,False,14,37.32665303178775,138
10,False,1,24.12770750191738,74
53,True,17,32.350820693297855,145
48,False,22,32.54706222437646,124
48,False,22,13.651474649666223,74
14,False,6,17.271229275053898,60
57,False,7,16.562213607942567,109
41,True,2,22.67826937289559,108
20,False,18,38.05877308608535,135
49,True,11,1.0365125284195364,68
30,False,0,21.278625969305057,110
54,False,18,14.629610976528204,115
30,False,1,39.36694574384434,142
15,False,0,12.103162933203894,67
41,False,14,19.78716644395056,101
14,False,4,10.476561395129885,41
43,False,21,8.410790174049803,85
41,True,1,20.867982445288305,100
17,False,6,33.14130269967748,105
54,False,0,17.36158952903053,83
36,False,16,12.499709163228754,85
15,False,14,6.924672931073612,47
28,False,15,5.826629499705742,43
35,False,18,3.363749415694563,70
22,False,16,21.811382863175503,88
26,False,10,10.923331000549846,85
54,True,13,2.263090233410337,68
19,False,5,38.74660434781539,111
49,False,16,3.1300757498239866,65
17,False,9,28.914236805652173,97
5,False,20,8.391369754714628,39
6,False,13,8.964609026670683,45
48,False,0,36.111726030754745,134
10,False,18,11.95946222009213,59
24,False,2,19.57143390463012,82
32,False,6,31.273341603707625,107
33,False,19,1.5993006130868042,37
10,False,9,32.47331946980058,92
38,False,3,2.306117354808672,56
16,False,0,11.345347742949158,68
45,False,20,1.466170321897457,69
16,False,4,9.441711290952036,50
54,False,23,11.675694193567915,90
41,False,0,15.795093243860109,107
49,False,16,19.617224418207755,110
50,False,3,6.329812791117145,46
8,False,3,11.35408412529737,48
6,False,13,29.610445403520863,97
19,False,11,2.438708619302359,46
40,False,0,31.999492554935927,122
47,False,11,39.32079150888069,155
41,False,18,18.68202282937929,101
9,False,13,38.2180387554313,125
24,False,15,10.130257368305454,57
35,False,7,8.962708047084798,49
17,False,3,10.146929488773294,55
50,False,2,39.17132339159114,162
41,False,21,22.576373960752264,101
44,False,21,21.817233174087857,111
44,False,15,28.300443777473216,125
58,False,18,32.92992382577384,147
33,False,23,8.472525738402206,76
39,False,15,21.44086301799324,101
57,False,14,18.052634726631105,100
39,False,17,32.77237984756609,117
22,False,14,7.735177722746721,64
8,True,2,38.77793923697363,119
34,False,19,17.09381845626887,84
48,False,20,27.06754794829576,118
42,False,19,12.435679795351884,77
17,False,8,21.527789439568167,74
50,True,22,34.387444017568626,153
10,False,5,36.39113346666298,114
27,False,10,39.958170604299625,143
5,False,14,2.053057158873923,24
41,False,15,29.379530566341973,120
29,False,8,16.363260821162964,75
5,False,7,23.034607136935048,85
17,False,19,32.13036998369624,123
32,False,19,16.01108219557211,83
36,False,22,30.149565879188927,114
30,False,0,15.068446074411666,88
21,False,7,8.003045803507641,50
29,False,4,19.66036876385419,88
47,False,18,17.943143801849644,120
27,False,16,37.37034095568474,150
21,False,1,34.15927000864178,110
21,False,17,5.641427072256735,56
58,False,3,14.476382521828093,100
17,False,13,24.67125739820948,94
42,True,8,19.379911601814523,93
41,False,9,25.81141636402042,114
16,False,22,7.8669848184497395,60
21,False,2,15.523466943969105,92
24,True,22,23.271479578702664,102
25,False,20,18.31472598519248,105
32,False,18,33.20640579709164,137
41,False,3,24.63978740197699,121
38,False,14,3.1390765697243985,75
27,False,21,29.923376747121907,123
16,False,23,22.925266577095226,104
9,False,20,8.625203959075861,50
53,True,2,18.475090818559725,123
50,False,3,35.074143948716,168
52,False,15,36.37371766036506,161
32,False,6,6.187596305961506,56
6,True,13,25.019347779669417,83
59,False,21,3.949733205792699,64
13,False,9,16.132562955890673,62
58,False,23,19.121552641427183,110
36,False,5,28.479792788195063,124
18,False,10,32.24639799276941,109
55,False,8,35.370059231462115,134
13,False,8,12.469315846646852,42
46,False,6,30.12463744020808,138
10,False,17,15.251560185123475,48
34,False,22,29.62834502196825,108
24,False,1,4.727906424737951,35
12,False,13,21.93682749512792,73
34,False,19,27.73207212859637,99
42,False,12,36.95588577418391,150
19,False,16,14.99767420557455,68
15,False,1,29.03481727961804,105
11,False,7,22.4561717357562,87
23,True,3,37.450051207248606,119
23,False,3,26.29300845320663,124
30,False,1,33.89524296569392,137
42,False,17,27.010888743996144,113
39,False,19,37.650709819270745,132
20,False,23,34.89107694139039,115
35,False,14,2.2329174530927784,49
40,False,23,3.0785359768262484,65
57,False,7,34.750944477017896,153
57,False,6,15.062854215968578,93
31,False,8,35.418460223050175,133
48,False,10,0.6113004098380248,61
35,False,18,31.55430521233254,125
57,False,3,3.6010794509975383,65
48,False,22,25.814762020575603,119
19,False,15,7.222530490905932,59
51,False,12,6.772893939186309,78
54,False,4,10.591880331818436,78
24,False,14,38.70010081573636,150
26,False,2,24.46393599062309,90
59,False,13,7.3754138107353215,101
37,False,0,32.3954219995052,124
59,False,11,35.76886319159104,162
9,False,11,16.372280126466585,54
22,False,8,22.641120689013977,106
16,False,6,32.21647671518393,104
32,False,4,33.71684035807275,118
29,False,4,8.423877313474145,71
30,False,18,29.439349475178485,113
11,False,22,23.065688046119515,94
30,True,2,36.70756826376432,149
21,True,11,3.643536145971555,52
16,False,12,35.71002098562356,126
40,False,17,8.036385157584752,82
53,False,17,26.934528269204986,120
17,False,22,6.582656646382723,38
37,False,18,11.177996323107092,71
37,True,2,18.113849994514773,91
25,False,17,11.210286083282757,55
35,False,14,16.478276517740177,89
22,False,7,36.092504679905424,145
23,False,4,2.999458062554573,30
23,False,16,39.15796338741235,138
58,False,13,13.174170647557936,99
19,False,18,30.4573606725683,115
29,False,10,4.392624379887537,52
58,False,9,25.5895427836881,106
20,False,17,29.78051586613539,119
9,True,0,10.268885068655145,68
18,False,14,29.251072370073206,104
45,False,22,38.481931511269,149
7,False,6,0.7777589149912576,31
17,False,2,13.300167660760309,70
59,False,21,33.09867367662515,132
13,False,22,27.955330048939988,118
10,False,22,6.240279110849832,37
32,False,10,0.5210516953126543,57
34,True,8,30.39269464172458,132
8,False,11,8.341070726438577,49
59,False,20,19.642730274054777,111
30,False,4,34.11734874624115,119
46,False,18,18.48552387278616,88
49,False,16,7.6453132870876575,84
28,False,0,0.5906329023614842,35
42,False,6,8.10999364321264,62
11,False,5,6.187440714465675,28
44,False,20,36.35102227290371,129
24,False,21,36.34995607645189,118
31,False,18,28.421197860831303,122
27,False,6,22.46109597093164,96
41,False,9,1.7432406429490108,62
60,False,15,30.02694422748167,153
15,True,14,3.2837617916053627,30
34,True,0,22.6464746884257,89
45,True,0,5.083691017717655,94
52,False,20,22.751032412861065,125
30,False,7,16.05854349326141,69
26,False,16,4.430847191057998,55
56,False,7,26.506856060010925,128
25,False,10,3.014652833193068,19
10,False,8,0.7780167549012839,49
22,False,15,17.23346222104458,78
20,False,11,25.649993992169467,99
11,True,4,2.953968583150737,12
31,False,9,23.68957104851797,94
32,False,2,37.75945833080549,126
35,False,3,37.00733771687098,156
20,False,21,16.755923075734994,70
60,False,11,24.290324347135314,138
59,False,13,19.10504256588328,96
48,False,11,29.41905442542489,127
44,False,11,17.837005134397856,98
29,False,19,4.089999326264873,43
19,False,17,5.910107125226279,50
26,True,15,13.676441220408352,63
59,False,0,35.967630439183466,159
56,False,5,21.22243845904137,111
42,False,15,32.4386276070945,138
28,False,12,9.792179653510752,67
43,False,10,37.92260063739831,162
53,False,7,4.617740839117447,80
24,True,12,15.548618306135529,91
56,True,23,7.027955852310468,79
47,False,0,6.825164219518048,61
59,False,5,8.85144024808424,80
18,False,21,6.38874749331689,39
49,False,15,11.73770921051912,88
54,False,1,26.372843364632512,142
54,False,11,13.401666409636352,92
52,False,21,24.27689257278029,115
14,False,0,37.50878108402271,121
24,False,21,23.131216888874103,98
18,False,13,4.942799862773323,39
37,False,18,37.143049340554285,139
31,False,13,32.59447800080486,132
20,False,17,37.387981492923984,121
38,False,13,30.02038411166754,123
29,False,1,16.378586960359502,72
44,False,2,12.190751129710804,92
23,False,8,25.568649142558456,93
35,False,18,34.09334646981094,127
20,False,3,6.991346997187435,45
40,False,7,17.23661803403053,85
25,False,21,33.561487008422986,121
24,False,7,18.15635764939172,71
11,False,11,14.394285731783752,69
50,False,19,35.364707078467795,153
25,False,19,21.143689916037665,90
30,False,10,30.951960224032987,124
57,False,22,34.08322061782598,146
36,True,14,27.141331324036525,123
56,False,20,8.082523552607272,82
28,False,4,32.64974140393896,128
8,False,9,15.4847471904813,79
24,False,20,19.807822160800235,83
24,False,6,16.105118016992808,71
51,False,11,9.750789111203147,68
56,False,9,24.175768930989094,118
26,True,16,27.47159085866925,99
37,False,12,36.99913560744865,154
12,False,20,34.69134583660388,127
35,False,11,13.14629467857865,93
35,False,1,29.642943124237497,114
49,False,19,13.857898567757433,80
15,False,22,6.477010168482377,52
50,False,3,2.544255096364741,56
23,False,23,10.677608245463516,59
45,False,14,3.187703312573189,61
27,False,13,23.30114650320743,111
24,False,12,19.460296231205,80
50,False,19,11.909645960534816,92
5,False,14,37.08622269149746,100
40,False,14,37.81534738096888,115
24,False,16,25.07743010863229,107
58,False,11,15.377883336743205,104
10,False,17,38.5351350700119,141
34,False,7,11.38651731079673,73
11,False,4,38.48785534643543,120
40,False,10,23.4549239961802,112
22,True,18,26.147879335413062,96
9,False,4,38.19115780732064,111
26,False,0,16.823710578952767,80
43,False,20,31.709259026084965,135
45,False,5,28.74842057196842,116
38,False,17,35.21577573906027,144
17,True,7,4.403906738919378,41
13,False,6,36.93836766796952,116
10,True,23,4.537034189771871,46
15,False,23,9.809167435912933,59
21,False,19,2.7242249552667483,48
60,True,17,14.457259045216102,107
16,False,21,6.328618874201324,45
38,False,16,4.580629909213321,54
30,False,3,3.138831623624274,27
37,False,18,36.03860106690493,139
53,False,8,32.15638667946432,145
20,False,14,18.80362783929049,70
24,False,2,2.463425417805753,34
28,False,15,3.0600746910413448,70
19,False,19,27.509797435535848,90
32,False,14,1.7812378335838592,20
19,False,2,2.730181537614939,44
32,False,6,2.99166305599046,46
53,False,5,22.58910869035259,108
13,False,18,10.350233572496586,71
12,False,2,0.766323563496284,23
12,False,12,13.372563115139751,51
9,False,18,21.49292323259892,76
60,False,23,4.138709144746107,91
30,False,13,7.112510417609963,59
55,False,0,29.86449197728976,130
34,False,7,1.972001571581269,32
30,False,14,12.590488887275315,75
36,False,8,23.67285254390708,111
52,False,2,18.643109284226178,110
15,False,2,39.73486806799376,143
16,False,4,20.52205015014784,101
24,False,7,1.3756929538672396,55
34,False,1,1.7993358335920036,56
44,False,8,38.15351939252647,127
59,False,21,17.38273370532923,107
37,True,12,14.738353262352472,83
23,True,1,7.7468277254465425,59
44,False,10,21.13506195120216,98
55,False,16,10.005358496885297,81
7,False,19,28.098695340512272,65
51,False,2,29.85068365370203,116
13,False,15,35.8798632322445,111
9,False,13,30.815181649538133,100
30,False,8,32.98652986529958,123
8,False,17,36.76229706137263,105
12,False,1,32.59039670720711,90
55,False,20,14.86056849870482,94
57,False,3,14.810878243791574,113
40,False,10,9.162644015438076,88
24,False,23,19.17370891879452,85
53,False,20,27.2654806654465,123
25,False,18,10.31088367486464,60
51,False,5,13.25747862482836,96
18,False,3,14.908382063637273,52
47,False,15,17.861147405977096,95
21,False,3,26.754716010787945,92
59,False,14,4.51455849214222,64
43,False,10,11.197326850703652,79
38,True,15,11.802709644658952,88
32,False,10,36.71662023406186,140
6,False,4,18.867022359332665,80
26,False,23,2.714448576981182,73
20,False,12,20.18306430330767,82
11,False,17,5.826028136686118,54
9,False,14,22.58338899851588,98
19,False,23,1.6627201648118377,29
15,False,23,16.32152805893228,68
10,False,2,2.298215427236564,35
23,False,2,4.919331306211081,40
19,False,9,21.816220923628897,74
58,False,22,29.296677391741763,143
59,False,21,8.17416551646134,85
46,False,2,4.55307269001472,81
16,False,16,32.81463094828387,107
14,False,0,14.943811437104722,81
17,False,9,11.406577609219967,63
27,False,8,17.430660883005483,78
8,False,0,7.416258858631362,52
10,True,18,28.46410675447079,98
13,True,3,11.492969690948192,45
8,False,9,34.913125077670664,123
15,True,15,16.196674300718144,81
6,False,5,31.34401732593222,93
50,False,16,27.750334179934324,146
17,False,2,24.215409054124777,92
46,False,20,3.9306975983665535,77
21,False,11,36.94839409322009,127
39,False,17,18.881082169013705,96
57,False,16,1.2125600553826372,56
49,False,8,11.80571628813481,78
57,False,19,2.3122664912375046,74
53,False,9,29.965916161014896,139
22,False,8,19.19776891466352,82
60,True,11,39.95424591022534,162
49,False,10,20.08454008844683,109
23,False,14,3.525692102331693,40
37,True,12,25.7667735650524,132
20,False,1,20.95624008535133,72
56,False,18,17.037233848779206,111
19,False,16,27.616967800837408,103
55,False,9,1.161170043239519,64
5,False,6,17.147436062901836,64
43,False,9,22.096230319976844,107
59,False,3,24.36427166343978,120
18,False,0,4.715458100297114,45
36,False,3,3.0593830414507868,62
22,False,5,18.71867654171222,82
18,True,1,27.44141727286477,98
34,False,9,8.27009730854416,64
33,False,19,37.905148831308686,145
54,False,6,5.857691883996253,63
20,False,12,4.317793706361024,45
27,False,11,35.200546219268425,112
53,False,14,8.466494993677983,79
7,False,22,16.896875191607702,71
44,False,19,22.686129726733657,108
60,False,17,2.4845362532794253,93
22,False,20,2.129412907794305,22
31,False,22,3.752546652007637,52
58,False,9,26.6003613679514,129
23,False,18,10.480214857469452,46
58,True,16,29.79969316752081,138
9,False,13,33.62211712122113,116
33,False,0,15.506127273250543,103
14,True,16,5.8544610886048805,47
53,False,5,3.182824204151461,61
5,True,17,16.990311890230505,74
18,False,0,25.91503467728873,107
37,False,5,23.02251022876246,107
20,False,14,12.395438615732632,66
18,False,16,18.337516590513328,72
29,False,6,28.906945638078728,117
42,False,13,21.24585545159334,91
55,False,14,7.557498341761302,105
31,False,17,17.204940208660336,81
49,False,7,18.882950560350537,101
18,False,14,24.968435509914887,109
34,False,10,21.024369861643752,94
18,False,13,30.597590868662746,117
22,False,8,17.81178117261851,89
59,True,10,25.33290185123959,136
24,True,3,24.953176958437187,103
33,False,6,35.20915161714763,127
15,False,8,26.81103221827649,74
52,False,3,9.536075406088257,73
24,False,12,34.289233723643505,140
56,False,19,37.776888731260335,150
43,False,14,19.84641649765616,102
20,False,17,39.726527352755205,127
34,False,11,11.83919493712222,82
27,False,8,29.865410519886048,129
18,False,21,38.50150780356578,137
51,False,23,21.374803528481863,123
37,False,17,25.53512080071432,123
49,False,9,11.00467600872535,83
20,False,11,0.3125175890089639,27
20,False,19,36.26655515992774,135
57,False,23,5.747278571651259,72
47,False,8,7.223670508565996,60
9,False,20,8.954281317257875,55
54,True,11,7.033835029798999,82
52,False,4,15.923044679683647,100
35,False,18,24.91948905552305,98
14,True,5,11.097397069718117,61
7,False,19,33.49605849267985,104
49,False,15,37.58269447801127,172
50,False,16,28.07143142839905,120
17,False,3,2.0315772622954973,25
34,True,22,28.80125529055569,123
10,False,19,14.224718534746115,48
20,False,16,1.839126440379258,46
29,False,4,16.631014776598906,64
9,False,18,12.178029526753408,35
57,False,21,20.3662790482188,107
26,False,8,6.93014827783254,47
27,False,13,23.29758870145169,105
6,False,5,22.893564980428607,80
60,False,1,5.288429242093087,82
36,False,14,6.47994049236639,59
50,False,17,5.013828148315813,58
42,False,18,0.7304034759507771,33
35,True,20,24.328039602137416,95
23,False,13,35.32613505379121,120
31,False,23,30.998697574951915,119
16,False,8,12.473896496609845,51
44,False,22,36.90364077241086,139
24,False,1,30.657203558151675,124
51,False,17,32.41786807876427,135
10,False,23,12.06934635064687,53
45,False,14,37.95065666281399,178
14,False,17,37.39161044094859,111
56,False,16,4.783351565383003,50
19,False,1,26.209885733253163,97
29,True,0,22.369748987392995,103
31,False,13,34.743472323157064,116
26,False,5,21.72876223650876,77
57,False,19,28.61111902185969,126
49,False,16,33.114022004828804,135
44,False,20,29.248487252714902,129
50,False,8,34.15818738251894,165
37,False,5,17.25301908553604,107
45,False,4,23.426482931110787,112
10,False,1,22.472356587159886,78
15,False,16,9.648510034352665,49
38,False,0,11.838099279475118,74
30,False,2,25.42325817836311,114
35,True,9,25.76416911289889,115
28,False,21,33.52418389313972,134
50,False,16,34.13501321418786,141
11,True,16,2.0614083482501626,36
37,False,20,14.602338356248216,62
42,False,12,4.749746396296061,62
53,False,14,24.6066394110988,122
14,False,17,11.615631223873237,78
19,False,13,13.958924448671624,72
17,False,22,10.94505804518992,72
8,False,17,28.36622309653603,95
45,False,8,15.589652159163569,98
47,False,22,21.44130697255008,111
41,True,8,23.665873395942864,119
44,False,9,37.87539870025416,138
34,False,7,18.108088356793395,91
47,False,20,2.0847244159737746,56
60,False,0,17.092160654041937,110
11,False,7,15.096095613835042,41
33,True,13,23.10050739602116,112
16,False,3,7.513335414575031,46
53,False,1,32.856991068680365,148
22,False,8,17.648941398434697,67
46,False,0,33.69544077800189,140
32,False,6,12.783177538867545,71
41,False,10,30.55384839750968,134
24,False,21,25.889353914984262,105
60,False,14,5.22915508217775,67
48,False,5,15.84053321927044,98
44,False,10,38.5420673061008,164
58,False,16,5.954118285761438,80
9,False,3,14.670608236930876,63
46,False,22,3.978808090936517,67
49,False,11,30.832772200617736,128
52,False,8,1.225498440700754,60
53,False,12,24.146231559188863,101
59,False,6,22.87549945040132,129
8,False,23,2.971265797886626,24
22,True,14,2.450251403556213,37
27,False,12,4.392414583259655,35
34,False,19,17.866690408755282,99
54,False,19,28.913696406964075,137
12,False,2,11.562622641631693,53
45,False,4,3.416985840341417,53
18,False,22,11.470206008136929,61
31,False,21,36.82181256865451,140
14,False,3,14.76616130433526,61
34,False,0,38.96385404463229,156
54,False,3,5.449031035426005,56
15,False,7,18.246819187715403,77
15,True,9,6.5595568827138,60
46,False,16,22.31768019917826,121
53,False,2,2.4001756171765765,67
40,False,1,30.17109869733443,123
12,False,18,11.410576420841773,65
58,False,14,30.41244510339947,139
26,False,11,32.624597349539314,125
47,False,12,21.53313191739883,121
46,False,3,26.753021551633186,117
39,True,15,27.107299226592648,105
10,False,21,22.003937066890465,84
25,False,18,39.34471068268423,119
49,False,7,33.049524867552094,122
56,False,6,3.1528721889018336,59
47,False,12,35.11156496481768,145
44,False,21,8.149506468246411,80
29,False,7,26.063956767962832,95
39,False,5,13.75526083349066,109
39,False,8,14.778748791806256,93
60,False,2,20.55598938623408,129
56,False,17,15.989471451166162,108
5,False,23,13.526187000722611,50
48,False,11,6.720275205906203,71
59,False,12,2.5274578399868823,89
57,False,2,26.690843919307905,141
57,True,15,33.94727869223223,137
59,False,20,31.760755891456487,134
60,False,2,7.578130991853633,79
22,False,16,33.92895033820843,128
23,False,8,22.47060057750961,90
40,False,16,19.74950778894347,77
33,True,12,1.2753939210276324,52
6,False,2,26.776148090500627,94
28,False,7,14.366713509503676,64
53,False,20,16.082734094587476,118
39,True,1,21.25969896574056,108
41,False,23,33.941450283993106,124
48,True,20,18.102878670525623,91
14,False,18,11.535514743684262,41
51,False,18,35.57741939373992,150
45,False,22,29.450158198052147,120
57,False,21,21.40872864909416,112
9,True,11,17.82469059313337,62
21,True,16,27.76437006698591,116
9,False,11,0.5514140599476282,22
29,False,4,24.798941007401456,94
45,False,3,20.273083392848307,98
48,False,11,26.394321729309503,116
6,False,23,2.017479134280981,26
9,False,10,13.656131427535264,44
18,False,10,24.20509902836769,89
9,False,11,32.90963865789612,109
26,False,18,1.980332257539459,38
44,False,1,5.595917856673666,52
13,False,10,15.650535542728822,57
35,False,1,22.23783722709072,90
55,True,1,29.17701582792427,130
51,False,10,1.175684368197491,74
6,False,21,14.831009702310746,83
34,False,3,3.2378839017661103,40
38,False,23,26.52188987659999,113
27,False,16,5.910468781349315,48
25,False,5,31.774677895016588,95
55,False,21,19.18478074267251,105
35,False,13,10.947356223598604,74
14,False,12,38.71106477195777,124
42,False,21,27.82411583081576,117
28,True,10,4.163144431463226,32
18,False,4,18.97914812617802,68
11,False,5,19.16188719369456,80
30,False,21,36.07524969176202,151
59,False,17,16.80330940359939,107
55,False,7,33.787468016668136,154
32,False,14,31.93596062898352,128
27,False,7,36.51896864954984,132
34,False,8,27.374429602245787,121
60,False,23,36.800500064292095,171
56,False,0,20.19570940998856,112
31,False,17,14.574589092173769,65
28,False,9,13.154604795505668,78
59,False,22,11.30634355944915,110
37,False,4,23.08329063427297,98
45,True,14,16.305062324416927,107
14,False,1,4.24870266304145,53
24,False,21,1.811338868928155,46
41,False,20,8.227543589768908,69
28,False,18,31.40587451651386,111
33,False,12,0.4891086671180072,50
57,False,19,25.539866684698403,113
31,False,15,35.16355626342098,125
27,True,11,28.76043726170776,138
18,False,17,1.6277106528242906,44
40,False,19,36.12645444402588,148
53,False,14,30.97398358032487,135
30,False,9,21.08002174602961,92
47,False,2,4.957167631376995,60
55,False,10,18.19928174006469,117
40,False,8,16.154110144748078,89
42,False,17,15.146937949500982,100
18,False,20,35.00835610325008,123
56,True,18,22.5729342229107,107
34,False,1,33.42672652579361,131
47,True,5,6.8919706235131954,83
10,False,9,29.61933704416756,79
50,False,18,8.08527596783885,95
23,False,6,36.91148144570846,114
7,False,6,16.68342441506879,79
48,False,13,0.3733803978178357,55
18,False,11,13.453329093874334,53
50,False,6,20.83586990409539,118
44,False,19,17.951137579702554,89
34,False,12,7.483037078599197,72
41,False,23,31.18656360627414,113
52,False,1,17.44809228598158,110
9,False,21,14.906350620409444,62
28,False,18,11.92020054516702,70
39,False,14,6.727317975139821,79
18,False,10,22.776646407031503,74
47,False,7,37.35712823962712,138
15,False,23,3.313024442786772,36
20,False,3,18.09286927852061,87
15,False,2,28.46690808818944,89
55,False,13,11.657721646374023,73
32,True,1,27.591060227578296,124
42,False,8,7.416986238726722,71
26,False,17,38.37413200627482,137
34,False,6,22.47501759008214,118
31,False,14,38.52980013403935,147
11,False,22,26.583681348599345,75
29,False,5,23.023119730250244,97
31,False,14,16.040779353365835,97
9,False,19,11.022830257693512,41
6,False,12,11.59172236638824,56
40,False,13,4.1485045364323625,80
19,False,13,26.311611597462186,89
57,False,5,39.38541859053396,169
17,False,17,12.379534953102418,45
58,False,5,29.41131783640775,129
49,False,22,38.22073536122568,148
18,False,16,33.30756351784569,116
31,False,22,10.099736857650932,67
42,False,19,37.060326928197526,145
18,False,20,28.232886855507694,84
12,False,2,11.693598174562444,73
56,False,16,38.13746377895584,161
27,False,3,11.776759944395527,49
32,False,6,18.040345455832853,95
16,False,21,13.126186440511654,53
54,False,10,2.6818468831672284,70
26,False,1,29.643872259592463,138
33,False,1,24.184005868679307,115
35,False,13,13.502899444492009,65
48,False,18,34.07238767429361,141
32,False,8,25.121439488089976,120
9,False,19,28.717389930322053,97
53,False,19,11.18553800703071,91
50,False,19,14.448660114467414,100
58,False,0,20.02391634373025,111
59,False,0,12.479128579515477,107
11,False,21,14.265819738568158,55
54,False,1,17.20872106243293,64
10,True,23,16.43316425552461,60
45,False,13,30.03292932024303,134
6,False,12,35.910869605282706,122
44,False,20,36.82374230101632,135
31,False,22,39.453132965393145,133
36,False,18,19.319192080419768,102
14,False,5,1.3170603383004302,47
31,False,9,11.419130244407798,79
9,False,3,3.167885608176327,22
60,False,12,31.034085078241564,154
28,False,21,5.185763327572106,50
20,False,19,28.7497279882126,87
20,True,1,18.568134761604448,66
22,False,20,6.805405641833282,66
36,False,14,14.423791850693338,70
57,True,8,7.734836087553599,89
30,False,19,28.36036207021121,109
57,False,9,22.56119385479129,139
52,False,8,2.7258099952279173,71
53,False,21,4.748474377793913,58
47,False,19,34.88549459702867,147
11,False,4,3.6714358399735607,34
57,False,17,2.7939927020302133,54
12,False,3,4.899075827416538,48
29,False,5,12.168519123505597,79
28,False,18,17.094781375236796,91
46,True,4,17.793340920548392,120
37,False,5,15.825795661041342,88
29,False,3,0.850160364398946,60
60,False,10,20.03963361972964,116
57,False,19,2.8874793425232497,65
39,False,6,36.93278688198136,139
12,False,3,36.297265238046776,112
19,False,2,18.281424181737105,71
34,False,9,33.09137504408861,121
41,False,7,39.891687060726085,128
51,False,23,39.841483582838045,156
18,False,0,12.93239541289224,74
55,True,4,38.557396114005705,157
26,False,22,23.8210285280727,95
17,False,22,36.682672476547225,111
15,False,6,36.2181511254058,117
54,False,19,3.2220007316147683,94
37,False,2,2.218961455444099,56
39,False,22,3.5728097260255427,53
35,True,21,4.951847593531521,59
43,False,3,12.229065143254772,83
39,False,16,8.37805884253343,79
60,False,2,17.19250416635396,106
13,False,19,22.812005621992785,79
18,False,18,31.618776785085664,90
31,False,16,1.4082711113606738,46
37,False,1,22.64912926185088,106
55,True,13,1.5172859278590844,67
12,False,22,31.495388961626578,112
36,False,22,16.259000873881863,82
46,False,4,33.25355376277691,153
40,False,10,31.97272399345927,115
38,False,21,29.108640412428205,119
52,True,8,7.2572813359825,59
54,False,2,29.77607535459872,160
36,True,14,36.02484297184468,130
43,False,11,34.49369366073629,138
40,False,23,38.26887440507026,149
20,False,18,34.78955540430767,113
36,False,21,11.85799930722072,66
47,False,15,14.885990692821505,75
30,False,13,18.127113075564665,74
27,False,2,18.816708264373563,109
15,False,1,39.99873883048202,138
21,False,1,24.305824048321032,101
44,False,3,25.64523711774982,111
20,True,11,3.130118443982325,34
53,False,0,25.83675052990298,115
25,False,1,32.558431266599825,126
32,False,1,20.471127264006604,97
49,False,2,36.80871362671007,166
36,False,8,4.383795206028085,66
30,False,10,7.472217292987695,72
34,False,17,6.351293083239716,57
30,True,10,34.91352049577066,110
59,False,22,6.629149285913662,70
46,False,20,19.351024742027608,93
21,False,7,8.228993857876102,51
26,False,3,5.469401855197472,64
24,True,1,20.420764333214247,75
59,False,5,39.44550342370189,170
52,False,8,32.375040614008746,145
28,True,5,25.149349804364988,98
47,False,22,37.94985015892936,157
36,False,2,30.089059463249697,125
56,True,4,30.31005170805124,153
50,False,15,19.875573201095428,111
15,False,9,21.78667595647897,106
49,False,10,30.390607776929752,133
35,False,17,25.88338985156832,102
56,False,22,0.4729646428144463,62
17,False,23,25.58020846600444,90
48,False,16,35.97290318334081,138
40,False,9,9.121639580823109,61
44,False,8,10.676758019903676,62
18,True,18,38.40576205765713,140
54,False,10,39.61357730083698,143
5,False,4,14.757688878257008,63
41,False,14,22.144457036170504,106
33,False,5,31.58734537407022,116
16,False,23,0.802784617297024,34
58,False,11,2.901592994155592,71
29,False,20,27.534633231632185,111
13,True,10,0.5782914609388529,28
25,False,1,19.82671514545916,102
43,False,8,25.846478914380096,124
59,False,15,4.527808636285663,77
34,False,6,35.30561939489604,123
36,False,10,16.633737115523466,87
35,False,8,12.12149911893586,79
7,False,8,37.61565697219932,105
31,True,15,9.797728557481705,55
57,False,18,30.187428144044205,135
30,False,2,27.09712862319718,86
45,False,8,22.12610356574673,114
22,False,21,37.840156369252426,132
24,False,6,1.7028805463532126,28
13,False,5,22.16398098665467,88
21,False,6,19.346915858432787,94
41,False,3,4.68760380975228,70
16,False,12,34.96276772694536,111
28,False,15,39.93485343791386,134
9,False,2,2.756738922608256,47
25,False,10,30.435763696728703,113
23,False,13,14.519823309733626,65
13,False,8,30.8264394616174,123
52,False,15,9.755812785574022,84
27,False,5,30.55141089354633,117
32,False,0,34.97457318783158,120
46,False,18,16.251864506075584,86
37,False,14,24.84792249881033,118
49,False,1,39.86495375883215,160
5,False,4,7.540373745133057,38
12,False,20,6.091806427958353,37
14,False,23,1.8372985918925864,21
52,True,7,18.88170597008229,85
15,False,16,13.57346275526206,61
60,True,23,22.857124350970885,130
45,False,2,20.79820949248565,88
18,False,17,11.752126159288824,71
52,False,7,9.362736510427156,95
14,False,5,36.81334707161463,125
47,True,23,17.01463125601593,86
17,True,20,33.13228300535876,105
37,False,2,28.445638009418005,122
42,False,2,3.1014518784424667,77
7,False,19,31.645286324037546,102
19,False,17,17.98588662372941,59
31,False,23,34.360852136073284,127
44,False,8,32.97359519613662,136
52,True,0,16.74023530516153,110
22,False,14,2.687221285187234,22
59,False,21,28.175112653425884,145
7,False,6,14.082905588943834,48
5,True,15,12.465224637456766,32
48,False,0,0.8530018648072055,64
24,False,9,38.5551281205151,149
44,False,3,37.44571500605273,140
19,False,12,19.355044224736705,68
52,False,12,11.338574707814944,75
44,False,3,9.17015251727045,56
27,False,2,26.88352013045043,90
51,False,22,19.9254586014194,103
45,False,7,26.31250249618775,109
60,True,3,4.991686510426318,75
22,False,14,26.92509895968498,118
43,False,16,39.45335317751909,157
15,False,2,20.575694070548888,89
39,True,2,37.32617979567977,142
17,False,4,3.698418763693339,51
9,False,9,21.807090043759214,68
52,False,19,19.42227429300905,104
18,False,6,3.782892157020884,36
32,False,22,16.528556184027085,81
8,False,16,1.4456557171039428,33
54,False,18,10.668876849164995,94
50,False,0,29.712817528673,140
47,False,20,11.694610407994569,87
43,False,18,3.1770588714772847,46
54,False,10,24.014363761133083,116
18,False,8,5.102239737310266,38
53,False,12,39.525010836146826,171
28,False,16,37.61014300836148,156
56,False,14,22.96513926070901,128
44,False,17,5.025658927235299,82
17,True,17,19.802330787860164,94
12,False,15,5.288751622363551,25
6,False,9,37.93160942390478,96
52,False,3,3.9411914337906575,51
17,False,2,11.904887953610864,70
5,False,17,12.996975891880687,53
45,False,7,21.67310046146676,126
30,True,9,13.262777546362509,63
42,False,12,17.722289037459284,104
40,False,18,35.59836853251871,144
10,False,10,33.45118205061286,105
33,False,17,6.769890702869351,64
28,False,6,5.784364979700106,52
52,True,22,33.428109393184315,139
43,False,7,19.12821890161281,114
33,False,14,35.973664026246226,127
53,False,16,10.452949841666964,74
59,True,10,19.29943540191472,105
34,False,11,27.88191039432626,100
45,False,4,12.6115538495636,82
41,False,17,14.417731424722117,85
23,False,14,18.867007881098534,83
11,False,21,13.376223746200193,52
47,True,21,23.247043396736142,118
35,False,19,25.03033456657746,109
33,False,22,24.33184347999521,113
8,False,14,11.268357598448413,63
55,False,13,27.88904103156509,137
29,False,19,19.153900742096457,94
36,False,5,13.80801594791421,73
21,False,4,1.8522897434269257,38
40,False,23,33.39467167969323,99
12,True,20,30.20272220590265,93
18,False,0,15.250310349536344,67
38,False,9,35.74644702045207,136
46,False,23,13.152341060556465,100
50,False,7,24.620495128136675,116
38,True,23,21.134595049742504,79
55,False,11,1.4633273023073012,45
37,False,4,3.568701175916192,51
22,False,1,25.332281045802063,108
35,False,21,33.43337434537027,110
16,False,4,1.1696816185938534,12
57,True,23,4.94720415442011,80
56,False,8,35.1656391424418,145
36,False,18,24.22203532061154,86
9,True,16,0.6261654421446416,37
57,False,17,28.18506438736577,139
52,False,10,36.83630436538873,166
37,False,11,18.746583118415536,75
25,True,0,3.103819967278272,42
53,True,17,29.148205606729665,130
14,True,4,31.63913434150325,112
11,False,21,37.35339146268834,99
23,True,2,6.046611236207707,52
15,False,2,9.149996074426769,65
43,False,8,0.8124827052518344,54
55,False,11,34.72154545359228,134
60,False,19,27.63157609037067,159
21,False,13,15.395358658192253,77
36,True,0,0.4484810086619208,48
45,False,1,30.266190293386355,144
15,False,5,28.887643716405112,101
12,False,13,30.514770001632687,101
33,False,9,9.846351568221008,65
39,False,17,8.890770864037659,71
40,False,0,8.342559269166506,64
52,False,15,17.759145890150066,102
57,True,12,20.993670889340404,128
22,True,10,1.264085414362562,37
20,False,15,4.574950038217874,49
49,False,20,29.60842388390938,127
6,False,9,2.9339259398279967,25
47,False,10,4.7806230531868765,81
41,False,8,39.80082138999643,157
19,False,18,29.038687478311232,118
11,True,15,36.45482999094264,134
47,False,4,30.769843662676465,133
37,False,14,30.49199213461215,104
59,False,3,36.72227823186815,146
46,False,22,37.96868382162525,152
45,True,18,15.829669983409394,100
19,True,22,21.51979668107705,94
31,False,7,0.1430597056547134,64
11,False,9,32.63266812521321,112
8,False,10,27.808687840153592,94
9,False,17,30.24307297130158,118
12,False,10,38.31065091332097,120
10,False,12,1.6735707649269165,15
50,False,5,23.322635115728765,121
35,False,0,27.461090091385447,122
41,False,2,16.006585757273445,99
44,False,22,2.7543692982903183,72
35,False,15,39.33216357932012,137
36,False,9,36.57152859480748,139
20,False,11,33.586509332373915,133
33,False,4,24.048228355608,112
38,False,5,25.56823145209064,111
22,False,12,11.6932484408161,47
7,False,8,1.238910226483091,28
34,True,0,5.436516772445426,52
8,False,18,6.292543179675143,29
34,False,23,3.759555405113119,49
29,False,18,35.16819226086243,134
58,False,9,4.50668802906356,82
59,True,16,22.204868892170687,116
11,False,2,19.571131507378645,56
41,False,8,13.578498212779795,89
12,False,19,24.187798264753315,93
60,False,3,7.041693566496198,65
51,False,1,35.99161667563019,138
47,False,3,22.535005817538256,114
48,False,13,0.8704494916848848,65
44,True,17,1.3883300315903802,49
55,False,19,10.28877009401674,69
38,False,0,12.207063242445418,90
8,False,8,39.18127882879864,134
11,False,8,37.4454211908185,111
19,False,21,5.940022485856126,40
60,False,0,8.061863882132725,77
25,False,23,39.08619353918574,130
18,False,23,30.808483108518203,104
36,False,16,39.62468166671121,154
22,False,8,39.48932866009944,121
6,True,10,16.929818290917552,63
23,False,13,10.400440035361216,61
27,False,3,29.902977253995846,96
7,False,16,9.05235592195671,35
51,False,17,29.988800037441298,119
28,False,1,39.9472689593942,143
23,False,20,29.4054584250309,113
53,False,15,34.75000651461133,159
8,False,23,23.694268845456527,62
8,False,13,8.771286222296405,52
29,False,0,16.689206802109144,77
55,False,21,32.17520936049914,139
34,False,20,11.885728658342591,71
17,True,17,11.39890492237348,45
31,False,17,22.347992197346468,104
58,False,23,39.8788208066246,159
60,False,19,32.97213470051885,148
29,False,11,17.140885781766908,81
19,False,19,27.44922723283324,103
55,False,4,38.48652191711757,157
19,False,20,8.059258698641596,57
49,False,14,7.350947500117089,79
44,True,20,9.38489471393777,70
56,False,1,32.28659329357169,154
40,False,2,37.9213396386936,132
59,True,4,23.39058088330473,111
30,False,3,15.89300238139116,67
28,False,7,20.035095691417435,87
9,False,2,1.36502532349018,23
8,False,20,36.255135030436456,104
8,False,6,30.703529235010635,96
52,False,1,25.71237569198169,119
60,False,12,2.9468339905693104,74
24,False,14,18.870492790498663,93
50,True,12,31.504878650334568,155
25,True,11,25.270364877382537,95
22,False,13,34.6649589201005,110
16,False,22,35.564601329810515,126
24,False,9,29.756504991001595,109
18,False,16,29.723224247595184,106
22,False,8,15.652724290790488,60
25,True,0,15.14716577556328,68
26,False,1,34.40381692853341,143
43,False,9,9.041211149829769,58
54,False,15,26.1421366210234,128
23,False,11,30.53362793858699,101
44,False,17,35.54395777168028,137
8,False,13,25.30372662867121,86
24,False,17,35.6198529696596,135
28,False,6,10.413918108175706,45
11,False,12,27.233195591707315,103
55,True,5,5.332952948152851,69
37,False,16,27.78042114033829,113
40,False,22,28.60871607507768,154
51,False,1,34.493919918995346,154
21,True,21,14.115762275623863,87
50,False,22,30.72960497935218,130
34,False,16,8.976344331818163,74
44,False,10,1.609625705630915,57
21,False,13,37.42502833932461,132
20,False,16,33.93683644004204,129
32,False,17,6.521404838842567,53
44,False,21,35.65077192280509,137
5,False,11,28.541849591791514,81
36,False,3,10.869037096805178,77
52,False,17,10.118515477390757,92
38,False,9,34.14930348412776,165
30,False,20,17.319648819982113,96
24,False,23,31.097789580234384,107
52,False,17,22.68606539391975,110
24,False,22,15.850304134942933,87
20,True,5,36.92880511415769,143
51,False,8,26.628806608004577,124
44,False,12,19.85900533819383,83
44,False,8,8.539064041562092,85
56,False,4,9.76420230762119,74
55,False,10,36.30034747472139,161
43,True,3,20.182707306894688,86
42,True,15,32.36739477299337,135
18,False,3,3.146585313763208,13
30,False,23,21.12268604217004,107
37,True,3,31.60581117653976,152
35,False,4,8.180072089417106,73
38,False,19,29.58803919022937,130
17,False,6,35.14270118452274,123
22,False,11,24.09858267968692,94
38,False,9,25.264284706267706,110
48,False,17,27.07038322862453,118
40,False,18,34.2902097817904,146
19,False,9,4.904605958374256,31
44,False,0,4.240267093230727,54
55,False,9,36.90412347158359,163
14,False,17,28.63189932574973,123
54,False,17,21.20242531988149,123
43,True,19,12.366954385921314,89
25,False,9,21.491003006019977,81
54,False,20,13.100666355964064,101
13,True,15,12.91064263693273,55
19,False,21,33.04849449486479,111
27,False,20,36.95163877471035,118
55,False,5,32.28366686819562,137
49,False,1,24.172862949968017,104
30,False,11,3.548044553086376,42
10,False,9,2.637022608204219,23
44,False,4,14.041839175485384,92
48,False,8,20.63061316001971,113
8,False,2,25.002645744459937,90
6,False,13,32.13621195489307,79
53,False,12,4.811253487133421,61
35,False,9,34.63068875601097,130
53,False,0,9.191554770742211,90
40,True,2,21.957620778818363,114
9,False,18,34.309716545509595,114
34,False,21,13.788726453019112,91
35,False,8,23.35478109709275,109
60,False,21,33.671088617465976,157
46,False,6,26.48589132674048,129
7,False,12,27.17780302110309,116
29,False,10,1.161228590642979,39
39,False,13,28.295727595033245,118
40,False,9,26.503609351471656,118
21,False,10,21.73822946109051,81
50,False,7,39.713345614354445,146
39,False,5,17.35558427269332,108
58,True,17,23.93682853560696,127
51,False,12,39.82441345178528,153
33,True,22,14.642117301606373,79
12,False,21,16.46783839322391,79
52,False,8,24.62951194561616,128
31,True,13,11.25683257696529,53
42,False,15,10.24863145376454,91
44,False,7,32.21270740540684,137
47,False,21,9.86497460969663,78
31,False,7,5.714438939519066,59
10,False,16,7.971371626720268,68
34,False,15,25.42847122321278,103
34,False,11,18.300936038203368,88
30,False,20,34.084488555613724,137
42,True,15,22.194014402201176,114
51,False,1,34.45478750345322,144
18,False,1,5.857658260511406,46
16,False,1,36.52654961656104,127
41,False,4,17.016576077703203,96
22,False,14,15.737119045906264,69
54,False,6,14.112314606940728,95
53,False,3,13.956222539282708,91
19,False,8,39.21449675618249,135
15,False,1,14.20311915237081,78
19,False,18,31.09424511146648,112
22,False,18,31.29235357299572,118
24,False,6,13.297038864713048,57
19,False,8,36.92586771332822,145
59,False,17,12.367334333623738,99
13,False,3,15.799350459988808,86
30,False,5,35.774528031099834,131
43,False,5,29.402399905072084,129
59,False,5,9.255947803931356,104
49,True,18,31.29530527678923,139
34,False,10,32.89650117473512,145
56,False,10,26.26437447106182,124
23,True,22,0.808032491866093,22
27,False,4,9.373958084655852,63
35,False,3,27.09479458511147,103
12,False,12,16.816316435047703,55
37,False,9,21.44658579921721,88
37,False,20,4.76916040404567,53
22,False,15,10.669419790094445,61
27,False,21,22.98618545931988,102
19,False,1,38.86568306480103,124
53,False,5,13.635546596376903,94
53,True,5,8.356908701047473,70
6,False,6,38.663054930518285,122
21,False,9,36.2700105712148,113
8,False,16,39.3161648797901,132
24,False,12,17.413506691477746,85
31,False,11,19.652805562627936,80
16,False,12,3.951338757035823,37
41,True,19,32.64490133259143,117
45,False,5,39.67736518661641,156
27,True,4,33.73597911927314,136
38,True,18,16.80825171938913,92
18,True,14,26.731651651150443,98
29,False,1,20.086024378521312,85
5,False,20,1.1296399434826505,29
7,False,12,36.298484101236994,121
12,False,0,29.08425152674499,97
30,False,19,18.8362463652812,96
49,False,11,28.32598453366948,128
56,False,5,34.38787859681281,149
32,False,10,22.16756314902557,90
30,False,6,3.6653479760243823,47
45,False,12,27.33599772533856,132
43,False,6,7.2556856813961295,73
39,False,14,12.35405430036246,81
33,True,0,34.97974459725723,127
25,False,1,16.32864783985103,91
36,False,14,21.971615583985344,119
43,False,12,22.59049585666497,120
47,False,8,12.789359881817088,77
34,False,6,12.8933095877654,63
27,False,14,24.83508806687495,106
44,False,21,28.082399583601536,131
8,False,11,31.21190811724436,96
48,False,16,27.352463823053583,120
20,False,1,21.288701868429943,82
11,False,20,10.214004837964966,69
40,False,9,10.493395146144158,70
59,False,22,9.679206825631706,86
23,False,3,12.757935248476327,57
54,False,13,20.52161257002897,101
41,False,2,39.99231416613497,169
21,True,21,24.0987257809944,99
27,False,11,31.13092139560176,116
44,False,7,24.282880166246603,98
40,False,5,2.5163574062475926,46
53,False,2,39.74242470121702,170
43,False,14,28.929317961746627,121
54,False,0,26.54102392171553,131
36,False,7,37.77597051508929,126
55,False,17,14.005557542788452,102
59,False,23,15.84451929823904,103
10,False,15,1.7369278662582297,24
36,False,8,39.81101351479834,129
60,False,0,38.60983296261477,176
21,False,4,10.422669182371903,70
58,False,19,37.97439333126151,168
13,False,12,34.03862769555967,131
22,False,21,27.443380056585948,87
59,False,16,3.747443561342368,56
42,False,14,5.86574266493373,64
54,False,20,17.1010804044863,120
14,False,14,6.619589996468498,47
16,False,18,15.897139076362537,50
32,False,0,35.7897788322796,139
27,False,23,13.830898574171815,65
30,False,21,35.1584018096433,127
20,False,12,11.20527471966613,82
35,False,11,10.583876280733302,73
46,False,9,1.6756522086190446,61
13,False,14,11.014248923854876,65
57,False,15,29.69646989835572,141
57,False,14,21.059517705801376,120
7,False,11,16.986584777959763,66
24,True,23,16.32722120328627,94
28,True,19,25.18288403249516,99
14,False,0,19.87005395507969,62
51,False,22,33.45402790711264,130
24,False,6,2.602211297254794,35
24,False,20,36.3594545678425,132
60,False,1,36.14086482919711,177
40,False,5,12.889401369019046,70
34,True,8,7.236271636686258,67
7,False,3,39.902093331937856,115
34,False,17,39.80825226178312,137
12,False,9,29.625373526094595,120
8,False,6,23.75165342915948,78
59,False,1,14.457615694683374,120
21,False,1,36.52365426222154,133
59,False,3,23.023873595987418,131
14,False,12,0.4997921792059114,10
10,False,21,29.16735683383811,95
55,False,11,32.65912593885461,140
36,False,15,13.181373681363285,67
36,False,0,31.105921020526484,132
31,False,12,30.99004147651569,108
56,True,2,8.58894626182814,67
59,False,16,2.028248498640508,63
52,False,18,0.1239569044913232,46
51,False,10,19.65237106072105,93
58,False,21,14.19608651344816,113
24,False,16,13.68085204338423,59
36,False,6,2.898347458676454,51
9,False,22,39.252725157203976,124
47,False,7,36.07645203904843,155
25,True,0,2.014221741446798,29
53,False,12,1.7143397711046005,58
58,False,7,23.65149890686993,123
43,False,3,14.796662730793456,94
54,False,20,31.00138159242149,125
54,False,10,19.337412403316005,113
40,False,11,30.06411362590981,146
60,False,21,39.47839356141714,157
39,False,21,19.147066510284063,91
56,False,8,4.197483710107845,67
14,False,16,38.98843658111301,105
6,False,8,21.82256471068356,75
11,False,5,29.67406078328669,116
60,False,19,33.3486602773647,170
60,False,11,31.135071854715047,152
38,False,22,29.26003210359901,106
60,False,16,29.0076588842782,143
14,False,14,11.442222253983738,51
45,False,22,12.871984650657536,84
15,False,19,1.54231199703098,26
60,False,23,13.390848689635508,103
12,False,9,22.92467829175283,85
28,False,15,20.98507590632633,85
46,False,10,30.244305614104697,124
56,False,9,15.391015464962477,97
60,False,21,5.14198634326899,75
31,False,3,29.45030846563945,110
12,False,7,5.528036164634759,53
52,False,0,3.223504269713181,55
26,True,17,2.272468974791582,38
54,False,15,3.814575590216464,60
42,False,1,32.594566201669245,140
27,False,0,4.083744408673452,52
11,True,18,31.91044597646957,104
57,True,4,31.70612089003184,145
43,False,2,38.962655401635054,137
38,False,5,36.62317021815946,130
11,False,10,14.607456989405046,51
25,False,5,28.67500110703497,110
48,True,13,33.20932689204943,113
34,False,19,27.966222544563205,112
28,False,0,16.72253199439342,75
17,False,20,10.668352039579815,37
30,False,2,14.530727471205378,77
46,False,14,17.8472955181406,119
41,True,0,2.549475265819288,51
26,False,5,23.801039456363448,95
47,False,16,10.095287151284843,102
60,False,14,3.2474711877162568,79
21,False,11,1.296047330762663,36
59,False,10,15.143756060362742,103
34,False,20,0.933687805476693,47
56,True,10,35.20357235816079,155
11,False,18,36.75429309245246,98
6,False,18,36.07698282518144,98
50,False,14,22.94774401306847,102
28,False,17,34.70227066780162,121
8,False,18,25.038087672013862,82
54,False,0,28.41358764416673,122
50,True,11,31.88386771978125,145
32,False,14,39.07510599159296,138
21,False,9,2.902063978222145,32
24,False,13,25.41033131452245,87
13,False,13,20.631014239097308,60
32,False,17,31.62529174222337,121
21,True,21,26.105477311303463,107
55,True,17,10.501194510309896,83
50,False,2,22.20243520253132,126
8,False,5,33.31617132594355,101
13,False,9,26.56942833228011,70
32,False,2,12.215785475005656,85
37,False,21,2.3447431655898545,52
32,False,14,6.3118241515743465,50
32,False,17,6.592288961703697,38
19,False,20,3.4816684042181434,45
51,True,16,12.980639840885896,94
17,False,13,32.454603874197545,113
36,False,15,30.437695320531223,121
27,False,10,6.138306249060887,41
41,False,1,7.341987001774818,79
11,False,7,17.30760382989441,60
11,False,23,32.86859067215123,108
30,False,8,29.27017128587209,105
40,False,14,33.05032529507831,130
15,False,3,37.540843694067945,109
47,False,19,39.02517466307313,158
21,False,21,12.45020974066806,52
44,True,12,17.189137657600284,108
26,False,16,39.52947942832307,128
6,False,14,22.85519619318789,82
57,False,9,34.49085895686196,156
12,False,21,32.06170228326541,102
55,False,10,23.563593340131607,108
39,True,13,7.094163299837144,77
5,False,5,2.9951388097692733,11
38,False,13,15.735866485580248,59
34,False,2,2.2041865449993443,50
7,False,20,16.18106502366469,68
8,True,5,19.296207266609308,70
13,True,4,32.08596173655797,111
9,False,21,16.533842094677702,67
11,False,6,35.435854088252725,109
40,False,12,10.19091452911734,75
11,True,19,24.617701240552616,70
22,False,4,25.525360119848138,104
39,False,21,27.7391881685864,116
18,False,8,7.171964989862743,70
39,False,0,25.333433343877207,119
29,False,7,23.582679340351703,77
47,False,11,4.36486098744471,47
29,False,20,20.16946310961261,98
56,True,17,31.03284829112432,137
26,False,7,6.920711808599227,43
15,False,6,22.11943074165961,97
31,False,19,21.84665894567996,83
10,False,0,14.95506861123488,58
51,False,16,36.58591094706647,148
22,False,0,7.069329943450478,43
46,False,19,14.208192619150823,96
24,False,7,30.810491865005247,111
18,True,10,9.115506177725566,29
13,False,0,20.316008636676443,82
29,False,11,33.959036252818194,95
8,False,19,39.87482932662564,133
46,True,20,36.218896743906114,146
10,False,5,25.226172858002133,94
14,True,17,13.45848999843043,62
20,False,8,30.884592639258784,103
22,False,3,31.40231263136398,99
12,False,22,24.665638909413648,97
48,False,23,2.46428209502002,61
18,False,11,29.955907875421417,96
42,False,21,16.366170232302057,105
6,False,3,30.91239048553013,106
37,False,6,37.484489979922046,139
43,False,9,0.3100858176783536,63
31,False,18,35.234341444105084,153
24,False,4,16.29379439466052,84
56,False,20,8.197880057100143,83
24,False,9,32.91169803435647,121
57,False,21,19.223980471083,97
21,False,13,30.70057375321369,115
26,False,11,7.1414244972342615,59
43,False,4,18.45247992517745,76
42,False,16,17.352020436569926,86
10,False,23,2.351298700803756,21
45,False,22,13.53920887146429,90
53,False,2,27.283075907197126,132
51,False,12,36.3874637438649,134
24,False,11,14.133844024628567,81
22,False,4,14.258074676449576,81
17,True,3,28.743127776167835,106
10,False,11,14.986692396327475,57
37,False,21,29.07558785858913,135
37,False,19,19.95422456299893,79
24,False,10,15.78135679525245,61
58,False,16,13.525157673637748,91
13,False,0,29.77788795653484,112
6,False,15,38.72696381615199,100
28,False,22,22.56659002868257,86
30,False,9,21.11319093221674,91
45,False,18,24.605863442789875,120
9,False,23,39.47495066383999,100
19,False,15,31.49840122922099,117
8,False,6,38.34681000155832,116
10,True,12,7.588882868626525,54
19,True,11,26.59714353394799,98
59,False,0,12.407053799740392,99
42,False,8,7.992808060611184,71
12,False,21,30.749610633838333,120
10,False,0,9.747714490049786,70
11,False,15,8.638305623919711,43
16,False,15,25.95411378714624,93
44,False,6,12.967860808598498,83
59,False,17,26.35464596068984,153
26,False,6,35.44047440382312,121
22,False,1,29.9514784539709,116
53,False,19,19.89789202582977,126
12,False,11,26.058386095857312,101
43,True,22,31.49609831403732,149
44,False,3,32.09374921416342,144
57,False,20,10.92044434360262,107
52,False,12,2.740359207036618,63
7,True,20,8.69023663079207,76
32,False,3,31.31378333948503,140
35,False,17,9.09402565421767,65
33,False,17,31.72029208581552,120
36,False,7,36.136756553019175,141
6,False,21,0.6957118029839432,32
22,False,7,36.94851307029017,132
48,False,12,17.777649312423687,109
6,False,14,2.821316176206125,25
23,False,0,12.631733277222688,73
54,False,7,11.75353886481626,93
9,False,2,18.5549496247441,70
5,False,10,24.49190126059224,81
13,False,16,27.79123683974705,78
25,False,12,6.054745701581343,35
5,True,3,9.095108492019715,56
30,False,1,0.547552766656819,51
31,True,13,34.093128839768845,137
36,False,19,27.228845345281016,106
32,False,5,13.948224958516231,85
56,True,20,21.79188945439715,125
49,False,15,20.872144510102103,108
34,True,3,35.877576898354086,119
53,False,14,37.28820556732276,152
21,False,11,7.043887639605894,51
39,False,3,5.747018371377453,73
11,False,19,3.814544409596021,24
19,False,19,19.1897672439169,83
10,False,14,19.81230067582828,90
31,False,18,21.635599361206857,85
42,True,11,16.183470642491464,98
5,False,16,27.34145335406517,91
41,False,16,34.21015896509978,121
46,False,15,4.527200638292545,64
7,False,15,5.441696082010405,35
54,False,7,25.523618271620567,112
8,False,23,0.2381152388897943,31
45,False,0,32.30144474576624,140
14,False,19,21.713443087608205,76
14,False,23,9.588324500756311,51
13,False,1,0.1102852386794227,23
24,False,23,20.54044390627365,83
15,False,16,25.078776754911114,71
42,False,10,17.910271408507,75
34,False,9,20.125343515565262,102
19,False,17,26.63695719291379,131
25,False,10,31.7110745187248,132
24,True,3,17.63743573461491,89
54,False,15,23.354358407649432,139
49,False,0,33.13414248066857,147
48,False,19,14.213022592032171,101
25,False,7,36.25321672646962,119
31,False,2,31.39745815316964,115
51,False,1,27.279056906834096,114
27,True,17,0.6189852109170567,48
9,False,15,35.64150183231975,129
32,False,2,22.657005387637486,97
10,False,0,16.695174040181993,55
36,False,18,37.79325924191624,132
37,False,15,3.529953140042442,52
13,False,0,39.9948937789657,130
36,False,14,8.871389788701459,76
33,False,3,6.876240744433754,78
50,False,19,11.709660553050902,73
16,False,5,33.37001760622071,114
12,False,23,19.76916866474407,77
55,False,15,35.47574913911604,165
8,False,2,19.05775508290917,65
55,True,8,1.2539308647157474,68
38,False,5,0.7485142315662585,52
57,False,5,14.206029441576986,83
23,False,18,3.0982566972974745,26
30,True,2,0.6596512472630456,26
37,False,10,4.230946968701407,43
23,False,13,32.533875424292965,112
39,False,23,24.883221694848743,104
20,False,5,32.8364596257641,122
37,False,21,27.58408453902777,125
35,False,10,10.24937708376772,54
49,False,10,36.0943576587878,127
44,True,19,14.475267117395346,83
38,False,10,2.874739177251856,48
54,False,16,34.70103298728913,132
18,False,22,27.19344026106077,101
46,False,8,23.219593837024505,109
34,False,1,36.82653200046828,124
54,False,1,19.85740600675612,129
16,False,16,11.379450002274089,64
9,False,21,26.726321448326978,83
44,False,14,13.98553174873174,104
8,False,21,18.85771079490508,67
20,False,13,35.68321418994253,129
23,False,8,39.34227188550912,124
7,False,8,7.141648121513332,40
8,False,4,6.860158303579524,66
46,False,10,2.270914003822332,76
36,True,7,36.21429566655537,154
34,False,16,6.448021040278704,47
28,True,21,2.5141125882362694,57
50,False,18,8.40560069500833,99
34,False,1,22.34421480888608,99
28,False,22,0.7333047044611949,49
15,False,17,33.05797677493379,101
19,False,2,35.08719737433952,123
34,False,0,2.514716970570324,54
46,False,23,19.70149704661085,88
28,False,14,7.411145298168908,61
57,False,18,18.872605176385704,113
13,False,6,3.225386344064108,28
49,False,22,36.225126522169056,162
22,False,8,5.271942980396022,59
59,True,11,8.487608708157104,96
7,False,23,27.124865547003346,87
34,False,15,10.06721844659896,70
11,False,1,36.48660725967805,129
32,False,7,38.058741641799614,144
47,False,5,28.46034396293201,138
46,True,7,31.14919032942685,134
58,False,0,28.93285504915884,121
39,False,4,5.170303560201632,56
42,False,22,25.025000275219785,110
28,False,10,5.966797361833603,54
39,False,20,17.003416728683433,87
22,False,9,4.866355671978981,59
25,False,4,4.635647097567377,64
30,False,18,22.2769173100212,98
25,True,19,11.24240494717595,61
28,False,16,27.25110399030753,117
55,False,5,38.00724475840273,133
55,False,16,16.330499330375613,85
28,False,8,26.71893552916928,108
38,False,23,14.602514191374434,82
17,False,1,4.5431059797331415,17
33,False,23,0.5882052080626611,59
17,True,17,14.448536369843351,60
36,False,21,12.48110416692693,71
39,False,8,12.493653483214771,84
16,False,2,3.118037483653916,38
30,False,20,27.693265709375595,106
20,False,0,33.889673766783055,106
6,False,8,9.90752161423386,52
22,False,11,34.448440076306014,120
30,False,12,19.52257888163137,87
54,False,21,37.38099047279858,154
35,True,19,3.187414175807272,59
38,False,4,24.71196819138233,119
8,False,11,22.11609559922561,80
45,False,13,31.674135616485,142
39,False,22,29.30095467060181,124
20,False,7,36.48763083384144,135
36,False,9,16.950192253306053,85
19,False,19,16.567857002536154,76
16,False,13,16.462656685649854,85
50,False,11,0.5290300893232345,50
8,False,9,1.3627047745882366,34
15,False,0,30.79479337035369,115
19,False,8,22.622308823834977,91
16,False,0,27.365051604776006,94
6,False,8,37.04602092899842,114
22,False,4,38.55914787049997,158
53,False,14,35.316466082242925,147
38,True,1,17.968067954956876,101
16,False,11,18.22506906562509,76
38,False,17,15.661233500850589,96
21,False,7,12.026623785202313,68
14,False,7,4.656127116617701,24
45,False,20,36.14745356343622,142
22,False,5,8.616095437420844,54
14,False,19,23.886683007413698,93
55,False,0,26.45422125245272,127
40,False,23,35.386522308306965,139
36,False,1,38.107692425553616,143
55,False,13,11.712283528924974,86
21,False,22,35.05843036629831,132
41,False,17,28.167100199959595,125
47,False,2,21.15138090009735,103
11,False,19,25.58733175561036,80
6,True,3,31.94489550356436,120
29,False,12,13.115767535489596,74
6,False,22,38.32720591404895,127
11,False,6,27.415189166292823,72
52,False,2,2.580126863226644,70
51,False,5,9.7254719917559,96
8,False,21,20.803807190491646,66
30,False,8,14.35199571797952,69
19,False,23,30.97924319013693,123
6,False,3,37.10450220540691,101
50,False,0,10.374018255654578,85
28,False,3,24.639741548151594,101
21,False,23,31.40838627929276,112
37,False,9,26.839804648076427,106
31,False,8,18.209927718170345,86
15,False,20,25.95050417938112,102
5,False,20,8.092617363368452,53
6,False,12,4.988336198424734,49
18,False,19,29.578546182761155,86
26,False,6,16.551159874738556,91
32,True,11,27.40454879870628,102
7,False,9,35.13787421974499,115
35,False,5,36.32485296475615,121
47,False,23,12.872485673946173,93
46,False,0,15.459364609125071,85
34,False,2,39.00232860278321,138
38,False,15,29.68283568033991,120
39,False,9,29.668115271647785,110
5,False,9,19.052305272227688,94
26,False,3,12.023553895153558,71
30,False,18,7.498682773763575,60
16,False,20,5.327795197671711,52
56,False,8,6.457119141027533,69
50,True,13,19.129115463376767,111
13,False,3,11.510591060195852,72
8,False,0,32.077379288997115,113
13,False,18,39.05129425277307,125
19,False,7,6.460889660845851,40
31,False,13,16.812881216633347,70
47,False,7,7.834616984574608,69
48,False,3,25.37719355591572,123
5,False,0,13.264438658365078,51
44,False,3,29.81052577318439,121
30,True,1,4.439088761346737,57
30,False,7,33.262910660284604,109
48,True,18,30.28140373454622,122
37,False,6,36.166201936631765,127
56,False,19,7.462992090145026,82
47,False,0,6.376299511170203,56
46,True,16,17.657507302764397,109
46,True,10,19.77827883552659,126
48,True,14,2.684875956452951,77
13,True,8,5.260430023589131,48
35,True,22,14.877973006368034,96
39,True,22,37.48477612975089,149
18,True,10,39.58845649198456,126
33,False,22,28.874547558424474,107
6,False,1,35.387581538320184,114
17,False,6,17.502789263089113,84
26,False,15,20.752925190750364,103
35,False,5,33.9961791109695,121
39,True,23,14.369287629193764,89
48,False,9,21.621578360130503,121
18,False,13,13.09477510396242,78
28,False,13,8.997983398807524,65
10,False,21,26.28474501984415,81
34,False,3,16.281477250866896,80
15,False,21,7.4478547689349295,28
16,True,22,9.715479191360274,66
24,False,6,13.262777279827183,54
11,False,10,7.286925838486306,49
28,False,16,18.97530435561707,87
25,False,11,21.81322810606028,105
9,False,9,1.0212748695738922,19
31,False,3,23.76653978377092,102
26,False,9,38.29009581765878,128
17,False,9,29.0141133256859,119
21,False,5,12.127543719353564,58
55,True,7,17.88377262866848,100
19,False,18,28.43654907633544,107
56,False,8,9.04821660641188,64
29,False,15,39.15127207944204,151
6,False,12,39.834379316214616,136
25,False,4,1.9760474541092323,42
13,False,13,36.40311843518905,111
53,False,18,18.48069910293001,118
36,False,21,2.130143289715732,50
40,False,1,28.34032135758372,129
14,False,16,6.119767270386122,37
34,False,14,6.712170464069379,61
29,False,3,39.610661743064064,162
14,True,12,25.7190197722002,95
45,False,9,23.38152700446172,128
29,False,18,37.05400920784939,128
34,False,20,39.04000426002713,124
38,False,10,18.76539982661846,98
56,False,15,10.258701907198056,95
30,True,23,18.066563302883885,88
51,False,8,6.535865520304371,56
30,False,15,7.7079788352044,59
19,False,22,38.325947785301935,137
58,True,10,7.842647505003472,70
32,False,21,29.927195507866145,117
39,False,19,2.0059695021675794,68
57,False,14,28.65865904050016,138
24,False,6,3.458139831300548,34
59,False,13,2.109168538647172,92
17,False,8,28.000601631738235,99
29,False,1,24.824932064595785,94
23,False,14,30.693032613240405,108
5,True,6,37.14437848740857,124
42,False,2,11.768871776907025,71
31,False,5,9.894171588233888,85
23,False,7,4.481582879926058,57
37,True,15,20.61123852933315,120
12,True,13,22.142822024361543,97
7,False,20,27.05502986248494,90
32,True,14,2.611552949524244,53
52,False,1,13.4057075367794,84
37,False,7,16.694838699689175,99
51,False,16,37.38577633011586,157
56,False,5,8.74281251016896,92
15,False,23,24.776212991011555,98
56,False,12,31.62196301542953,155
52,False,12,26.369181628617504,136
6,False,7,5.377791665946316,38
27,True,7,13.431567276391926,84
13,True,17,7.42782485320977,68
29,False,22,39.51255516600719,125
52,False,9,36.81632216927186,149
37,False,1,29.33691641027369,125
21,False,17,34.294427496763696,101
41,False,4,36.72326328056755,133
55,False,3,10.735000756456763,90
16,False,22,7.139820126090375,42
8,False,5,22.925729771119304,76
10,True,1,39.03486177902777,134
28,True,3,9.958064787344068,50
44,False,1,26.060377523471725,104
39,False,11,25.711956322124387,121
13,False,16,15.84955010333519,69
32,False,2,6.392843065504433,44
5,False,13,21.925587206452427,82
13,False,15,5.8136996992789545,41
35,False,23,17.113931965492526,104
18,False,2,35.1590948671909,122
14,False,12,33.848177458716165,113
56,False,11,3.529912515624046,76
60,True,23,34.60711193445315,140
57,False,9,24.68146484254994,124
9,False,22,31.962617203321592,110
35,False,0,36.37050089235344,150
51,False,9,1.7024743151193864,53
36,False,11,10.836547296144976,54
33,False,3,2.472029390735391,61
9,False,6,6.314360050954947,44
49,False,10,16.250220506966585,101
32,False,1,0.6579070768399828,59
58,False,13,24.586075938967603,125
10,False,22,2.309204912521224,27
15,False,16,18.98854817956652,76
57,False,6,23.028526196005608,124
54,False,22,19.71538357833637,116
19,False,14,3.7185009737608623,58
20,False,1,25.42426667019419,88
40,False,23,9.310409892924453,70
38,False,22,19.11022682388136,85
15,False,22,31.342123157158262,107
25,True,4,12.727926759666962,88
28,False,6,16.71596063086325,69
47,False,0,5.866532968652682,74
22,False,20,17.49942019941517,91
57,False,22,14.949283293976912,128
42,False,16,39.3536453720261,135
32,False,0,18.19699141481064,87
17,False,15,5.193689552682572,55
17,False,6,3.2420350117019634,40
9,False,7,20.10427014568478,69
43,False,18,8.06616368514115,90
16,False,18,12.331362562836649,82
5,False,19,23.612631336979085,69
15,False,2,32.94132359057466,106
53,False,7,37.560219756991145,154
57,False,19,28.92342382486004,142
35,False,0,16.404584928794307,85
19,False,6,19.32314700872769,92
27,False,23,10.869197628537924,52
16,False,0,14.910582124609457,58
34,False,6,24.784127677082303,89
45,False,6,13.103804754042049,87
60,False,3,18.51085446814483,133
56,True,9,35.00963970186,133
60,True,0,17.84483280849698,94
41,False,14,2.154435253859589,45
48,False,5,24.66062533258612,117
52,False,19,37.69849294457873,168
38,True,20,10.931721463438262,88
18,False,2,11.56318881607773,85
47,False,18,11.79128632469906,86
34,False,5,32.27459916315761,129
56,False,18,26.08492963673233,137
38,False,0,5.037852541263967,48
6,False,5,36.41932377916723,105
31,False,13,12.65237085214396,63
39,False,2,37.94527188746939,136
38,True,2,15.03548791416238,112
53,False,17,13.055285405382424,94
50,False,21,26.58412128502728,125
17,False,22,36.46824641840614,130
14,False,6,24.32773103017708,105
57,False,7,26.334095995718,139
55,False,13,33.569711572277065,146
45,False,2,18.560679472213245,100
26,False,13,9.854613674874404,62
28,False,10,1.711983085474624,27
9,False,5,26.232268818179143,85
41,True,21,16.263289293586034,80
18,False,16,30.44735119433213,96
18,False,22,5.544664809290428,38
5,False,5,22.75475904315491,88
16,False,4,8.572010347349137,36
52,False,17,8.509115313097185,72
51,False,9,25.10486429138826,89
11,False,2,25.820618518644284,82
17,False,9,0.859384473730426,20
48,False,12,9.1667784296958,95
47,False,20,26.238330698783454,123
44,False,5,5.00756120641145,76
47,True,7,34.004495087506115,157
18,False,18,26.187144203463227,94
50,False,8,35.24936982402097,161
19,False,8,11.116581982453312,70
14,False,23,22.373340031812383,85
50,False,10,35.33492644693637,132
39,False,10,0.905462928426914,63
8,True,12,19.980549686696545,74
59,False,21,21.38807266271576,123
24,False,19,25.68809188609924,106
60,False,9,37.7734407254106,153
47,True,2,5.8402648291109225,93
53,False,8,18.36082174119356,90
9,False,14,35.28052573649802,131
51,False,20,37.185497646226665,152
21,False,6,21.09450453698829,108
35,False,15,21.251734324184017,89
15,False,6,15.798890946959068,70
49,False,15,11.712770403208935,80
58,False,13,7.973740998910562,107
55,False,13,28.623766143572706,129
24,False,13,5.203642428040005,50
59,False,20,38.5445980352224,174
17,False,9,34.86831600266225,123
49,False,14,22.764691983423585,115
37,False,0,10.217215105692778,79
48,False,13,6.292442204029483,81
36,False,8,18.722419668946127,95
47,False,20,29.290838022110364,134
54,False,21,39.359189198906016,150
9,False,19,29.999016731732944,101
23,True,14,28.66281123420664,103
60,False,19,26.58452502651035,134
29,False,23,27.58053231054137,98
30,False,2,3.473106813476788,29
13,False,17,36.61218377687107,113
20,True,0,6.595367796631586,39
28,False,7,13.096957474015817,76
28,False,2,33.899994719667234,121
34,False,17,21.98335931023729,101
7,True,12,30.1999991904114,97
42,False,9,28.17571593685941,105
32,False,1,3.654098177893986,53
11,False,0,32.36396370269731,111
57,False,18,25.381179984960312,126
29,False,9,23.854263120795856,98
31,False,4,3.637645434891204,63
27,False,4,38.977524258786026,126
15,True,20,0.9152804155990978,33
19,False,0,9.475458165808014,56
14,False,10,18.05906080904144,53
25,False,6,6.870686454824704,43
33,False,21,9.205960116265304,76
5,False,10,26.275097048621568,79
56,False,2,0.1529872585675629,67
39,True,18,16.25900701629133,96
14,False,12,32.850701309604155,130
54,False,11,7.027011234213979,88
25,False,21,21.655639393485124,92
8,True,14,33.83146573423175,122
56,False,19,32.347686367434726,144
8,False,8,17.05647233007579,65
54,True,1,10.115257688110498,99
12,False,5,6.093755608583382,65
10,False,0,13.996365816722998,54
54,False,18,16.603816345604866,106
41,False,10,3.120816140784518,67
33,False,2,1.5483896054705395,51
47,True,11,13.70670570153011,81
33,False,17,33.81822605169928,125
30,False,14,6.504512395095579,55
9,False,14,22.33301653933295,81
53,False,1,36.05654590336754,146
26,False,7,33.02038259215646,135
16,False,12,6.390350965868719,39
32,False,3,0.4263691795898413,41
38,False,20,8.538300904574943,67
49,False,19,8.58497313364729,64
17,False,14,11.269667783993452,68
56,False,12,6.749757488219806,80
53,False,18,35.32808650373847,162
52,False,4,7.882683639946484,75
44,False,12,29.79073362470476,117
11,False,2,37.87029643204243,105
42,False,4,2.687727599532625,46
49,False,23,13.924259979550554,87
20,False,18,18.005380143050097,95
13,True,23,35.8150366639934,106
24,False,5,32.25933121375289,128
29,False,10,27.35862737236984,93
21,False,11,39.26398910311429,131
56,False,22,10.844005808895066,76
50,False,18,5.159675342395033,84
42,False,23,3.8518082394769255,51
49,True,14,22.7246163199462,120
49,False,5,7.132178605164355,67
27,False,19,37.09898689928526,148
35,False,7,34.57761264106629,134
6,False,6,9.584447548107386,53
44,False,15,14.25861158036279,76
16,False,17,27.55401998020064,84
32,False,16,17.258155715322626,68
49,False,5,32.475273471351564,145
31,False,10,29.68901142354488,123
54,False,16,12.813240334021112,109
38,False,11,23.6438849226508,102
20,False,14,8.430541462653133,46
19,False,6,30.611751846212684,118
18,False,1,7.752908362525289,46
20,False,3,21.23960096345221,84
26,False,17,33.4181422097484,110
35,False,3,11.538730765882844,91
16,False,18,3.974225929936942,60
55,False,0,4.43390776203777,85
54,False,3,8.77957933445225,99
10,False,13,29.85177364799592,108
52,False,7,24.52550596862297,120
49,False,7,13.708338080263422,84
55,False,9,35.00294171712476,147
51,False,17,29.07766649286785,145
40,False,10,22.104025412177386,94
41,False,14,23.31704731769616,97
11,False,4,26.072610590589075,95
20,False,6,0.5490587684599318,38
36,False,22,29.60760713727853,131
45,False,5,39.60054892822092,166
48,False,0,6.912121202221784,69
11,False,3,9.614641508684713,45
42,False,4,11.455266774694822,96
48,False,22,18.628909077448103,111
33,True,16,29.48027572833437,98
6,False,14,9.238835259075008,38
36,False,22,21.87296088712436,103
10,False,15,19.117283135472974,76
53,False,1,30.60184138417088,122
51,False,1,26.0059485383333,120
36,False,0,36.9623470350984,143
60,False,15,14.41832319640891,122
25,False,18,11.975199547398583,87
19,False,15,10.036712603829178,72
6,False,10,1.2456959083684531,19
16,False,10,18.412049983288888,69
31,False,19,6.957575452298357,58
24,False,5,26.68624476567094,113
56,False,19,4.421120389772828,77
12,False,8,29.957493974889765,102
52,False,22,30.16163762569285,145
7,False,17,38.54319298423309,126
30,False,17,16.108193223823278,79
29,False,12,6.137070785043241,62
56,False,0,11.450476566442566,96
16,False,15,10.87746326113951,55
60,False,9,2.3426721783951634,53
19,True,13,9.212811521966046,58
47,False,13,8.129270438126696,90
19,False,15,5.5692077369301085,23
18,False,3,36.43035417068449,108
35,False,0,31.67252618844664,136
24,True,3,25.1171713971851,99
22,False,9,6.121027389527636,61
42,True,8,8.622270582787966,78
44,True,21,4.772018882370091,51
51,False,19,24.989494864433464,120
16,False,21,22.908801578580945,103
14,False,6,33.76406515615951,112
44,False,0,33.47330197295271,132
32,True,22,17.050184745928284,68
50,False,15,0.5402802825198108,41
50,True,5,36.90210146559697,173
19,False,21,6.1447047598245454,48
5,False,18,18.323911751942056,73
54,True,12,26.70667270756891,119
17,False,18,39.470354630717694,132
38,True,14,3.626141993990509,48
36,False,3,5.009889341707653,61
12,True,22,17.28593405543385,80
43,False,16,2.0078009402886847,58
37,False,8,33.753796136610084,136
54,False,7,36.33935217009747,151
30,False,12,2.2710806966018326,43
7,False,23,13.000636933251366,68
9,False,1,7.100455308915772,44
58,False,14,22.79773668838393,129
37,False,7,18.863764096317865,97
50,False,8,7.940092860417576,82
45,False,2,16.62039364056482,84
21,False,14,20.89763010587907,89
22,False,7,8.846531444117325,39
10,False,15,20.62865396319855,58
54,False,2,6.566720138740189,96
17,False,20,10.000332216486989,48
8,False,9,36.80527069408405,130
33,False,11,7.819632321195651,65
43,False,21,23.58498572578401,122
53,False,3,27.391225803402264,118
32,False,4,12.165504211181684,59
29,True,23,27.08072531800621,103
29,False,23,36.84433160743228,126
43,False,21,26.21469495825201,116
56,True,5,14.29526472161811,97
30,True,9,37.7130944230056,128
5,True,23,1.8102855194791667,21
40,True,11,2.689928928847425,40
34,False,21,1.1214433514344997,45
54,False,22,31.23964461222441,139
60,False,8,39.74929688208345,165
43,False,16,10.427191142038156,64
31,False,19,26.89860815994563,97
34,True,23,7.581057023973416,62
26,True,9,2.3310401918395827,36
57,False,19,9.852936914427897,85
53,False,12,1.874420038877781,67
30,False,22,20.094911191189905,106
55,True,18,11.37219113657722,73
27,False,23,5.252238124333772,34
28,False,22,19.17843284272527,84
19,True,10,22.092895864196,79
37,False,14,37.676146534803735,127
44,False,17,32.56387710752602,144
36,False,6,6.968542503621276,50
17,False,0,21.595357700376,76
52,False,22,24.49166254341922,110
40,False,3,4.763207785145795,77
46,True,15,20.684122989597405,102
49,False,13,9.181399667613686,74
16,False,5,6.5976317238762245,45
44,False,19,11.93012984402453,89
9,False,18,17.010421029466055,82
19,False,15,22.49395462906868,86
49,False,2,9.734137398617534,66
18,False,18,27.033892673684147,106
50,True,5,33.782819362972226,158
32,False,20,38.83277863383595,138
12,False,8,36.309476776263466,121
59,False,10,39.966431802683246,150
50,False,3,25.92569632184124,108
45,False,6,22.566890731549123,86
17,False,15,39.883368125135846,123
54,False,4,33.88316222563939,138
28,False,18,11.916916228323055,75
16,True,13,2.4562611155351,36
23,False,5,32.490302255340595,120
55,False,20,29.568704531737875,122
30,True,22,30.46403750636158,115
50,False,13,7.879098853902741,61
23,False,20,7.415528279494423,28
54,False,14,27.62124569639973,147
5,False,4,38.4981753480708,109
14,False,0,18.65281225395283,78
52,False,7,29.32575006846736,124
42,False,1,12.2807675322315,68
10,True,0,8.835839405517406,49
24,False,14,15.815769017672489,58
23,False,18,2.1824289821296645,42
41,False,5,39.991024406146224,138
37,False,6,5.98616452233037,66
49,False,12,19.383418127254654,124
60,True,5,28.361633306852955,147
5,False,8,11.6547936819103,34
12,False,1,37.02324160111671,118
25,False,13,32.414188904280394,110
15,False,21,24.676192288982552,97
46,False,11,35.9756791570188,143
41,False,22,38.88226498240834,164
42,False,4,10.74376650970008,54
28,False,19,34.603355176110306,148
30,False,10,5.390695718363033,49
56,False,17,1.434916076674849,66
17,False,10,32.13260507220193,120
42,False,1,15.71398127319629,77
54,False,10,23.447517330854872,110
43,False,22,4.014363010700219,80
8,False,8,8.949322119983407,42
54,False,13,18.496991899746217,94
9,False,22,36.9591229302558,127
7,False,2,24.74843621341185,83
23,False,8,6.606807305844214,55
22,False,18,1.4420627767334246,33
51,False,0,31.90392595543674,147
13,False,16,1.4078924114474636,31
46,False,9,8.778837938511577,64
32,False,8,28.68474073563548,120
44,False,6,6.260919008493946,60
22,False,4,30.506191581780005,116
6,False,16,15.247052537459332,72
15,False,21,12.192796421099285,57
25,False,10,18.83600649676372,100
25,False,17,5.623528168624718,42
21,False,1,16.920696174458794,74
26,False,6,13.742134163605408,74
41,False,20,27.826194617076627,122
8,False,12,3.089090677601353,23
23,False,6,36.26823212320241,111
29,False,19,30.445793407862176,105
26,False,16,17.897551216203972,75
37,False,10,25.81660461039597,126
25,False,2,34.86866126524346,133
22,False,17,3.1942613697951394,55
40,False,11,14.62382799226381,89
28,False,21,8.27580487825859,48
46,False,23,38.42938711226255,166
39,False,23,23.881398623215244,126
60,False,20,35.896062185317945,152
48,False,10,31.832896060694285,121
52,False,14,3.786233836693357,68
53,False,0,6.735671422535203,85
36,False,11,36.5990564223763,135
10,False,23,16.517339305682853,56
60,False,16,15.297304984114044,98
6,False,6,5.551832564107653,35
28,False,2,18.732316881455425,94
59,False,7,35.13524847193865,152
19,False,21,18.876126512067103,104
44,False,3,4.604079864419048,73
6,False,22,0.3639565353894508,14
28,False,13,29.863788974067603,101
19,False,2,8.783618695318,62
17,False,13,23.98887175166754,74
54,True,23,12.298442442922935,91
27,False,21,28.88347800080015,102
36,False,12,31.948513905002656,139
33,False,11,30.41902273578492,131
47,False,7,23.56277109064932,102
53,False,3,29.385648108745,139
29,False,19,13.216972834905324,60
18,False,3,7.892125397710962,48
51,False,6,4.567545078926935,71
14,True,3,1.8191618316703884,42
23,False,18,33.655791579220704,115
10,False,5,15.684169929294304,92
30,False,12,33.208740847994804,118
49,False,12,14.843716909414198,88
6,False,16,37.13799563285543,104
53,True,14,28.600743865445068,116
60,False,21,18.01594237911678,94
53,False,8,32.26449505337707,136
40,True,1,24.220390882031392,101
38,True,17,33.04376573751335,144
27,False,15,15.542243039576144,70
44,False,11,16.724735258417073,98
9,False,18,35.95312200725689,108
31,False,19,13.716455329868122,80
15,False,7,17.513101341969975,89
26,False,3,22.79715161682396,98
21,False,22,30.16874111532801,108
11,False,1,7.945415484633762,55
47,False,1,29.08300409560336,130
45,False,22,7.309921900261631,74
60,False,14,30.259005172244365,148
17,False,16,5.01384553166687,35
54,False,8,16.34283558042808,119
48,True,9,6.164225173548172,56
45,False,6,34.97003923947701,152
49,False,7,1.4577525386506078,73
58,False,19,27.307907991772296,135
58,True,1,24.30304370008391,133
8,False,10,28.04351907477441,90
59,True,21,19.680437663929848,113
49,False,10,19.451848149266564,108
42,False,12,34.1799009807858,151
35,True,16,21.748632484357124,97
39,False,22,6.232368094360465,74
16,True,5,32.808942493257625,112
20,True,19,17.895362212420398,72
11,True,4,36.71144131653319,113
59,False,14,22.306921275647184,122
50,False,9,0.3896438261409101,63
36,False,9,23.53719241178199,100
37,False,16,37.0168412755072,155
57,False,16,39.81527196105274,151
55,False,16,26.66551129211852,114
45,False,13,30.215610844597727,131
32,True,18,20.900631038385093,109
23,False,21,29.647232031088013,102
10,False,22,17.27061236013523,62
35,False,17,17.800093155303745,81
24,False,15,30.45780999202449,129
33,False,0,23.253556236129977,96
49,False,8,39.20108043839698,156
17,False,1,14.844105281986923,67
55,False,10,13.528905036954995,111
30,False,1,7.517211161610106,64
53,False,9,30.65262934552324,138
6,True,0,26.82521139123795,99
7,False,20,37.56819526698504,123
59,False,3,35.16541653645398,164
57,True,13,18.712526562906728,111
25,False,5,20.2445257521935,102
40,False,14,9.891884766667005,98
52,False,0,18.266712719609213,110
22,False,4,13.033089981190887,84
5,False,0,4.217732585865761,43
8,False,6,21.3292053209939,72
31,False,12,36.46806732895055,140
11,False,6,32.87859524062802,99
50,False,23,2.74693420095828,52
7,False,0,21.04511490347328,104
41,False,1,33.29194353289096,124
21,True,5,25.936887089282216,93
18,False,6,22.9333823067989,97
49,False,15,30.67722764517532,120
55,True,18,30.55433133608222,164
12,True,1,12.467606457980242,65
9,False,18,13.9920006475302,72
35,False,22,0.1898772947956846,39
35,False,14,34.6065085277189,140
33,False,22,3.109382553729052,48
24,False,11,35.1210894177994,113
20,True,11,1.402807683749555,19
60,True,10,2.862963605035843,55
37,False,6,7.874669204792729,49
15,False,15,2.06239844331616,25
7,False,19,31.7842450848391,110
32,True,6,10.62652222268746,86
27,False,4,2.462582748182573,42
22,False,20,28.00751297744653,89
41,False,15,35.69713915129346,135
39,False,23,37.005521073536734,113
30,False,0,9.866442479048128,56
47,False,8,13.58112173644468,76
60,False,19,25.68082425331327,137
44,False,7,5.48861462382892,56
36,False,22,16.36288695928638,93
32,False,2,17.839206533177457,82
31,False,20,31.924848521434058,128
20,False,10,12.7961533888881,84
53,False,9,3.1536738829506983,54
24,False,23,36.60864643376302,127
50,False,12,20.347783785188778,94
54,False,23,28.81319029564401,138
60,False,19,15.95314048376897,93
50,False,1,33.88125452321503,150
15,False,2,20.1626151794847,67
58,False,21,39.31790990654351,155
35,False,14,5.439614966805362,52
29,False,13,29.24872285780275,97
44,False,2,22.17378479462722,107
49,False,8,27.25291017353092,124
10,False,16,38.93565679732849,127
13,False,17,0.7896947258810798,34
49,False,0,8.500980440116235,73
27,False,13,12.36441531365898,97
15,False,0,21.48448524624601,100
56,False,5,12.79024261715163,113
8,False,6,12.7259984106247,57
29,False,19,26.861125176562293,94
24,False,23,17.758845910585965,95
19,False,15,25.25836330324305,100
19,False,10,14.09044500860581,62
13,False,18,17.47950964407102,57
57,False,5,10.868788967814591,77
48,False,19,28.751230247380512,142
11,False,21,32.40084622717919,92
36,False,17,34.707436470719564,114
6,False,20,9.10645853985872,44
24,False,9,30.68417598655835,95
49,False,16,11.770091924437022,89
40,False,6,3.590078176983943,54
30,False,11,3.069509729051811,53
10,False,9,1.754758107249543,30
44,False,3,36.195885978465846,146
55,False,4,12.468070946376036,92
59,False,1,32.62127212693,140
52,False,12,8.163821364457942,71
12,False,18,39.93258562152473,125
55,False,4,22.9523401203638,115
41,False,3,28.34986896566792,110
15,False,9,3.9888032156295306,41
46,False,21,30.20344888682631,127
52,False,17,31.839709150793905,148
20,False,0,7.271189800009294,38
45,False,12,22.80397924116084,101
46,False,15,24.62845679303226,104
21,True,12,21.2128339194502,105
34,False,2,30.557201970907165,138
35,False,10,26.154269080996173,101
43,False,20,16.171450339779586,80
51,False,4,1.93505380036452,73
37,False,15,22.744287270384223,115
57,False,11,8.585756812078005,70
9,False,5,15.081212587063591,77
27,False,12,23.4963025358594,104
52,False,10,1.3693159772122852,67
39,False,5,18.254504736727235,106
29,False,3,34.53348480611613,138
15,False,19,17.602328421505135,74
13,False,11,30.787682694528584,116
34,True,2,14.359277884725277,71
25,False,12,2.1930684216043685,48
33,False,23,15.30903383146352,76
47,False,10,3.142479219802984,79
8,False,11,39.62589419818816,126
6,False,4,7.906572273139772,46
43,False,6,2.938654498069436,51
18,False,1,5.007001642569692,43
23,False,10,23.530852058419583,107
24,False,22,6.769468640359354,58
55,False,12,20.17154004048012,130
48,False,19,35.23993807018076,150
43,False,20,38.16067318267261,147
14,False,17,35.95191148856188,111
52,False,17,35.24079258054783,160
8,False,5,4.882687944779051,22
27,False,13,12.750688274298712,59
26,False,2,4.818492500210612,35
40,False,17,14.767717707935596,98
6,False,22,19.890815994217498,86
30,True,4,30.69035660747702,127
9,False,1,39.87450703013918,128
33,True,7,39.30832173139303,160
28,False,14,35.19092026906971,142
6,False,2,18.886900325171425,54
21,False,23,34.616135548052846,93
34,False,5,1.2031598553875975,48
19,False,17,22.616136638855284,82
27,False,3,35.34595085446279,140
41,True,2,18.829434745488783,84
14,False,1,14.223343976341887,54
17,False,3,39.08702969061287,126
10,False,6,32.50129161922959,85
27,False,1,12.819117570130782,71
45,False,15,4.72534571289498,61
17,False,0,21.56398764046067,83
25,False,12,19.44029674540071,94
30,False,17,16.595559653009513,78
47,False,6,12.540591850419208,74
34,True,2,14.47224853887887,59
43,False,14,17.971976814264718,88
29,False,16,20.79954584806957,113
45,False,0,5.427881008629291,63
8,False,6,16.983864130107563,57
30,False,2,7.576634357370122,60
38,False,18,5.623124183013847,64
29,False,20,30.47616588319932,115
58,False,16,8.14962544212228,86
22,True,17,33.66984075445762,121
20,True,20,11.368194138742988,43
21,False,6,8.818229514513853,69
11,False,16,15.225095058739589,60
31,False,3,37.11672110711633,159
37,False,13,8.129171021440387,66
11,False,8,28.63938511413708,95
6,True,22,0.6393263820033994,28
27,False,22,27.873808027775,113
13,False,0,30.052602845976253,115
18,False,19,34.51672239378128,99
19,False,2,17.863019811795994,70
33,False,11,30.845886467190933,114
26,False,13,33.03570376949587,113
47,False,9,30.271770645703068,126
31,False,18,18.92516488009266,107
6,False,13,36.88252957036211,92
15,False,12,3.359926607986287,51
45,False,6,27.04550693506035,121
14,False,0,22.5945232949863,89
27,False,2,10.699948472062012,65
34,False,22,34.90860120453472,119
60,True,17,31.5164597529007,136
31,False,11,29.391903427513963,112
8,False,10,9.880697478024803,44
54,True,5,28.31734239918916,137
24,False,1,38.29790650924561,128
44,False,1,2.5216279438756364,52
60,False,20,23.33135407587248,133
28,False,1,5.7245328254774215,74
41,False,0,33.627883017637295,129
55,False,18,37.86199847786055,153
46,True,7,14.852895279151754,93
21,False,12,6.362204705609834,52
13,False,9,2.272104057488546,37
32,False,19,2.375277918679208,71
12,False,4,36.45037757475401,105
20,False,22,8.437307697520012,55
42,False,15,14.175781509697622,94
22,False,17,1.4947451258393778,37
20,False,17,10.656417150975518,76
28,False,20,21.92463739376918,95
51,False,0,39.988053193429366,133
11,False,23,31.87194604680461,90
48,False,5,16.172232015719544,99
35,False,23,22.78850487388936,93
19,False,5,26.7587673569431,106
51,True,1,12.059365285560952,88
58,False,16,9.518585445119372,61
29,False,7,33.884768746190446,110
31,False,6,35.15053404145617,119
37,False,0,32.06406816191454,128
26,False,19,20.72462919550764,103
7,False,19,39.76335455544897,115
12,False,23,23.19181064258002,81
43,False,9,29.682799736309857,109
58,False,10,19.47709675956545,102
13,False,4,5.493195352296824,47
52,False,20,8.201336456784542,77
23,False,20,24.002178236793387,90
17,False,20,15.43726288207892,73
50,False,5,8.604121318892519,76
56,True,15,7.971552353460837,73
34,False,16,22.98333639295565,113
43,False,21,17.035248955148134,99
5,False,22,32.057100399410444,106
20,False,16,16.074857765289938,83
19,True,11,28.42180065783892,114
56,False,19,7.438169991309102,73
55,False,3,16.04880253779625,109
6,False,17,28.88983962187639,101
20,False,18,7.278536395715758,39
35,False,3,0.1219805131169112,42
26,False,21,6.402462775534474,57
7,False,9,29.441085914742832,90
47,False,8,25.178437295187216,125
21,False,21,38.34447010372389,130
22,True,0,37.39892518752032,118
7,False,13,5.995987020605949,54
45,False,16,0.4989959193964559,52
15,False,20,6.467413648418926,61
25,False,6,33.70712665912699,113
59,True,16,20.91749993136488,138
24,False,21,29.49416928750067,122
10,False,12,33.98081193300056,98
15,False,17,25.55052416773595,94
41,False,16,31.498398673509925,112
44,False,10,2.715701678102942,48
35,False,18,37.046856712373774,141
55,False,7,18.007087246219378,110
46,True,10,14.935817440476562,91
33,False,20,12.991828153805455,64
16,False,15,28.26778455496716,121
6,False,9,16.55231550527159,54
36,True,5,8.036463606707876,72
46,False,16,24.184054890503813,140
46,False,3,31.600103526997227,145
49,False,10,2.7095249559464376,58
29,False,16,14.45315037385932,65
60,False,7,3.407359144598633,86
27,False,3,11.45751077522789,67
12,False,15,11.337243241715688,58
10,False,6,36.35610098429052,110
42,False,16,26.13816099382033,118
35,False,0,25.304098788901563,108
22,False,23,23.47937522001871,90
40,False,6,30.07898123538116,106
42,False,15,39.45644754157546,156
13,False,3,5.75594999947714,55
27,True,21,34.6216763177102,130
41,False,9,24.7732400072805,112
48,False,12,33.678071171777695,139
47,True,22,15.349851991080936,112
20,True,12,20.98528776219738,78
39,False,20,21.186598064043505,86
58,True,16,15.725278210512188,110
7,False,9,37.00724135107564,133
34,True,0,10.147695753611073,55
13,False,4,22.63060586961844,63
41,False,8,14.689678365405268,81
44,False,2,6.5663668245885605,61
56,False,20,4.61961928536406,64
48,True,19,33.982823829982834,141
42,False,3,38.20013146622493,154
34,False,21,3.880500770323264,43
54,False,18,17.138395019283777,105
10,False,15,3.6127116174024105,18
27,False,12,33.32684308066179,126
45,False,22,1.6647230811832483,48
54,False,17,12.25596427728785,78
19,True,9,12.572065013074564,63
15,False,8,14.59108410085062,60
53,False,3,39.16158389240604,159
25,True,14,36.78238340657923,125
54,False,2,28.99738890473012,127
24,False,4,39.34661951961514,155
11,False,4,4.758938788040582,29
27,False,8,16.365423050965884,75
59,False,9,38.75817287310834,171
21,False,21,8.555084554327715,38
34,False,14,28.17297576344533,100
37,False,9,18.26644247148542,96
51,False,10,20.55025389833188,124
30,False,12,5.871686742265254,45
48,False,10,24.78888489128359,120
35,False,7,0.5532263391267178,39
28,False,6,22.72679712736272,105
5,False,9,23.95550561606941,85
41,False,10,3.72710519826174,51
35,False,10,21.56117829288848,113
36,False,23,11.81561595312862,96
55,False,8,20.33368964213664,112
21,False,10,14.927290041889735,59
52,False,8,15.892726171753315,117
58,False,4,25.14730098033989,107
25,False,2,27.74188996470033,105
46,False,16,35.59656688210715,128
24,False,3,22.16341924819998,102
49,False,0,38.62160423999032,156
40,False,7,5.270390417431095,61
59,False,15,28.833579771118384,123
33,False,3,22.139466706801567,100
5,False,7,28.145265825101056,102
20,True,7,0.4433225974471048,28
15,False,2,39.82656598899951,138
55,False,11,34.81253644568664,158
36,False,19,11.155840209011226,92
19,False,18,31.464900388319933,111
7,False,0,5.461141028394752,38
31,False,18,31.518475729337915,111
11,False,11,10.1331390093551,26
8,False,23,5.364593087825472,63
11,False,17,7.553187692123137,41
28,False,7,34.83997896543926,121
35,False,3,6.694537523686144,52
20,False,9,20.516440352726327,83
20,False,13,17.451178656661504,73
48,False,3,12.87526982871494,112
36,False,17,11.61204783841979,68
45,False,17,39.66670379351599,154
52,False,0,36.48116318726104,152
33,False,1,2.5126941650164745,58
33,False,15,28.11151349210107,109
7,False,13,24.23918149628987,90
6,False,4,18.008671378199573,65
16,False,10,16.396401376895803,64
44,False,11,30.970532514194108,114
52,False,19,20.37004354657819,108
19,False,9,3.4740035210812032,53
28,False,0,7.843006659914485,66
39,True,14,6.231868135848004,60
14,True,20,15.76455385367844,78
30,True,23,27.09681756078492,108
49,False,6,39.369746071615296,162
18,False,20,16.945599243714177,93
29,False,5,16.130886073614253,75
33,False,12,30.987308842612016,117
15,True,22,13.111805672725833,55
42,False,16,26.1328175457794,127
25,True,12,15.664027975799284,84
49,False,22,29.30924217369649,135
55,False,19,36.15067685740118,164
41,False,5,38.052837849821984,132
25,False,16,30.8286777225824,108
49,False,8,27.88419546403287,113
51,False,16,6.782403244431737,103
14,False,0,17.099628196744074,66
7,False,17,36.90636041383407,98
44,False,7,31.3152363324252,133
6,False,5,14.430679775201654,51
58,False,20,10.60807667304502,109
31,False,10,0.5641159074288674,36
33,False,18,36.863651272443285,135
22,False,8,3.449843387198672,39
54,False,13,5.84642965233041,83
56,True,23,19.998911838599952,101
43,False,4,8.208846201302467,65
50,False,0,16.16829693033038,100
12,False,16,20.567915589132493,65
37,False,6,32.093234429908044,121
36,False,1,11.309858525090544,88
50,False,18,10.878751123543106,88
7,False,22,34.94380486674669,125
31,False,7,27.6037004544366,120
10,False,19,2.4200243178454737,18
12,False,17,26.36638260708912,100
57,True,5,29.521640646294635,135
40,False,3,3.7782834575566175,45
48,False,12,30.817607948426016,150
21,False,13,11.06909908047058,55
28,False,19,3.8735482375893406,48
13,False,12,14.022083508206045,63
37,True,10,29.36893379433042,107
54,False,22,8.638710014082754,74
42,False,9,34.66772066282557,131
23,False,8,39.155155446106775,141
32,False,21,39.04230995049888,149
16,False,16,6.152558338836475,32
36,False,10,37.2674972676819,123
57,False,9,15.098049690326423,99
53,False,2,39.79832365566364,158
6,False,19,34.435227743840336,126
29,False,20,11.818319915278847,53
56,False,0,13.942968892301987,82
40,False,18,28.63569283133757,102
22,False,8,3.9287000965994414,50
54,False,6,19.070236733759906,85
10,False,11,15.695096477938993,67
55,False,17,20.86273160581538,112
57,True,14,38.73299468369822,167
45,False,19,34.18426051253698,159
15,False,23,20.37186359759369,89
40,False,1,5.29182007262547,66
35,False,10,4.757017343348044,57
44,False,13,3.2412119113303115,62
12,True,13,2.928697026035441,28
31,False,19,3.2800896507798525,52
26,True,19,28.46619207609342,119
23,False,15,4.906092058391752,24
31,False,5,35.255069882647014,120
47,False,10,5.351445706969323,68
21,False,19,28.87768071008305,94
8,False,7,14.581168814264164,66
29,True,16,30.622894892268786,100
45,False,6,1.0340340911944892,49
47,False,1,18.653153409651573,106
30,False,2,24.81924819114742,97
30,False,13,10.482466100629976,74
11,False,23,3.230890093108515,42
42,True,18,2.94993898480157,76
6,False,19,22.75628194626345,97
46,True,6,0.8181866369104087,67
13,False,23,11.907371994391951,61
15,False,8,24.348539166088504,89
57,False,20,36.771379136086296,155
10,False,2,16.965366256820783,63
10,False,16,6.447951220251833,46
57,False,20,0.9043456856389082,69
36,True,17,24.00733095224026,103
29,True,13,39.10849298757157,152
14,False,20,25.882406786959525,96
38,False,4,13.172805219719208,66
49,False,10,29.967369487663536,123
20,False,21,34.11019372124888,135
37,False,5,21.624729010239943,130
6,False,15,35.64757270844236,127
43,False,2,38.89981427377164,166
47,False,10,8.258747276267991,73
9,False,22,12.530618405282016,48
50,False,19,9.76457451634768,101
50,False,2,17.1772938094048,102
16,False,3,39.13159289600224,117
42,False,20,24.249646541020063,105
23,False,18,35.07157606304957,123
54,False,23,10.108323905500482,95
23,False,6,22.77177784826815,89
31,True,14,26.540193175548616,110
32,False,22,20.91244028841562,101
35,True,22,15.312261689896754,95
59,False,23,27.209587994172104,141
51,False,7,9.946956886714394,77
43,False,2,11.459882996490755,91
7,False,18,5.88332368835241,24
56,False,5,38.23204136588916,147
16,False,10,12.724227521514043,70
39,False,4,25.308877051705856,131
46,False,16,1.881612307178239,64
34,False,19,6.4626930585374085,64
11,False,15,25.117192769023376,65
38,False,17,10.353795293802376,53
15,False,14,20.35606296570673,75
29,False,7,18.913397927016184,103
54,False,6,24.80688780842308,112
31,False,5,11.04402660641427,82
52,False,9,21.88406872026531,99
46,True,7,22.46430112279592,94
31,False,7,16.695998981333208,99
57,False,10,13.73390087834585,85
38,False,17,0.3446873066023211,53
18,False,4,14.705783946714702,65
21,False,14,8.617387519802428,66
38,False,3,5.43888136258474,72
38,True,16,8.760354743455835,62
12,False,22,2.83025819077563,60
52,False,18,38.74726594926658,168
26,False,6,30.080848970363053,115
44,True,14,7.83989377639594,72
60,False,5,16.44017827423513,119
35,False,15,23.223729805163103,109
26,True,10,23.86184394969616,96
19,False,16,21.034156871378453,91
48,False,8,28.985980103657432,118
59,False,2,10.795250339784438,81
44,False,19,14.760538281798336,79
5,False,17,21.79403067175404,77
29,False,3,12.971813488743896,75
52,False,12,8.69707905189591,94
34,True,4,15.44649017387123,86
20,False,20,34.507467195863384,103
28,False,21,25.411622178284244,99
29,False,16,32.56567903395587,119
19,True,15,26.49361630579802,102
26,True,21,0.6189881011876016,25
37,False,18,24.981494718223445,115
48,False,4,8.58365282864124,80
8,True,14,39.78311547961773,126
47,False,18,22.91632117322776,99
25,False,2,2.841451258466708,34
33,False,17,28.758381639191168,123
42,False,22,17.819421359312905,97
9,False,14,22.190419905725363,81
30,False,8,23.935613755497933,102
13,False,11,8.317523252327781,81
32,False,3,20.159748685848232,82
30,False,10,18.46083426981849,95
31,False,22,1.5308875109353064,25
47,False,19,18.19564329090235,120
56,True,0,34.9122249769973,151
42,False,7,18.07471008629679,86
52,False,20,4.6087950200738295,71
13,False,14,18.993296054213484,77
42,True,7,27.365247821932133,131
44,False,16,10.584721091669854,69
14,False,12,14.74525168915389,64
33,False,2,10.040068498673271,82
16,False,2,22.82908670527173,104
50,False,12,14.04156978005528,89
30,False,8,9.438098223917953,86
19,False,14,1.986782407405376,50
23,False,9,11.240230752149076,78
52,True,20,32.281850234207255,144
5,False,11,3.111275640155718,46
24,False,14,30.924604286348657,120
51,False,7,38.36606372384735,147
14,False,8,10.303415953146915,51
36,True,15,17.134433024757524,108
7,False,16,16.770202241927024,50
8,False,16,29.778946020147924,105
26,False,9,11.215722287158918,57
5,False,8,30.89782340492441,88
40,False,0,36.112060998524655,148
37,False,7,14.468367144317146,73
38,False,12,32.744411704483845,118
58,False,2,36.22085770485759,148
12,False,1,38.75212640607128,117
10,False,21,35.91522494742348,116
8,False,16,38.12585731704148,105
8,False,2,4.723857520510227,18
20,False,14,19.433038651102628,103
19,False,9,15.26608440840339,71
8,False,0,3.970976112253512,33
60,False,0,4.732663971157994,85
43,False,13,16.88771026365261,79
45,False,13,37.84511330719371,150
37,False,6,28.80017618185224,108
32,False,17,24.139180950928715,105
16,False,11,14.044306970519871,52
49,False,22,29.23389929476753,115
34,False,9,3.75262902866718,71
9,False,12,15.115567082511868,61
30,False,12,12.911673060115978,67
7,False,1,11.648561605795969,43
48,False,22,33.36339313407082,145
18,False,23,6.473558672709303,51
16,False,0,0.4462292476337378,10
18,False,13,9.87513836422543,65
49,False,15,33.47738994295808,135
31,False,14,27.64354570722007,115
22,False,18,25.128798486785847,101
38,False,0,34.18070096172573,141
51,True,6,17.573479612503064,93
38,False,13,2.556703554322516,54
38,False,1,7.406368850717814,58
35,False,2,38.98458684050385,143
6,True,7,2.7674158247663416,29
54,False,5,31.763096406737684,135
18,False,13,39.13706722374482,140
55,False,7,22.27916346629344,115
34,False,2,2.681788033157132,52
28,False,23,26.17215294287217,133
40,True,17,29.12061085101741,118
31,False,3,13.0950057595811,56
7,False,0,5.994050137112436,29
33,False,7,6.549185336033344,71
16,False,11,3.8487356013515295,40
60,False,1,17.33139009973794,100
36,False,21,0.4818176672646546,55
39,False,17,3.9897345793208654,70
37,False,23,16.950977760261573,91
25,False,1,29.23120533519956,102
23,False,1,20.946014724931125,99
40,False,4,4.5700238953683385,82
40,False,5,29.657759117008315,97
58,False,15,3.3718413078277525,78
21,False,22,24.09139616804272,116
48,False,12,20.599228024486603,92
39,False,13,30.24728286589308,113
26,True,20,35.08907503202772,130
41,False,19,5.667704841254115,53
36,True,9,9.470666382974834,63
28,False,12,33.618850748080305,118
39,False,5,1.0247048823229266,59
25,False,15,7.972779827740489,76
34,False,2,2.277821846583241,63
36,False,4,26.721889828439707,122
11,False,8,33.38107328596151,120
35,False,19,3.1168418850625987,76
58,False,1,17.647958040924006,100
35,False,11,17.45305553972093,101
41,True,8,9.8325418434712,87
56,False,13,34.45694096882566,157
35,False,16,26.84475399728637,111
18,False,10,21.240523218379845,90
22,False,14,32.41900868860162,125
45,False,10,19.818256987341048,112
5,False,16,36.923454952062535,101
58,False,23,14.537823764800748,91
51,False,17,1.807894255043041,54
32,False,23,30.84597966759473,120
24,False,2,31.207875550162903,120
48,False,15,38.457898740319,138
19,False,23,15.05253125311447,75
10,False,0,29.35668578252243,97
45,False,15,21.30078385060288,98
9,False,0,11.940553865300108,51
31,True,17,11.85052593508679,79
42,False,10,6.593033902270039,65
35,False,7,14.92436449410425,73
55,False,5,22.76573853263028,129
9,False,8,31.323198150994536,100
34,False,18,30.68260334557653,119
25,False,7,28.36297316086572,117
49,False,18,35.66914470635074,159
34,False,23,20.89946038194492,105
57,False,8,6.269151269014098,85
5,False,15,32.17094430893372,100
43,False,17,30.365282136611025,122
27,False,10,12.39723042664948,54
8,False,21,24.493494305328245,85
16,False,11,34.138246050970984,108
39,False,3,3.114387424420883,53
6,True,23,6.6243588281558425,53
50,True,0,27.10006676325087,117
40,False,19,19.34418625847162,93
46,False,2,15.97953320248334,96
31,False,8,15.63006158016348,89
28,False,16,2.6521655117021936,28
56,False,20,27.56455814918676,115
43,False,8,20.617434872805298,113
22,False,19,3.140507948805701,51
54,False,1,21.260426601070616,104
25,False,23,31.84349163853872,105
38,False,13,35.34302920368001,132
50,False,7,25.049852327391456,114
51,False,11,12.775400514137118,102
32,False,19,14.436827713768018,82
49,False,21,7.6277291092281665,58
8,False,4,23.46670146716336,93
29,False,1,2.216673731297381,42
54,False,7,24.51364547640926,143
23,False,6,6.354581340327232,58
18,False,4,13.77210145730468,66
53,False,7,1.0762826607611176,42
13,False,11,24.835315665718632,105
17,False,3,9.306132490921309,38
14,False,19,5.120171042727954,50
29,False,16,37.115146075183965,142
39,False,22,39.82020381613801,145
31,False,14,13.37879727441224,68
54,False,13,29.9809485296523,128
17,False,5,20.00440794252888,77
26,True,20,26.82802670237732,110
7,False,16,21.55843459112089,66
10,False,2,10.708093722913304,49
33,False,21,35.05445364053892,106
24,False,23,9.376325100131606,79
26,True,8,29.43478301254633,108
5,False,1,33.57316319715865,93
49,False,13,14.587420713399904,101
16,False,5,39.77493231287171,140
59,True,19,12.495361798242133,102
60,False,17,32.89009914383279,143
12,False,1,36.74045350073968,137
20,False,9,15.986604443119507,75
57,False,21,33.2191752643331,146
16,False,14,5.083665523132448,51
59,False,22,12.00079258556749,94
5,False,20,8.198614561810244,65
43,False,23,1.3964778000477274,49
34,True,15,17.93230751590581,98
20,False,23,30.4439668957404,109
33,False,19,32.50684790994984,142
42,False,0,39.888238392772,144
47,False,16,6.3127182998512,72
13,False,17,37.26759727083265,112
6,False,11,27.140052037856027,92
49,False,23,35.160793448533724,133
37,False,11,12.258521470140115,97
37,False,3,13.974097722486084,88
47,False,6,9.574066388334344,73
52,False,21,33.98161631793029,138
43,True,4,37.44026200712209,129
16,False,13,38.3379800422556,147
21,False,9,33.408598386980294,132
54,False,5,8.768074236499984,88
50,False,3,5.03489349948832,73
7,False,17,18.458216795491733,87
37,False,1,24.147256030947386,110
8,False,8,29.36014804321779,85
42,False,4,6.555812947466829,57
28,False,21,7.600446451190702,58
15,True,21,7.612175943031905,50
24,True,3,16.608090283411663,89
40,False,13,2.9554195566753707,62
14,False,4,12.569413608096916,60
33,True,2,27.257445236728785,81
14,False,14,38.013711448794986,141
12,False,16,13.231161799624653,75
10,False,12,14.165869197533794,78
15,False,21,17.496808486678624,63
50,False,13,25.316404143971084,105
43,False,5,1.517984202326865,50
32,False,17,25.45782478073571,112
17,False,10,14.753618022352,63
52,True,4,35.139470110813384,169
10,True,8,1.9661430349900832,34
23,False,15,28.07749904249681,106
16,False,13,0.7013776249023698,24
36,False,17,12.378255138687244,107
10,False,12,14.343251675856113,59
51,False,0,34.78329869382338,154
47,False,10,26.556202972727384,113
59,False,14,30.638216832817392,136
24,True,6,14.088453700254467,76
10,True,18,27.37567308993292,102
50,False,21,24.137632849870524,128
41,False,23,35.97635540458121,145
13,False,2,35.22270802622176,110
44,False,8,2.007310450960088,59
21,False,23,0.1591108046816436,36
9,False,0,24.9276163748352,83
30,False,20,21.159634394744497,89
14,False,13,32.37998727779578,120
7,False,9,29.4886619470974,106
31,False,16,13.98027494596743,61
47,False,21,18.460713137219987,99
54,False,21,23.167406873764023,114
23,True,2,22.780853748230697,102
7,False,0,34.07259296376199,108
5,False,16,26.45932719804841,93
7,False,19,35.24466104033594,116
27,False,12,8.831819387324595,48
13,False,4,10.873207953206142,34
20,False,2,32.3673815461158,116
52,False,15,2.133773560073425,69
34,True,4,0.59067087721908,57
55,False,21,27.495841172690987,116
6,False,0,23.64636562599019,99
17,True,15,25.712293005464407,108
28,True,22,5.074428981811836,49
40,True,5,13.39546251751296,91
9,False,13,33.41297518046129,110
30,False,2,23.35105855822137,85
42,False,7,21.000317971052567,101
46,False,3,23.62241443609765,96
52,False,0,17.25165892509387,99
39,True,5,23.188284441821857,100
41,False,16,7.271060729273665,74
53,False,7,37.73239959897443,145
50,False,10,23.74500491577103,130
24,False,2,4.166067836970851,37
12,True,20,28.424197451361906,89
48,False,17,38.59688560333,155
57,False,10,8.60277306154334,95
49,False,10,35.45800182514221,157
10,False,12,20.47846338977897,70
47,False,11,30.637535011085188,122
47,True,17,16.126544318661935,90
37,True,3,36.13473442791743,128
39,False,20,10.86212575129879,60
54,False,14,20.984456295825787,134
53,False,3,36.42014308171622,161
20,False,19,23.68205848179827,96
9,False,20,2.516301471687472,30
13,False,0,20.08288344450709,73
60,False,20,32.01493296884349,165
33,False,18,17.45618189940989,69
45,True,18,3.072838201317189,40
57,False,22,36.941886304449255,158
11,True,8,30.716760878301606,88
11,False,20,27.00962983710508,81
46,True,19,1.9714767267705344,60
17,True,1,16.625325515480156,64
7,False,17,37.05883677881553,127
48,False,21,37.53746509323727,158
55,False,10,4.174664359479382,79
15,False,10,28.598468756992325,100
14,False,20,24.54555504268552,79
9,False,18,8.521561370177766,41
40,False,2,12.363020399879051,58
30,False,15,30.591254402831947,108
44,False,4,13.52248624309278,108
24,False,16,21.623860641783835,84
9,False,16,23.38278946958249,67
37,False,9,22.832632407794154,96
47,False,8,20.1334029242811,116
23,False,18,6.81494692516627,74
54,False,15,5.092988758872605,60
54,False,9,27.50484825484952,121
26,False,19,24.12098629742412,105
41,False,23,3.54867693828672,42
16,False,12,38.07437577690906,124
38,False,20,25.581822278647937,112
12,False,22,22.86095938316184,63
30,False,2,4.359758220111416,46
44,False,2,28.213121156550542,140
60,False,3,21.73949842767228,128
30,False,13,5.647773467037778,41
18,False,21,1.9193001497165945,47
58,False,23,8.446586296270096,67
23,False,10,35.702030794263216,134
16,False,20,39.08004295141122,134
38,False,10,3.767549637222913,66
27,False,5,13.529874252427284,58
31,False,22,12.437307932258838,68
27,True,19,14.425679305165884,68
28,False,20,17.279546415155536,75
40,False,7,15.364259680823473,104
20,False,17,38.18562278161996,142
23,False,5,5.193362843519102,52
39,False,7,38.41524681433168,131
50,False,18,22.28296484921328,90
54,False,18,21.74116179658346,114
25,False,1,22.01411920654066,95
15,False,16,4.611079874530413,43
35,True,1,38.60513833577391,159
15,False,15,14.881470940432973,67
44,False,23,14.923401875099596,93
59,True,22,34.81536060779647,153
17,False,8,34.743900635315825,130
39,False,1,13.130153445492036,80
60,False,16,6.95906294198542,68
28,False,0,26.18968607526194,101
54,False,12,25.348301661823747,145
20,False,14,6.442580783762472,75
33,False,1,24.33427633984704,98
57,False,22,28.59995388473688,137
35,False,6,22.22945706913034,110
30,False,23,2.0988073999237606,42
54,False,0,22.45264230006067,121
5,False,3,2.946648328983332,36
10,False,13,19.715348987128063,84
13,False,6,8.388581767636888,35
52,False,12,12.69013040944298,100
11,False,6,30.997880582032693,93
50,False,10,11.877307706350637,87
47,False,0,33.387405503553225,137
28,False,21,34.940859069257414,114
39,False,23,29.95716408620456,118
59,False,11,17.626013707900174,101
55,True,23,23.622925518141404,114
18,False,17,4.074267666165596,48
59,False,9,9.606253878180702,82
37,False,18,25.92107245825028,107
19,True,5,24.30819930884628,103
13,False,15,6.230451655192508,56
21,False,5,14.983186072111607,85
44,True,13,21.814023783471807,93
39,False,9,29.420564819646373,123
24,False,16,24.50375136665769,109
41,False,2,20.50798284049749,78
45,False,22,24.584884493526364,124
56,False,5,2.7721727271643384,62
39,False,22,23.252376850635173,99
14,False,23,17.079361671796477,68
41,True,7,1.9968985989010324,62
39,True,5,39.90604933493591,162
32,False,1,15.81884073667228,99
33,False,7,34.69950234926569,117
23,False,9,12.50909062385683,67
48,False,4,19.533150722488266,105
5,True,4,39.894773959446624,109
50,False,17,30.077141558849224,149
30,True,17,28.625671232094675,128
24,False,9,15.678564365084997,86
58,False,18,29.9190119264038,134
52,False,6,11.3885540749196,96
7,False,19,37.12674525526114,128
39,False,13,10.402109007942576,67
45,True,7,29.77954339559076,125
7,False,8,39.83599491184878,127
30,False,17,1.889583806847572,47
55,True,14,19.239830231906872,105
9,False,22,31.430222531277103,107
24,False,0,17.54836848054979,89
32,False,7,29.016068546887347,131
40,False,9,37.274259182771054,140
58,False,5,27.6855182449092,130
18,False,8,9.9927110110369,35
10,True,6,39.12064701502663,134
10,False,11,16.704005824254835,66
15,False,11,21.944456310504684,99
8,False,17,11.000453548322152,50
8,False,0,11.287680364055758,61
52,True,5,17.671760968260273,119
39,False,20,9.432075475054372,74
30,False,22,13.353224456055004,75
55,False,9,13.97278881578391,80
25,False,10,9.204758711483786,53
50,False,7,26.159763792360494,116
56,False,17,30.29798034002368,125
35,False,13,25.90131829695473,126
33,False,7,36.777085122079576,143
9,False,12,16.546401837913308,73
31,False,23,20.517165004450305,95
23,False,1,20.057429161511624,105
43,False,13,26.055507466350043,124
7,False,17,27.88921160485492,113
43,True,7,33.04608834730953,133
9,False,5,39.399466196761566,112
8,False,8,7.565140351337841,37
40,False,3,7.220180003695567,65
46,False,15,39.64197361703142,149
51,False,5,39.19103589848947,123
58,False,9,39.739382234625495,165
23,False,14,31.37256231145872,123
36,False,11,38.38357731075504,124
5,False,9,35.03864559279887,112
17,False,22,20.015234766958347,69
50,False,0,2.656134108254118,57
20,False,8,12.877377203057678,65
56,False,19,13.043866790791302,102
23,False,17,24.6671637515178,97
39,False,14,14.70987956809434,97
33,False,0,19.20513665974424,88
12,False,2,3.829131165278444,46
45,False,12,5.862049036546972,67
27,True,8,24.88709509525427,106
5,False,10,31.754135367480185,91
36,False,17,38.71017655844543,145
13,False,22,24.929537410616888,100
29,False,15,27.651021901930424,107
34,True,19,22.12572880330853,104
18,False,15,4.984661432534263,50
27,False,16,15.590387257946237,69
19,False,11,16.605105732326987,66
15,False,4,10.64041125406714,60
36,False,6,39.3622618070706,160
41,False,10,25.47009667041248,102
37,False,13,23.2377618640256,118
60,True,11,30.734609969479617,151
42,False,11,21.263001541196203,66
11,False,5,13.79847556179955,38
39,False,17,14.476278504591916,75
43,False,3,30.672201076817707,144
39,False,14,18.027946836539712,99
19,False,6,1.2915846959550583,35
13,False,8,14.771642518297725,73
46,False,12,16.486564359041235,89
52,False,1,15.472685863750447,99
24,False,1,13.66992066887944,61
12,False,10,30.02793001996824,89
54,False,12,4.534350427580583,58
22,False,3,9.10674704717414,61
53,False,19,14.034511522175052,90
30,False,0,29.59958625295452,114
13,False,1,1.860589915944614,47
24,False,6,13.107927365558758,64
20,True,23,18.176879355756427,60
13,False,19,37.47886731285429,128
48,False,3,3.784314224416975,64
55,True,21,39.68311131772747,159
53,False,8,36.67188300171037,158
42,False,13,3.4462533557512938,60
7,False,1,26.169961922365896,104
18,False,6,25.2549155696465,103
24,True,14,37.78731973596466,137
40,False,9,15.038633537820814,69
34,False,15,1.0610683753500896,60
40,False,13,36.71683825970201,144
29,False,10,23.46651388218444,106
55,False,17,13.585405944413028,97
34,False,10,37.477999864275006,141
58,False,15,31.99397256265157,142
27,False,12,22.011028976589785,82
35,False,4,23.06498231721024,135
41,True,6,16.303460602112704,84
58,False,12,35.00656491212974,142
21,False,14,18.079693543421577,73
46,False,10,6.622429851023536,54
9,False,1,22.703745187018523,55
7,False,10,27.319350685468425,104
45,False,5,18.924483690253755,82
27,False,11,8.854168431756916,66
27,False,23,31.013650898131115,103
34,False,13,0.3252889816299764,53
37,False,11,31.123137342413965,123
27,False,19,27.795143310248324,115
55,False,0,15.107705250018762,95
11,False,14,20.338732197102924,74
32,False,10,14.657824967661956,60
5,False,18,23.029541293901083,65
22,True,4,29.20539712184363,105
17,True,16,2.2431837382391966,49
36,False,5,25.216951454267857,120
40,False,6,4.112437574322779,54
59,False,5,39.433689432821325,163
29,False,6,3.587027813403396,58
43,False,4,36.78826211153158,138
34,True,22,25.82650816450841,98
14,False,13,28.91081678414545,124
48,True,5,11.168542492603653,79
49,False,15,8.796066153610202,89
52,False,2,15.77851589340444,91
54,False,14,35.2807138400563,142
50,False,1,36.92550160030129,157
47,True,4,15.156159868984393,106
38,False,15,32.89174059921464,116
60,True,23,23.38141915778989,131
39,False,0,2.6714150311659526,57
25,False,3,20.11877896573516,78
52,False,1,10.715755102578663,76
51,True,19,32.3790002582105,138
31,False,3,27.76705465346896,103
23,False,23,35.31870327794832,136
44,False,22,9.555781902161517,104
45,False,0,13.543733935925156,102
9,True,15,34.90612864533193,116
36,False,2,39.17961071170208,146
41,False,6,23.604295345483767,123
39,False,12,30.467163377013595,125
37,False,5,28.31825907505806,115
9,False,21,7.212791514383487,49
50,False,3,13.690987201007893,76
13,False,21,0.9527896479150942,43
21,True,19,7.932979580228294,53
45,False,10,27.110152029591205,121
32,False,22,9.125155252750888,53
43,False,12,26.670002557497323,106
57,False,10,5.352775978401884,83
57,False,8,0.4478802715017338,78
57,False,23,22.835956371003075,120
54,False,19,10.165373959174978,74
28,False,11,21.550634534748987,77
45,False,17,26.31026497478006,104
53,False,5,1.3438649632608757,60
35,True,21,6.521298671770197,68
27,False,16,6.861131964852835,46
35,False,12,39.33834124898973,133
60,False,8,26.697892285083253,121
36,False,0,1.1051483901347894,63
51,False,13,25.780294326686896,120
59,False,19,21.632994726844608,105
24,False,13,15.938351014685043,69
30,False,13,39.92097868671304,158
58,False,15,8.11764755286705,92
46,False,18,19.83120639888555,100
41,False,15,34.7198689792076,151
45,True,6,22.32346579967383,108
45,False,8,19.180644934462435,102
34,False,4,27.490381654228347,118
59,False,9,26.76756023399232,141
13,True,7,18.36667632330024,76
59,False,17,30.384480779656737,128
34,False,3,25.056053990624825,114
17,False,10,19.083742065425444,81
55,False,9,33.1576994357337,147
41,False,5,10.97425269971074,85
38,False,3,37.90787082158968,142
28,True,1,26.794506232191853,103
37,False,18,2.9802750041149406,59
11,False,22,20.0676898380568,84
42,False,23,15.372816074111292,88
19,False,13,22.0752464235726,84
21,False,14,25.34046555938343,112
19,False,6,21.798017176654216,94
49,False,4,38.28925646239684,164
58,False,10,29.83138457229529,139
11,False,6,29.85562012179053,98
35,False,12,11.221927091215504,74
38,False,5,17.39569131301944,94
36,True,16,23.860388683162974,112
51,False,23,0.7132867295948911,57
37,False,8,5.392992347494032,53
37,False,1,33.18446300369009,129
41,False,13,27.73270681172701,111
60,False,7,5.949002363291582,74
32,False,11,17.489175444919898,83
35,False,3,11.240592267465876,70
55,False,1,3.868620938288994,61
10,False,22,24.38654912870182,73
34,False,11,3.086306577830072,65
47,False,23,1.8105096388656483,65
7,False,12,19.98356198334889,76
13,False,11,37.95351239400237,120
39,False,18,3.769642911466038,67
18,False,20,37.94000087041668,134
33,True,8,11.700192745627426,79
60,False,0,32.51513920230022,166
44,False,20,31.86924984820224,124
39,True,6,39.82385592328113,164
54,False,22,23.470737357648133,121
44,False,21,25.02384101576529,128
7,False,16,13.493444101496031,65
51,False,14,39.76156462054848,145
37,False,6,15.7997558029372,79
47,False,22,22.985113741682923,102
5,False,15,14.448969378165712,58
17,False,10,30.25332756434054,95
20,False,23,37.55107102362854,135
31,False,11,37.270912372961135,138
38,False,18,11.497775854965973,62
17,True,1,33.238032891663984,100
51,False,2,2.711802046769032,65
21,False,16,39.43816525163236,124
54,False,7,38.25330867257671,166
19,False,11,25.40527514275439,104
19,False,18,35.12236553184353,132
55,False,9,10.538269173951615,78
13,False,14,8.582536832333059,59
9,False,10,26.01145362841808,99
14,False,5,15.796328799519252,41
28,False,9,28.498645994237016,110
12,False,23,6.369036367499031,36
21,False,2,28.48097279920331,94
30,True,0,19.66285133660908,85
58,False,23,12.720933029900705,101
5,False,3,12.35025126478549,53
59,False,6,39.97416277498469,157
59,False,20,29.353166249303143,115
47,False,1,8.25851614001945,75
53,False,8,32.450432550001445,144
39,False,22,1.1195399638236532,49
56,False,1,32.958828653934695,139
26,True,1,36.46248378009663,143
10,False,14,7.47248578741987,35
27,True,8,38.889680050106605,136
49,False,13,36.90644885850745,150
8,False,4,27.98246381934158,99
52,False,1,17.829154160654316,110
36,False,16,0.8921807985815217,32
5,False,19,32.605669200227744,105
24,False,17,2.247487647271936,28
8,False,6,4.230273585786232,46
29,False,20,36.3574055994997,105
55,True,5,22.251744600926955,123
6,False,1,38.878011378144585,116
29,False,3,27.22798637054585,108
55,False,10,5.045242289529526,79
52,False,9,14.799264681699384,89
26,False,21,32.71480671267426,127
54,False,6,21.47800065050311,106
56,False,19,37.32538891993024,173
33,False,0,34.08717899119826,137
10,False,20,32.79236333510497,101
5,True,1,6.771148566034379,44
14,True,19,31.691813640609386,110
43,False,16,1.1847551291943728,66
37,False,1,12.093957282922284,66
38,False,11,23.9835029079888,109
42,False,20,18.14460916666891,117
50,False,4,1.1359458509954463,63
47,False,16,33.048460567595775,132
55,False,6,2.2341659354980927,67
11,False,11,5.730010378343037,48
30,False,23,8.134250663490741,43
49,True,13,6.98221188292656,88
17,False,7,15.748032367941688,55
53,False,16,24.227247434096064,140
27,False,0,23.295410512324413,102
22,False,16,32.3819532752889,110
12,False,23,27.554443734964146,91
17,False,18,24.151774329365217,92
55,False,9,19.47275188421032,104
44,False,0,8.083996136122513,67
38,False,21,15.75018176546597,78
60,False,14,28.208359565336576,145
16,True,16,23.867374595114352,71
50,False,8,21.684605171179346,107
21,False,6,22.00524847007353,93
8,False,5,15.5735948628422,67
17,False,20,14.83764444706804,66
16,False,13,5.860288805908351,54
58,False,20,6.739232211050399,83
57,False,15,11.29156438743526,99
24,False,9,1.3581926861113174,32
10,False,16,24.444923102309744,105
30,False,14,20.129557305144207,79
59,False,21,3.02713632791231,71
24,False,21,23.904317590969104,92
54,False,9,22.571999885614183,109
20,True,16,15.133633971166722,86
15,False,9,23.07343956772428,82
59,True,2,33.26293058293117,160
15,False,23,37.12510901931661,117
32,False,20,26.87398807442661,141
11,False,7,0.2265155276246647,36
37,False,7,22.785173973739163,107
55,False,2,26.85882674347964,123
50,False,3,39.73895843244024,163
15,False,21,15.772412015994624,62
18,False,13,0.5217972679074435,32
20,False,23,34.3044191664288,132
15,False,18,25.449965890158104,72
27,False,17,12.833517696383954,66
55,False,17,25.73267163929433,121
14,False,3,23.795701009024743,107
60,False,1,39.8288901639865,179
41,False,13,38.48508802378735,155
17,False,8,1.0934462066479946,26
33,False,13,39.61103998158232,143
13,False,5,2.8871750278924107,37
21,False,21,33.63827592512314,122
49,True,11,3.205470059050134,76
15,False,1,6.071291874778593,53
34,False,13,19.337964353357822,85
55,False,18,10.992773245524328,95
44,False,9,1.4421352557459564,48
8,True,13,30.70745484302744,107
59,False,4,20.944956742636663,118
52,True,1,31.637615838859585,146
52,False,19,4.5957866421789095,68
30,False,10,38.66209092408298,142
45,False,10,3.056778505053319,54
41,True,0,11.719846862480528,71
44,False,3,35.072814214908945,131
32,True,13,6.765259639670567,57
47,False,17,2.024619626704834,73
36,True,8,15.294359451481736,86
29,False,14,14.95097632378825,72
60,False,15,7.164210218497012,91
17,True,11,13.59356245859166,69
53,True,1,27.97412255259924,129
49,False,5,26.7810272446011,123
33,False,1,21.65380864148615,97
29,False,23,28.73415814090678,109
20,False,5,39.407074455066216,122
58,False,9,4.399126774022389,101
29,True,18,20.8817190836208,104
46,True,13,39.62712806048559,169
54,True,18,20.66932569059324,119
18,True,2,21.118746200950586,73
29,False,12,2.076064336793676,45
30,False,22,1.9727059377142249,63
19,False,5,12.001728583981537,53
42,False,22,33.627476289219786,141
33,False,14,16.29957976030216,90
57,False,11,4.431143790867988,67
32,False,17,18.461187414744487,97
36,False,5,11.845437372184984,74
52,False,14,16.724452869849404,91
60,False,18,33.686803911112264,141
54,True,12,11.264356491773563,110
41,False,5,39.59354891001624,155
45,False,15,13.95693474632575,75
10,False,21,27.80678764698037,97
58,False,0,28.95138345225037,138
54,True,23,27.02529718618284,144
10,False,23,22.09367792593795,99
49,False,18,1.2945413163020236,71
34,False,3,6.649993223106409,64
56,False,0,27.767785045554945,128
11,False,13,14.084737656756523,67
13,False,19,2.828445238570481,49
38,False,20,18.61215557640108,105
25,False,2,37.47843639079355,127
15,False,20,27.446348841142868,100
7,False,22,18.056939084676863,85
12,False,23,10.250339266015548,59
35,False,23,14.395727217414166,100
36,False,22,11.39792426775725,83
60,False,15,39.594985487677256,162
36,False,18,1.3015221072343506,63
22,False,8,32.16557816855653,134
13,False,5,32.32645618137316,101
20,False,20,31.334392778399,111
60,False,10,2.5113446152294565,56
28,True,7,29.115381224704034,117
32,False,2,17.381760040931763,97
49,True,19,38.34470273740145,150
12,True,16,9.492751231408729,43
27,False,8,7.341907553074933,47
56,False,5,19.049742990765804,108
5,True,17,38.7225142347348,128
34,False,16,24.162302596256275,90
10,False,0,12.554458904452511,27
60,False,21,30.380603504555285,149
44,False,15,36.1315164925057,147
46,False,14,6.709735715541283,76
31,False,8,22.218268263470936,118
49,False,15,36.18211313963364,145
6,False,10,35.35543171439767,87
33,False,3,13.402725341990068,61
33,False,14,27.32734497857366,116
38,False,10,5.534209434349695,51
50,False,22,4.303534639837129,80
27,False,15,37.80118046983762,136
51,False,7,28.666875020077267,136
43,True,13,21.765738312333497,122
5,False,1,13.34533703142358,71
51,False,15,13.702231531039743,92
56,False,22,22.06670740488993,124
59,False,15,12.56404679542633,109
13,False,3,32.38886685485378,118
22,False,1,37.20439975422401,109
28,False,1,15.08049343910397,66
47,False,4,34.379684544033395,139
42,False,21,38.21734637400296,143
25,False,5,37.90577501261921,134
37,False,9,12.355250356516423,72
32,False,10,11.745351929045698,89
48,False,1,31.05588559196725,142
19,False,23,17.51890043689413,51
26,True,9,8.116035918477488,45
28,False,19,5.635668449397769,50
27,False,17,18.262147404251824,95
21,False,14,35.022585114753994,112
31,False,13,26.32377863533875,116
41,False,3,1.727212011298583,60
18,False,8,16.07643900802353,86
31,True,22,22.01100452735314,83
19,False,22,20.808665143460843,77
35,False,17,36.26659825782344,148
25,False,19,34.71795711137624,101
20,False,18,7.832093058798593,85
8,True,19,19.81325078075102,73
58,False,19,35.81873804580692,140
16,False,12,9.55411441125204,64
9,False,9,33.51725935973896,77
14,False,17,32.320036726590025,126
33,False,23,38.434762904268055,144
35,False,11,39.274279487706366,131
40,False,3,0.2856652310184376,38
20,False,18,19.598231592315347,94
29,False,19,33.632753371940176,119
21,False,8,20.89795898050564,72
9,False,9,16.969720746022386,56
37,True,21,0.4850593062735321,61
47,False,0,23.282468675219,108
30,False,10,16.197145927922893,66
22,False,18,6.691844230950092,53
16,False,20,36.67095838270071,123
42,True,5,23.443323942721285,126
54,False,16,29.79068243205064,130
9,True,21,17.62897846829657,66
13,False,21,8.0554655326445,43
7,False,18,36.26254851952992,112
33,True,9,15.63165793445912,86
10,True,23,21.23237713953008,76
55,False,9,27.08712112092247,123
23,True,21,0.1187473674709508,37
44,False,7,9.421792698883593,97
22,False,2,18.42857605937341,62
32,False,9,22.9363614137192,103
26,False,20,1.8398553115348133,55
23,False,7,21.47569916140074,78
6,False,11,2.717112803007055,33
49,False,12,25.22467049834061,140
49,False,14,8.625190954280242,82
54,False,16,28.70489643266758,129
16,False,19,1.82199575578632,37
27,False,2,15.096816152089978,59
60,True,7,35.76368501085417,155
17,False,17,30.12314393875045,109
55,False,3,36.583470388056064,171
36,False,20,19.27139245896807,89
33,True,9,22.44571511596869,110
10,False,6,2.989378999352668,46
52,False,0,0.5932649520144992,44
39,True,6,33.431075550594926,139
30,False,3,0.8219919804904099,47
14,False,12,28.557436611089123,92
39,False,23,27.17520614999032,117
40,True,4,1.7086204435229757,44
36,False,16,30.356173367804256,117
30,False,15,9.20934232183688,59
40,True,4,22.68829876176974,122
53,False,16,7.91357451320507,77
17,False,15,13.751980939305056,56
41,True,11,39.01211382756473,154
11,False,3,36.47417827373212,123
10,False,8,21.46148111590721,75
41,False,19,30.645243309375545,116
19,False,17,4.352244216432289,46
8,False,20,18.30357940908008,67
43,False,17,2.797428392847129,55
20,False,9,32.89412233551949,128
34,False,11,18.586298765270268,106
42,False,9,13.426987140935385,84
44,False,23,15.258101091869667,108
8,False,18,11.783624667648528,58
9,False,21,31.70557822104541,100
37,False,6,34.105415060661706,112
9,False,10,38.35363292950764,113
60,False,6,5.204040566261576,86
34,False,5,22.890242153601424,108
53,False,7,28.442977439470123,126
58,False,0,35.446950882028354,150
17,False,4,38.55394427320379,117
50,False,6,4.3750131454565295,78
34,False,1,39.31350009896262,150
11,False,23,5.009073730354394,35
47,False,13,34.907985480189275,128
32,False,23,7.934947530946953,74
28,False,19,25.56559095936248,116
20,False,9,24.45872775680021,83
26,False,12,15.170709370122458,91
16,True,1,7.040045974408159,39
46,False,7,4.838118780457038,78
30,False,11,36.47160266620871,138
23,False,7,2.758970865057196,50
44,False,13,26.414184935057104,133
13,False,1,39.32694262057718,111
52,False,10,38.38447109766873,167
50,True,2,3.824362861436701,58
46,False,14,26.52164581268836,116
44,True,13,19.52535983503676,104
43,True,18,14.74728310972366,94
17,False,6,16.390702066470034,71
34,True,13,34.36304020063504,136
32,False,12,9.368866208469672,76
35,False,9,32.33330480602876,124
14,False,9,38.14678715384904,118
14,False,21,13.986211496436573,64
7,False,10,34.46410087576322,118
15,False,15,9.983908055987923,70
6,False,12,39.687419294652855,125
34,False,21,36.76961093267904,156
38,False,0,10.45426997695548,61
9,False,4,34.51489339609001,113
30,False,10,37.560522004059,128
5,True,3,19.158325356824097,96
17,False,15,34.96120169824571,134
32,False,15,2.2425375143466915,70
30,False,8,36.77684889094759,137
7,False,19,21.568164434150862,66
17,False,3,38.76481711536507,124
51,False,16,26.519664380077,129
44,True,22,9.199356239910363,56
5,False,2,23.83965260180324,74
6,False,9,5.2600702048129495,31
47,True,5,3.0294864997925792,78
50,True,1,7.647243208236323,73
21,False,11,37.33635118819403,129
53,False,1,8.92856510031046,81
43,False,18,14.294326946057572,85
40,False,15,6.947362388751965,76
45,False,22,5.626942399026581,61
59,False,9,32.34081749649108,142
13,False,1,11.15420584568497,61
31,False,19,2.334058447072946,52
31,False,9,32.96112519334438,136
49,True,2,31.742013431161787,152
28,False,0,17.472227304434444,87
32,False,14,21.523837020998,100
34,False,13,31.86682506940261,141
31,False,7,17.152646282443317,92
37,False,0,35.155957277263504,139
31,False,15,24.19101224406008,109
23,False,11,4.358418373688082,50
42,False,1,6.28977374485148,56
34,False,13,27.05857017097988,118
15,False,10,20.428514227671474,92
56,False,11,27.317966469823965,138
57,False,6,24.597942596250192,128
20,False,12,5.532635324637686,68
5,False,18,26.88745386651205,78
55,False,21,30.361640358160333,124
45,False,15,19.00602759710542,93
55,False,6,27.510210557375235,140
48,False,18,23.04996213053394,120
25,False,2,4.437571446591096,61
51,False,0,8.61549872264054,87
38,False,16,18.612546865825443,86
46,True,15,17.80373460068209,95
45,False,5,21.02156951174762,100
41,False,23,24.789239886080622,110
45,False,20,22.589359034250748,108
26,False,3,17.908650193868333,66
29,False,10,21.5638280869137,85
16,False,17,31.07945890851534,94
12,False,19,4.209125887395944,36
10,False,12,35.00047382108651,115
11,False,0,31.05273806480771,99
13,False,14,14.695330079364394,61
17,False,4,3.561616350210707,28
23,False,6,14.350538582171502,71
58,False,8,39.414738324201,138
18,False,16,28.424770873247446,100
55,False,5,9.6818587499311,88
46,False,19,5.92215170932001,60
26,False,13,24.670108467480404,106
11,False,9,30.66320537061041,110
51,False,10,15.458711064245852,104
13,False,19,5.838392365806932,67
60,False,6,18.48007836667504,112
39,True,1,2.724321195436872,48
47,False,8,10.320658900203112,91
43,False,14,25.254880275052702,112
6,False,3,5.550043986330987,34
7,False,20,34.19570527473135,111
41,False,11,14.320323236108557,89
8,False,11,1.009478521945438,24
19,False,20,39.27880990605119,133
59,False,7,31.10421657074913,142
16,False,15,29.388251178211625,114
56,False,18,25.12727846021031,136
33,False,16,31.39329750390948,117
11,True,19,14.177965807633276,70
35,False,21,9.459144904596773,75
25,False,0,3.715310178283016,30
22,False,22,20.55759026271792,95
12,False,15,33.134045909973864,102
9,False,4,28.280841188346766,98
26,False,8,17.75835815367635,81
42,False,8,39.4052760237757,160
6,False,16,15.809175222030198,52
44,False,7,28.28164895818545,104
13,False,2,25.72830387728964,99
55,False,8,15.282786572544683,113
28,False,7,33.462017404346255,127
58,False,13,25.01315773754898,138
22,False,5,1.0266586519183043,35
53,False,17,20.21602851415953,111
40,False,14,17.002100908880777,104
45,False,8,1.0682197276204932,51
52,True,0,12.002144494798486,106
32,False,9,24.17745111413569,90
27,False,21,6.285277317550439,62
32,False,17,27.79265017662085,137
53,False,0,0.1602188683734002,55
54,False,4,35.82457868909834,145
9,False,19,5.030784090632952,45
28,False,11,20.6975380329445,113
36,False,14,15.371425745063023,64
11,False,6,22.471202919528373,90
26,False,1,21.86287576884104,106
30,False,9,11.53931087137926,71
14,False,20,4.1814958619678135,25
50,False,18,21.13738831198614,96
10,False,3,2.615429095759698,14
39,True,6,1.4979800430770691,61
41,False,9,30.081218396576364,137
53,False,12,6.2927312118072205,91
17,False,23,29.357915487399,107
14,False,6,18.61614728180977,70
26,False,23,0.2368747447023962,49
15,False,20,5.705853384078367,50
58,False,20,5.809813969819541,74
41,False,10,8.055601455156067,80
31,False,18,19.648176172646608,95
48,False,14,29.245176889112653,111
31,False,1,28.8236422798464,117
23,False,19,37.3835885347824,117
40,False,15,26.467667518126785,110
48,False,11,16.886787789562273,94
21,False,11,16.76187105104999,76
51,False,12,29.49052178927253,120
16,False,23,39.77714241002648,134
60,True,10,9.29717063383721,78
52,True,10,17.1954142315373,96
41,False,21,23.273653860402103,112
26,True,0,34.962966103326025,134
31,False,14,19.844079404648955,79
34,False,13,11.915527621306564,68
48,False,13,27.878693016913463,114
23,False,14,32.43876159969027,114
13,False,8,39.40533889851178,125
27,False,1,18.1769443499848,88
30,True,4,10.075396057556787,85
10,False,20,16.75101231439978,83
24,False,10,18.93838609409174,75
24,False,16,3.4088016425739927,35
24,False,22,12.938389973753482,70
31,True,20,1.9544773267956697,33
51,False,22,26.96691510976796,105
29,False,13,26.52446966038814,121
24,False,9,36.56583188659855,129
57,False,19,0.2885868991635923,62
21,False,5,2.06518085660416,29
31,False,5,35.0947307035429,141
37,False,9,38.08785739630869,145
10,False,0,27.151571661892543,95
32,False,18,7.83016443989358,58
44,True,0,19.507371050880863,98
41,False,22,8.984470541751815,77
51,False,9,25.29165982538358,124
34,False,20,6.359605186125264,66
24,True,17,27.916894241529167,117
14,True,17,23.759904063547243,90
19,False,14,31.95419731797641,123
12,False,11,10.93786844532632,45
14,False,20,32.11192679229821,117
38,False,18,32.78680338237998,144
14,True,7,14.721289414764328,58
8,True,18,22.400308562404927,83
29,False,18,38.01430536358866,143
14,False,12,8.69453287533182,53
50,False,2,24.28241398875788,121
54,False,16,5.388254311306058,77
49,False,16,5.000323063039055,57
8,False,19,6.066738461189043,52
28,False,19,21.452531331174168,87
24,False,16,14.820877019891649,75
52,False,4,7.651170403322962,90
17,False,17,20.58818300605527,74
27,True,0,36.48612397899807,117
37,False,11,27.383321660249788,103
59,False,23,22.15146203076221,106
60,False,21,36.42637835514138,150
14,True,1,5.949377714360952,44
33,False,7,10.62753289136356,73
18,False,11,32.525214872725904,110
43,False,7,12.136463493561468,86
56,False,9,31.118490531242863,125
55,False,4,5.331590312935059,86
56,False,9,28.87689936891785,120
22,False,1,35.01801007336492,108
6,False,14,7.276271668231578,36
56,False,22,16.562940323819788,97
60,False,0,13.433995320401054,81
38,False,10,8.022276223818476,75
44,False,0,16.513257326412365,95
27,False,15,5.244137266998199,53
16,False,5,37.74435225478972,137
15,True,6,31.659575256672657,141
8,False,4,37.5615153102295,106
42,False,15,30.17164083335055,127
56,False,20,19.574904105101893,100
34,False,11,25.93354694305957,112
45,False,0,15.290053171828234,98
49,False,16,22.125641928248736,99
37,False,7,26.32756597343026,113
44,False,17,13.195874618212477,100
17,False,22,17.650212106131526,85
14,False,18,5.543902902640141,57
9,False,22,21.40231427251461,76
40,False,11,26.69217849874076,121
15,True,16,39.26301766621752,135
13,False,12,11.73281216984991,65
56,False,21,20.09382900971243,91
45,False,16,16.696237656086534,93
18,False,13,10.024884177893137,47
30,False,17,7.383367608734399,64
7,False,4,12.357239256184778,41
33,False,23,31.71209705207046,127
40,False,20,4.504605525769584,59
26,False,17,21.07756376537528,94
41,False,9,16.158085991626656,91
21,True,13,20.041199166993547,90
42,False,19,12.700563704982551,82
23,False,16,33.17852383924847,129
37,False,8,24.759112886058485,117
48,False,17,5.618092740122758,64
38,False,13,39.21290518929928,146
23,False,17,10.493607661119473,56
23,False,17,30.740955646534104,112
12,False,9,26.637540431734543,70
9,False,12,16.224197607087486,59
33,False,12,17.187566472261793,75
58,False,0,31.946418640351563,126
43,False,3,7.899297987062715,61
41,True,6,18.083043266916743,89
17,False,12,13.878281502123109,70
34,False,14,25.614132548874068,106
46,False,16,4.84394876150496,42
34,False,14,33.12896234430541,130
27,False,3,21.35779806447333,92
36,False,9,32.28418044737405,96
47,False,23,33.93754931954882,139
13,False,4,23.86114167060549,86
49,False,10,35.232463922962246,134
37,False,8,25.62912254831675,109
32,False,20,14.561212052219544,66
26,False,8,7.408057975120708,55
35,False,11,11.208088033424064,68
24,True,18,35.24284603238175,123
32,False,20,16.663898551044365,75
20,False,13,34.23947223368658,136
24,False,0,27.261815278956764,100
7,False,4,14.351510601745083,62
38,False,22,0.5899971104665382,57
58,False,10,17.166386130611258,104
11,False,6,25.337782673667505,84
60,False,21,16.441637894374985,129
39,False,17,12.823223322264104,91
5,False,18,24.098609201789422,78
53,False,5,35.046854733457245,148
15,False,4,15.806986555933802,62
52,True,19,26.124544654744053,129
9,False,18,9.077388753414247,53
39,False,19,4.867284887564601,58
41,False,14,38.84068602999591,147
52,False,9,19.7679058442559,102
42,False,12,26.3772239233806,109
39,False,12,19.29689040237469,102
46,False,13,16.458959056454034,84
23,True,3,22.404595160272184,82
40,False,5,2.9398115328809693,51
44,False,13,17.878413992922656,119
32,False,0,13.889682713014937,88
11,True,13,12.576222224490849,58
18,False,16,31.76801250041216,116
33,False,18,37.631569100413,133
27,False,4,25.713340467456472,89
36,False,1,10.304664096746816,72
43,False,2,39.97015661617919,147
15,False,8,28.14316016814986,97
60,False,19,33.17156433529664,152
60,False,14,24.32357944984589,115
23,True,10,2.910388684246186,53
51,False,2,8.36513553685008,80
14,False,7,13.764593478810331,61
39,False,21,32.84597833744372,133
54,False,6,1.1290928401820486,76
43,False,16,0.3889795424666989,50
32,False,17,32.336359137013936,111
20,False,8,37.13883429011204,135
50,False,22,30.53352344644955,138
28,False,8,3.647608164702051,51
58,False,7,19.05673765915727,131
39,False,1,15.57238682398602,108
16,True,8,32.14150278736763,106
18,False,18,11.788160568278276,68
52,False,6,39.80967943900365,163
23,False,13,11.286802703650336,59
15,True,15,20.968985599667462,105
7,False,22,15.389576995008031,57
53,False,2,26.29427954776132,116
22,True,13,9.404524909151773,78
50,False,23,24.85212922590124,120
37,False,4,37.25694101143181,127
35,False,20,39.06215857104868,133
6,False,18,29.59279625589696,78
9,False,18,34.853769779882235,121
60,False,8,35.29684429287136,180
29,False,0,27.30791795309689,119
38,True,14,0.2123288494814713,27
52,False,8,13.792756293766756,99
58,False,20,29.2371977110242,140
46,True,14,9.712535953447327,86
9,False,3,11.433654815933483,48
10,True,9,36.05956585669276,109
9,True,18,3.4243886371336267,44
46,False,20,25.22190461389605,113
22,True,22,14.62559589800927,74
38,True,23,38.83913740088447,149
31,True,5,16.357869378617618,82
24,True,11,3.182531321360276,44
51,True,15,5.191811736313303,79
47,False,10,13.461632390472712,89
25,True,8,9.436019965075,78
22,False,11,34.30847462474964,96
34,False,9,34.13772716090574,123
15,False,1,12.574414563420374,58
13,True,2,39.267173681863085,118
55,False,17,25.5975220590288,139
13,False,5,29.749847324216788,106
15,False,6,33.18046049638805,95
20,False,6,13.946849091408597,64
31,False,5,12.927446986008798,60
50,False,21,18.489475398619245,99
27,False,21,32.136020587968865,115
13,True,20,37.6198727276809,120
17,False,22,32.68726394875392,112
6,False,17,13.87293454463897,64
38,False,20,33.58792466781223,133
41,False,16,11.309487069006796,79
57,False,20,10.500792121195392,108
37,False,6,1.5836670499826944,63
8,False,1,0.3181928022633066,15
52,False,16,21.03898970512944,98
29,False,6,13.51617256393356,75
40,False,12,2.259778593893002,63
25,False,10,28.30500644129964,109
56,True,21,38.55706070450088,174
30,False,19,5.429689689831864,56
37,False,3,4.48627403312105,61
37,False,9,18.51905529567597,113
31,True,13,39.343091421029335,144
20,False,5,17.48083261965054,68
41,False,23,22.02438639268556,133
8,False,2,29.306401353261773,87
45,False,1,11.660585307877833,86
50,False,14,36.33567685331062,155
23,False,6,33.1269599199319,130
38,False,1,33.191899715456245,131
25,False,2,12.589153696118547,68
57,False,20,27.97095870154961,149
31,False,17,15.55713404553866,98
28,True,15,21.648993288596976,99
39,False,1,8.891469448059917,76
12,False,16,1.9537328893494537,27
37,False,12,33.59899977659521,158
24,False,0,1.2305759973765362,23
37,False,4,12.206443715063337,82
5,False,21,14.817810848777826,54
59,False,0,31.390118677049763,147
45,False,13,6.398556805282485,74
16,False,10,21.63251078734021,87
34,False,9,8.430542429479194,60
36,False,7,34.30376755534697,135
6,True,21,24.20219495220068,100
11,False,9,37.15727470952789,121
7,False,15,19.369054994002312,99
34,True,19,24.51570034821691,112
36,False,6,24.59298370469419,96
13,False,19,7.254928674599191,52
5,False,14,38.14040608476415,126
60,False,3,7.948111081229463,91
14,False,6,35.50338289388774,135
23,False,3,33.75999096561916,122
55,False,11,7.323347042037874,77
59,False,21,21.706353370921537,120
49,False,5,39.74627284049724,158
38,False,19,4.327823003221464,79
40,False,13,34.15094220400236,131
59,False,8,4.325081126526961,75
19,False,2,2.927451413379634,39
40,False,13,25.86796151808277,113
45,False,16,24.888390964083488,114
15,True,7,36.46330743379563,106
37,False,11,26.09067414120486,112
10,False,6,29.53937750530197,101
18,False,13,11.747805944518683,61
22,True,6,19.238460242675004,98
40,True,22,17.075054061899362,94
6,False,10,11.72756685590831,46
28,False,10,29.13125511075938,107
60,False,10,32.07656229632051,128
54,False,4,6.133576666524292,91
17,False,12,31.763645735874263,92
37,False,1,15.138570838444023,95
30,False,15,16.37181479735271,99
47,False,10,26.503708073056178,121
11,False,4,5.58137578475281,50
42,False,16,24.43620751415145,124
11,False,7,22.531281126874287,84
57,False,3,38.80566227225073,162
55,False,5,0.3584427142867211,78
49,False,21,9.052082739703865,94
55,False,3,18.114495158307825,113
36,False,23,17.388436319773994,93
16,False,19,4.144472743701936,38
35,False,9,32.0842120797841,120
10,False,7,27.43197252527379,81
23,False,6,35.12395352093353,122
31,False,17,25.253562643346736,100
5,True,2,11.343812849310602,54
43,False,1,23.73777582705411,111
51,False,12,28.79053591294716,113
50,False,8,26.030680623993973,139
10,False,22,32.04505857684007,104
10,False,1,15.229412370571971,74
10,False,11,38.91037378461798,129
26,False,11,36.62931344187379,125
47,True,21,11.060918323352508,70
55,False,12,25.891513633545834,129
28,False,6,31.908597340612413,119
31,False,2,24.83820433097707,111
30,True,15,15.505365219787215,87
36,False,3,1.623497955192631,44
16,False,23,22.951569533084403,79
35,False,22,5.983030642190235,57
49,False,20,14.904255374419192,105
43,False,18,27.5622921982248,95
6,False,4,39.22081778209274,121
8,True,5,30.82582465788694,101
49,False,16,15.113667665356935,103
51,False,10,33.83940668490741,137
48,True,2,17.496992043092195,115
33,False,21,34.195167481974615,128
48,False,22,25.74109254244507,124
8,False,18,7.500602970559619,55
35,False,0,29.476023087875586,138
31,False,7,35.874970821937175,152
26,False,16,24.27062978049952,105
48,False,11,0.4212240289012582,49
54,False,3,18.94461930300324,105
59,True,11,5.80598414208117,99
44,False,15,31.635425153078785,133
33,False,22,32.551113335006214,126
32,False,6,32.418323797000376,129
15,False,21,19.32734047318203,89
31,False,17,0.8219856103526831,59
25,False,12,3.418937447861962,48
17,True,23,33.8354134129331,130
15,False,5,12.959120262332236,47
60,False,19,4.839452603956912,80
12,False,4,32.074062126461456,114
29,False,22,30.128987429826623,110
55,False,22,33.89740153642206,140
19,True,13,33.13094515553956,123
6,False,10,30.59009920082984,92
19,False,11,36.80006119740192,113
59,False,9,17.507429967716547,88
33,False,4,4.283301880466424,51
54,True,6,27.254196486611605,126
8,False,0,2.903170009620536,37
8,False,9,28.93018342495904,91
9,False,18,4.727554368121073,29
41,False,19,2.947340499244268,38
20,False,10,12.18072946716518,60
55,False,22,8.161706536052835,83
46,False,10,13.621744596646526,76
40,False,1,14.514333506215698,82
55,False,4,30.942316289560825,125
35,False,6,2.269610742230429,40
24,False,7,19.04365366752634,78
40,True,0,17.934477054380935,99
21,False,11,8.53569625477279,71
31,False,5,37.66144187375674,156
38,False,6,26.57597733065761,104
47,False,0,7.702413618777953,71
19,False,11,11.65037049937679,66
31,False,10,6.664435157284244,50
9,False,3,35.5814468201909,105
34,False,9,35.06956142052466,131
37,False,5,36.89498498418989,122
44,False,4,39.21558920801933,152
25,False,16,9.847750830131051,82
23,False,22,7.491067848698717,44
49,False,22,39.263364943537375,155
38,False,14,2.0954947960383232,44
15,False,15,0.3395370003940048,22
60,False,15,6.161345567801,79
57,False,16,22.780967132679915,116
53,False,5,31.4114773015533,132
18,False,13,17.65585068497286,67
22,False,21,14.366200937880148,74
54,False,16,34.006352225974936,159
15,False,10,33.287704627931696,101
23,False,18,20.9661736712436,86
57,False,8,26.44115991034717,116
21,False,2,2.800748770529472,39
27,False,22,12.873370540150326,88
56,False,3,32.95402207721316,158
43,False,2,8.048486970493663,74
51,False,4,22.716169102605846,106
14,False,1,18.20444989418039,56
6,False,11,3.731603994144917,38
15,False,3,0.1948136293801405,33
40,True,3,1.6796252697740113,46
56,False,2,14.27234957948312,112
51,False,16,27.414064390898496,110
48,False,8,26.62081178201441,115
21,False,16,18.92718504869084,69
50,False,14,25.484095579553976,123
8,True,18,1.3400333814555012,31
5,True,4,35.78030616729482,94
56,False,19,16.37198171462332,108
19,False,12,20.90045179118883,111
6,False,14,4.20463401696796,36
12,False,19,3.3157875811484887,51
20,False,11,33.88444918667956,118
17,False,15,17.94595124565447,67
32,False,5,15.05499398488786,90
53,True,0,7.468548480380384,87
6,False,1,5.771137562542736,34
15,False,11,28.384280089401216,104
30,False,16,22.58341536525308,133
23,False,22,20.085684483631816,77
35,False,22,37.76615723211853,134
14,False,19,12.945263649454787,63
34,False,3,5.709880292158068,45
9,False,2,35.91647939664372,97
49,False,18,24.441215063565668,127
32,False,1,20.64630521698533,77
11,False,5,24.71542156308735,96
51,False,21,25.02246326209364,113
50,False,6,25.698479367747417,136
21,False,23,3.427669494127911,35
49,False,4,19.56303592165737,104
18,False,3,38.55758162416128,154
33,False,21,7.93750951888514,85
49,False,23,6.830834471566936,72
41,False,23,26.366473105614027,135
56,False,20,39.33867775063607,150
42,False,15,1.5306085002550942,69
33,False,5,16.38952298122949,74
47,False,10,13.88125606524571,101
17,False,5,37.15421001080343,115
35,False,16,39.895298270443085,138
33,False,19,18.160081321284643,94
28,False,3,33.50616802544552,118
53,False,23,25.850812207359628,120
24,False,4,12.342344432333666,74
31,False,7,16.28245788156953,80
30,False,12,10.142658246179993,66
45,False,12,26.191669100062835,92
49,False,5,23.67442417120408,121
44,False,2,6.213108490761629,68
48,False,22,38.99011185580392,161
16,False,2,9.514590665709273,39
59,False,3,8.058962702330916,89
28,False,16,28.601718257420885,120
24,True,19,20.099020753565263,93
54,False,12,4.497493183154334,88
8,False,4,21.01203256263848,71
27,False,14,9.468887901368104,47
24,True,17,7.406276523972117,54
56,False,11,26.478559962698657,129
8,True,20,26.145771521964942,85
30,False,18,33.1174271548681,122
13,False,13,36.39745737414402,107
25,False,23,5.504230387393651,38
11,False,9,21.936077768056023,78
56,True,20,29.116326699061524,147
15,False,19,6.137489625873985,51
49,False,12,4.921363796520918,43
57,False,11,29.31103127383432,117
10,False,4,32.53222356109603,106
17,False,6,6.727591874064161,55
17,False,5,31.100944475626708,116
25,False,3,31.60394478321358,122
52,False,6,35.43192584308383,135
26,False,13,1.182034188866928,42
6,False,2,24.660286507234822,91
13,False,14,1.95296013663326,27
32,False,16,21.66421046482828,114
42,False,16,17.213276473704756,98
45,False,12,38.09666061976844,152
21,False,11,21.387661540997147,91
46,True,5,3.789139173275046,56
8,False,10,6.243251689042112,31
25,False,7,22.5351518897045,92
56,False,15,11.49386442788934,108
30,True,11,8.51100413232232,45
22,False,3,3.40594560065242,29
24,False,19,20.87918111894708,73
51,False,16,27.59833691710125,110
10,False,9,21.07239243288432,60
13,False,19,7.872761750488601,41
42,False,19,15.460627887466153,99
23,False,9,8.971052525147545,68
19,False,13,19.752557163556588,75
16,False,2,14.835915042640416,52
50,False,17,30.11764454525099,129
10,False,5,29.84192447018631,104
12,False,16,8.336780517746194,36
20,False,12,36.14983646373632,136
43,True,5,21.07764276196831,114
57,False,22,3.526933843444796,78
17,False,3,18.70595533174823,63
23,True,1,9.7937761841184,56
8,False,20,38.86354844969974,129
8,True,19,26.547757830276737,95
55,False,18,30.21286663727004,147
38,False,22,2.7520465123205176,63
39,False,16,24.97183033210082,119
5,False,1,33.04587603295067,100
58,False,23,10.54493140838989,97
33,False,11,22.660930822306216,101
47,False,22,24.858148870428955,100
37,False,8,16.380562573995043,103
5,False,18,38.98962687479505,114
36,False,2,23.51674007365219,103
26,False,8,20.22350446539165,108
30,False,5,23.897526039027746,114
41,False,5,14.127793299596291,104
53,False,2,16.93848092340844,89
54,True,2,1.4008970765364896,65
26,False,16,32.11818376631712,121
20,False,11,3.616483562033749,37
41,False,19,12.803930612156591,80
48,True,1,12.228986767460704,78
34,False,14,26.66162349007816,97
15,False,16,11.25733429947891,91
52,False,19,5.0603731635383165,69
26,False,20,38.79787965938319,139
38,False,5,15.978129618967362,109
12,False,15,33.07459213148587,102
9,False,8,15.755403982124143,46
23,False,10,27.305094043803333,90
46,True,17,20.779169757380373,107
51,False,16,28.834516643238747,141
35,False,11,5.298877192063345,38
28,False,22,35.824131280026656,142
39,False,22,10.861370576315355,86
33,False,16,36.77626654044334,146
40,False,22,16.85305932730199,69
41,True,3,36.767991783134185,160
49,False,23,3.6950757345925305,56
14,False,18,20.944284258997065,84
20,False,17,19.03652855039676,82
5,False,10,24.55893349163878,84
14,False,3,7.701466348339553,44
8,False,15,24.68998252630412,85
42,False,6,7.464832670587457,76
31,False,16,33.467478074699,113
30,False,0,4.713045135068168,56
33,False,2,15.458374238569462,84
14,False,0,38.2636383069372,119
21,False,14,39.71351549429851,106
37,False,19,25.18204246687977,111
40,False,17,26.32475607188495,117
59,False,11,30.570188442222435,137
10,True,3,12.27277994043179,60
7,False,14,39.59733220151863,124
40,True,3,4.858052074884595,53
53,False,7,18.86292659944052,101
21,False,14,2.4280917799423274,26
58,False,0,37.75765157246685,165
46,False,6,13.495001273187889,93
48,False,19,32.904246404835106,136
29,False,16,32.658387160762715,113
58,False,20,24.40344625642547,118
57,False,4,34.41402547240915,121
57,False,9,30.730566704755493,136
40,True,18,19.19128711167989,103
50,False,3,20.534729262877526,126
51,False,4,27.078725616269967,120
21,False,13,2.162735541425304,34
12,True,14,35.5984642937006,136
55,False,21,22.85424795089944,106
15,False,23,2.2817229574946363,22
50,False,17,0.8614339156198345,77
39,False,14,39.94355206706637,161
26,True,21,9.963757959424523,57
36,False,20,24.97822672152782,129
15,False,3,13.335615804247023,65
53,False,15,39.80698263139546,155
9,True,6,39.84668694490477,110
49,False,6,14.32784837338419,109
49,False,15,18.946982725923288,114
24,False,4,37.82703271577295,142
54,False,8,17.26230344897587,101
10,False,20,37.54968800074431,116
22,False,4,36.69850523752416,118
43,False,6,2.649747675489221,56
17,False,15,8.33476369046035,51
30,True,12,34.4229830247365,136
33,False,2,38.950234595541886,120
20,True,1,31.41425483040106,127
49,False,4,37.19049708401804,143
57,False,8,3.2801914568785326,54
22,True,4,33.24216950640204,114
18,False,2,7.6681819788416385,41
18,False,0,26.347563384364605,98
17,True,6,2.8926113322364007,43
16,False,0,8.20024799757686,68
47,False,0,10.58654213951174,76
51,True,2,21.80565447638145,113
46,False,14,15.33312205755216,91
40,False,20,24.82290743017221,102
55,False,12,32.57519593291673,158
33,False,14,0.9613083249206916,52
27,True,5,3.0626309859176706,54
21,False,14,34.537793160551665,122
35,False,16,30.619270107519952,104
47,True,4,38.90437191387065,155
14,False,22,3.144210846351254,36
16,False,21,10.187160387167376,70
15,False,12,30.99399150762558,103
12,False,17,31.466987000718685,110
53,False,3,34.19440950812625,154
13,False,3,13.48655558977764,58
28,False,10,37.16935659559,141
11,True,20,22.78299455060532,88
17,False,18,14.837391548010626,58
32,False,1,20.40165180026986,89
23,False,7,29.56680111410866,115
60,False,13,32.55283562148979,137
37,False,21,16.812598117815476,78
11,False,3,34.81522283091373,108
17,False,4,29.927858642048083,105
7,False,20,17.690286284860086,63
27,False,15,0.3957560263854166,41
14,False,23,22.7537381234608,100
35,False,15,0.149781770662317,47
38,False,6,30.392273570433044,124
60,True,21,39.67146264651154,146
57,True,15,25.198585586363908,128
28,False,6,34.42733028444788,131
21,False,4,2.860786813121841,44
20,False,4,33.11631969832928,136
33,False,3,31.76099879439511,118
5,True,1,20.08567352113334,76
32,False,18,32.58552772950052,127
45,True,8,4.508578247632889,65
12,False,8,27.54819435694809,109
17,False,19,9.349985979460367,46
5,False,11,12.597436734342915,64
15,False,19,8.620355847923737,43
24,True,22,29.71381957243519,112
7,False,11,8.331821062188009,39
40,False,23,21.22705349814409,108
10,False,19,32.73800939360412,118
56,False,10,3.5861876426868924,66
51,False,13,34.477807608469845,131
46,False,11,33.69765803975279,142
24,False,9,38.84800914601479,129
26,False,6,31.16586141743044,116
13,False,17,25.31248342837273,80
27,False,3,4.655816306660416,59
46,False,1,1.964020568365036,66
23,False,12,31.65036635185174,104
29,False,20,37.113692237811016,129
25,False,14,33.407698953708845,123
24,False,2,25.608075085270507,101
20,False,18,22.79471706790309,87
30,False,5,36.408451120185084,138
44,False,4,27.509541329772365,125
59,False,21,37.59896257658424,167
45,True,8,37.72674665214655,156
23,False,2,39.120540673314295,133
32,True,0,28.74977629121169,129
42,False,3,18.98722858551044,89
45,False,16,7.50702732453446,85
60,False,21,29.59003167856493,133
58,False,10,35.42133012802224,155
43,False,11,23.201008040793187,115
25,False,1,1.2785408181593658,31
60,False,2,39.01020816561897,170
41,True,2,27.753583658943025,114
26,True,13,39.60774359056765,143
15,False,20,9.54744738641568,56
44,False,4,26.93606405933375,108
45,False,18,16.55801556156224,98
14,False,11,7.711248275470555,33
58,False,13,21.69548015682791,122
51,False,5,25.731807184022447,136
9,False,19,21.664219388554,81
32,False,8,18.446298764474854,84
52,False,10,33.33943667057226,146
41,False,19,39.01267268672489,172
53,False,9,23.39719336853274,110
46,False,15,22.53317835203137,114
41,False,6,6.875543988048334,51
31,False,21,19.46748657123824,89
10,False,21,10.810443270571454,27
41,False,1,25.26386843510578,110
25,False,20,8.86102140868911,51
49,False,8,36.741018623779055,141
13,False,12,34.44676419188088,105
26,False,10,35.32153951625838,120
37,True,15,23.105149037594902,92
8,False,11,39.106843195088615,118
38,False,13,3.643971901150272,60
45,False,3,11.610200732707694,76
27,False,11,11.94108639511197,73
59,False,8,8.783956511822339,90
45,False,17,25.45506635860751,121
45,False,16,26.68447943798465,133
50,False,4,36.99476149273216,143
12,False,0,22.09985410080696,50
48,False,6,27.10249445968197,124
52,False,12,17.879917339500174,89
44,False,9,16.959862628081765,93
34,False,14,13.805056503966863,93
35,False,9,37.35340132560647,144
16,True,22,28.71930262465344,121
24,False,13,12.504621935153054,70
46,False,18,16.474118561418862,104
38,False,23,35.14819938373091,139
41,False,18,31.21276577155849,124
15,False,15,18.50133456300957,92
13,False,19,32.555950363785435,114
41,True,10,8.135650511477834,84
15,False,4,28.755946763370453,109
50,False,3,2.2128381924360463,60
20,False,1,33.84551726896262,111
43,False,0,2.765192631165871,52
45,False,21,17.331600913601267,82
24,True,15,17.22451592861667,89
14,False,14,3.326609725798794,46
51,False,13,23.93734096052565,99
56,False,22,21.218751352200293,114
44,False,20,32.878781175071595,134
23,False,12,36.616678253806114,139
51,False,13,34.291760920832644,152
51,False,2,30.87721605562269,147
14,False,2,25.63345708551898,89
29,False,6,26.806064478906745,106
45,False,13,27.915526987069285,125
13,False,18,36.93334198400533,129
39,False,14,29.12256090474717,104
30,False,8,12.875719800626628,76
54,False,20,3.620002357461793,63
54,False,18,13.696619097368457,102
56,False,11,2.038191750565311,76
54,False,17,10.656636735789926,60
39,False,20,11.970283902013325,59
38,False,17,5.889910394058721,62
44,False,13,34.85984553205598,147
47,False,7,31.526556071573577,124
21,False,14,12.498548420831051,72
37,False,12,2.7933426971558086,54
46,False,17,28.25404210495791,127
60,False,1,9.540986212997398,87
51,False,13,35.064397925051125,134
6,False,17,31.44274043328924,88
45,False,0,24.394861739115985,136
22,False,22,35.58181150394458,118
8,False,17,2.785757119228309,49
43,False,9,14.880010694935343,70
36,False,8,0.3232534008540788,61
52,False,8,8.939361935188131,73
10,False,10,26.268021602607305,76
52,False,18,37.13320076612877,143
38,False,15,32.46303631883092,116
27,True,12,12.381554987543876,65
15,False,1,31.55498477517629,116
42,False,22,33.882206387277805,127
13,False,18,20.417007945654515,91
7,False,10,6.295275375042177,30
38,False,23,2.196821782730425,60
25,False,5,22.913312280551185,90
35,False,9,16.799370233823385,110
52,False,0,3.265170292252888,70
55,False,11,25.66545789019209,117
23,False,23,16.407758846456247,84
50,False,11,32.826637675890886,145
46,False,0,23.44114566805865,112
12,False,0,9.823201427097318,34
19,False,21,18.278052977902085,70
50,False,22,20.971101791720795,111
37,False,11,15.111404343015826,103
24,False,13,9.744903171141983,51
55,False,8,15.073533174964725,109
16,False,13,10.44694613396858,62
12,False,7,0.1433299470386567,24
13,False,17,27.28003930983625,93
57,False,20,18.464507613502214,91
24,False,7,27.62372097405051,111
57,False,15,9.558876461353703,84
45,False,6,0.7375049089940809,60
29,False,11,3.026444865413524,56
49,False,12,30.45374989003916,145
41,False,5,34.6111517104798,134
58,False,7,10.469281896027097,96
25,False,18,5.907118193455541,47
32,False,8,30.333421104079715,130
45,False,5,29.962430566356343,132
25,True,22,33.12299050268248,126
17,False,20,2.708410898351332,50
41,True,21,16.51139520713415,93
6,False,10,37.17013930633571,98
27,False,2,16.704257399464943,63
15,False,13,1.5230683484133467,17
54,False,18,4.435467693769931,70
49,False,15,29.938932253416567,141
26,False,18,35.47134187035483,133
27,False,23,4.653289992604855,68
35,False,15,23.524822763811,100
48,False,15,12.023673656746274,79
35,True,12,37.88011260172667,129
32,False,5,31.406845926976484,105
11,False,13,32.65747751554918,103
7,True,11,27.98626438434302,94
57,False,21,27.24705037694398,133
29,False,6,6.068676487265935,63
11,True,8,2.52376127107842,34
41,True,6,27.892763645284298,119
47,False,18,27.150460544756648,135
48,False,10,0.8526283899634094,58
6,False,4,0.9267136109108102,24
31,False,19,3.653932224773864,35
29,False,11,3.509230218211177,54
52,False,14,9.672512471964149,80
57,False,22,30.12839273420648,148
18,False,0,31.851269377538447,105
50,False,20,15.242877773086768,102
25,False,0,30.32934329905318,110
29,False,12,30.52264973078857,126
39,False,2,23.58496930277469,123
38,False,18,10.056343679674942,72
47,False,0,37.669557094197984,154
20,False,6,18.576933094641404,92
26,False,4,31.332420886279262,114
8,False,8,15.143953165998722,59
49,False,22,7.869068314991376,87
31,False,14,4.101050617390594,31
35,False,18,25.56851169698879,113
19,True,8,35.20310496684807,114
27,False,0,33.15720406805406,101
25,False,0,12.593820607326087,78
37,False,15,1.234165189537466,52
15,False,4,25.10083070739236,81
34,False,9,14.315952468356429,74
54,False,0,32.41072716852156,144
27,False,10,35.222107118956195,136
15,False,5,30.168442515411744,124
9,False,20,0.6478586575896688,35
22,False,5,32.62990122005389,119
7,False,5,36.39717568300175,132
20,False,16,5.092306062371109,73
24,True,7,12.145818535184578,68
17,False,0,10.954736975303616,49
11,False,0,27.788376961393503,90
50,False,2,39.58781927345113,158
54,False,21,28.18351195553512,160
26,False,20,12.746017788452836,58
43,False,15,1.5540195774815877,57
51,False,0,29.513756247954564,128
27,False,9,8.321728822651448,57
55,False,21,1.8199061734193445,57
38,False,22,35.51927704560246,111
7,False,0,39.63165136055824,138
28,False,11,27.191502928112165,123
46,False,8,22.20076785343089,110
27,False,5,1.677122965524347,62
5,False,0,32.705511452775866,86
7,False,0,37.87739844208371,115
56,False,18,34.139704209398786,156
31,False,5,38.10719482267158,147
42,False,7,9.7951710932502,76
36,False,22,30.88404996816489,122
58,False,14,37.97120899568348,155
19,False,20,5.7037677980763455,52
35,False,1,31.24729097660337,126
46,False,0,6.493828377164345,45
55,False,21,21.68955568310032,113
21,False,14,8.43201952045157,60
49,True,17,35.521273808203595,135
46,False,7,24.85096182242571,112
18,False,23,22.00308213941125,105
48,False,3,31.91959708516362,121
60,False,5,0.3084894745849428,76
31,False,14,35.619180901148965,120
11,False,1,22.69257339138381,72
40,True,23,4.799011541450065,47
6,False,10,39.17943048989152,131
31,False,23,2.711922893677708,49
58,True,7,36.37531060854108,176
31,False,12,16.648699853348983,81
13,False,19,21.28430508750566,63
10,True,0,15.161485408075723,92
58,False,1,22.16592754048926,128
42,False,6,6.801595783472273,78
18,False,13,19.16427983399232,84
37,False,20,3.072857319724701,53
28,False,7,22.859860646192008,90
8,True,23,33.00452102260006,108
50,False,7,17.774876541188497,105
23,False,3,5.020650846463287,35
14,True,2,8.193056505567812,43
57,False,18,23.23752541680778,127
7,False,9,30.046320391889417,106
39,False,20,21.95578633929172,76
32,False,11,31.229782112999384,121
28,False,12,30.103225862941503,103
32,False,18,3.511520475964649,63
55,False,10,31.771629800746737,145
51,False,0,18.159092238912752,83
32,False,2,13.28416189989049,90
50,True,13,26.35211740514495,132
60,False,11,38.26344437660128,151
53,False,6,9.987443922870908,84
5,False,20,20.39482559688384,63
29,False,4,15.27362892679024,72
42,False,21,21.308325541165253,102
45,False,19,20.063656983208944,108
17,False,15,9.704082996446996,67
54,False,17,20.788152827223843,111
39,False,9,28.668161844870315,124
44,False,9,29.806368624100063,132
14,False,2,14.215871649346758,61
9,False,17,34.72656712987744,121
28,False,14,32.88394916467344,105
55,True,10,28.872442373982835,145
6,False,2,4.068324295203935,41
46,False,2,22.181258475018463,118
37,False,4,2.196282311674304,37
7,False,3,9.428361720875582,29
55,False,23,23.66083586702917,112
39,False,18,14.10285872908311,78
11,False,17,16.586018121535457,61
42,False,12,7.441211368589953,49
54,False,22,27.91860169078517,154
25,False,6,13.681036246422694,77
49,False,5,1.7442338922905578,54
54,False,16,32.871346892279014,143
60,False,8,19.592031796644303,100
10,False,2,26.510845054907424,94
35,False,9,36.2057196816868,128
7,False,8,19.613580423274584,59
20,False,13,20.2456071811944,75
15,False,18,36.12112647041806,122
15,False,22,18.927857135129287,90
30,True,16,10.328907601345607,55
15,False,21,30.474919295254807,104
48,False,1,37.57722341413506,139
6,True,19,36.50247005519924,114
14,False,18,34.12610816685981,99
59,False,9,11.218297739187951,105
58,False,10,10.019752063135682,80
21,False,16,26.153490737628253,92
45,False,8,38.743940838703296,133
53,False,7,3.485713849317961,62
25,False,7,12.299642996412668,40
34,False,14,22.534061105267472,111
6,True,23,24.186154040389766,105
35,False,9,19.07035466092721,77
8,False,20,14.032563501179023,48
55,False,5,20.88347753507401,99
48,False,3,30.297277970173475,130
28,False,15,10.287090331874005,74
57,True,18,8.039163597145919,70
22,False,4,29.599484814620283,117
56,False,15,22.53294275057452,112
57,False,0,2.897101700430775,63
43,False,22,17.616848463281865,108
30,True,8,5.796071584619186,77
48,False,16,37.14033892689664,144
14,False,11,17.140313247716776,76
57,False,23,33.83576613490648,152
11,False,11,38.44749619778133,110
24,False,12,26.12425655572893,121
56,False,1,29.45569105862908,138
8,False,23,5.789275547884002,46
40,False,14,15.612030521065932,80
39,False,6,2.3533804844601915,32
14,False,23,29.311803918282347,86
45,False,20,5.45912070099947,84
35,False,2,0.5081834044412471,40
20,False,9,21.360234170172617,82
11,False,17,37.960707763058544,127
30,False,7,10.94202758736242,75
22,False,21,2.148435715036204,33
49,False,10,11.21367822391078,77
29,False,22,37.51724364760128,129
18,False,19,9.6631133108233,49
55,False,8,25.904006918843816,116
31,False,22,6.32429950629776,66
8,False,7,34.55731276457616,124
47,False,18,0.9797264219093628,38
22,False,16,25.464733167341144,98
55,False,7,31.23828739499077,140
54,False,2,12.22899412398314,64
18,False,9,34.08101796802044,129
29,False,6,16.252413734025616,85
38,False,4,28.57266464723187,116
44,False,17,7.375817558866929,71
21,True,22,6.992976134333662,58
26,True,1,27.46784037879002,119
8,False,23,5.68893321954574,38
7,False,18,6.314048020350294,37
39,False,0,26.9449096056599,115
58,False,14,16.690759087836234,106
28,False,11,6.642391055206403,51
41,False,15,15.091180457646898,92
53,False,2,8.533335633928095,65
53,False,22,17.33536265377363,101
9,False,1,8.19649786157405,56
17,False,17,8.719524391562384,41
43,False,2,37.74437280178567,150
44,False,6,9.586109293725825,59
59,False,12,32.264156877489505,145
57,False,5,35.33039422471772,169
22,False,7,1.5224316890196627,42
40,True,21,28.18662119934988,122
39,False,21,9.779079365330162,60
45,False,23,34.20643158564735,131
23,False,3,39.24670861132245,112
13,False,3,20.231598876617326,81
21,False,20,33.965097614970425,107
21,False,14,5.109434958972139,58
35,False,23,12.151835806815289,69
32,False,1,4.956096874807654,50
32,False,21,37.994110529667495,153
54,False,19,8.812518354957033,101
59,False,1,15.367152004631103,97
12,False,1,37.65866843255088,141
6,False,17,7.554841493575479,31
23,False,10,15.081272601111682,85
11,False,4,1.062443597995372,16
41,False,13,25.98020830121279,113
29,False,12,6.719610516249388,76
21,False,8,30.93231333598767,101
33,False,6,10.11808402694391,47
31,False,12,34.311852918342,133
27,False,17,38.37778284604632,123
43,False,15,37.22515214994687,146
8,False,11,11.77817782530586,50
15,False,13,30.80243369319306,106
14,True,4,10.732820582206756,66
39,False,20,38.62673140748345,143
59,False,16,13.80369507875002,110
35,False,10,37.07448873716675,128
7,False,6,17.344079801304602,62
28,False,9,23.88546603867664,86
57,False,20,29.97219221429132,137
16,True,7,6.17044256549415,58
36,False,11,7.00594645818296,57
17,False,23,28.20416861767076,101
57,True,18,13.692646760520187,98
13,False,6,7.13758501672144,53
60,False,18,29.854737706403537,154
28,False,22,33.74279025095753,144
21,False,11,23.1722131042628,106
50,False,11,26.068744453346586,130
32,False,15,27.708646587700468,115
57,False,6,14.002721184028818,88
58,False,10,29.89009616670985,160
21,False,12,9.650404671443102,48
36,False,9,1.6378558822088063,47
37,False,11,26.69742183793947,93
26,True,6,34.55881423335808,119
48,False,3,33.23110298562455,126
14,False,10,10.554709322891457,61
25,False,2,29.6206923387324,106
36,False,12,30.28314994109879,130
21,False,11,5.351630363010198,30
39,True,15,38.60873347963823,157
24,False,15,5.965038854592101,55
49,True,3,3.8873851873956857,54
8,False,12,12.153865075669238,60
53,False,19,28.50072124032172,132
21,False,7,17.00414288409371,66
32,False,2,18.8641183118611,80
55,False,16,28.137880052096527,140
53,False,18,39.757473787694266,150
11,False,16,11.994943521957314,51
38,False,23,3.627275276503145,77
43,False,16,38.373183584598735,152
26,False,17,36.422600260184026,130
37,False,22,28.36373725287307,128
36,False,23,22.84521143568252,114
24,False,23,27.998945576599446,91
39,False,2,0.5505988275322602,62
52,False,14,3.023837852388977,66
24,False,17,14.75036778416565,80
22,False,20,10.582904947386938,56
26,False,10,39.6024325120842,151
12,False,18,31.60921122730992,123
40,False,21,31.876430986011137,149
25,False,18,17.851585100445362,89
26,False,14,31.661736738670985,110
15,False,19,31.75990502532112,109
22,False,20,34.6789558947024,115
8,False,13,29.931446818926283,115
46,False,20,28.75538088208399,125
58,False,3,6.758524576598213,86
9,True,18,29.70902867113801,89
46,True,17,31.38177219152812,141
25,False,15,35.17905027931446,133
23,False,2,15.435414960213652,82
39,False,1,38.79742362130159,140
24,False,11,35.92028560964272,113
30,False,14,30.54950518074193,103
20,False,19,35.35427919875668,118
33,False,17,22.506114266247515,103
40,False,5,3.923864874156612,62
48,False,12,20.447746671019623,89
16,False,17,13.55574317723794,72
5,False,10,6.745805060031514,50
19,False,22,20.129413921797333,81
22,False,6,25.776768202159182,115
28,False,3,9.483841484476756,66
55,True,11,28.167612958170928,140
29,True,4,18.82902616596667,104
53,False,5,20.72333793025945,127
60,False,2,39.57211533445989,161
28,True,0,6.415470428414682,65
28,False,8,2.2890853668825764,45
36,False,12,21.85172048929765,115
48,True,16,7.184030392984329,78
46,False,23,26.8558031825194,132
25,False,0,6.761960877915958,50
5,False,2,33.65206405330619,114
55,False,0,17.279871741489593,93
53,False,11,27.93878332917856,130
32,False,17,29.74953515181604,114
28,False,3,38.39583837841297,134
40,False,19,13.9041977140524,82
8,False,1,37.04615781449144,119
50,True,10,32.42179186855493,140
30,False,18,3.5645445202680537,48
38,False,22,4.74320797876736,61
12,False,23,17.12087704151433,74
45,False,19,37.42094506045725,153
21,False,12,23.22073204873633,91
12,False,11,20.24477835527064,87
24,False,22,38.61404944776346,123
21,False,17,11.363515561670182,55
8,False,23,0.6973997047689048,22
19,False,1,30.843965801113445,119
42,False,19,17.328011725552365,116
35,False,6,27.618094988279253,129
32,False,23,9.590275148067066,66
44,False,4,27.73025405303148,110
32,True,16,17.446928115599736,93
9,False,10,1.987640893052513,20
30,False,6,4.677000210925799,46
58,False,10,24.57452447771975,124
23,False,5,11.49484659330088,38
25,False,21,4.600438068306497,49
19,True,2,19.8987304294513,70
28,False,15,39.65208121307491,151
25,False,12,2.8203290826518304,58
46,False,12,26.6835644882746,132
18,False,2,10.40890738267046,56
18,False,22,29.49699434189641,113
39,False,9,8.073299217996148,55
18,True,14,30.101566005897627,114
23,False,21,23.19588786582716,80
8,False,10,37.68964044065447,118
24,False,14,12.358554261682752,62
60,False,4,3.9877669605878703,59
24,False,2,32.04275857339087,134
6,False,22,19.1348178147982,65
8,True,15,22.459890057107,84
38,False,12,5.254490873194832,54
49,False,10,28.516820808571435,140
56,False,23,39.59267676977382,164
23,False,4,3.052532503920518,36
32,False,6,28.095515314769496,122
43,False,16,23.65526792755654,115
12,False,0,22.46901498059341,77
49,False,10,25.059256411929614,142
7,False,0,29.249721405107465,86
49,True,0,6.9155906130952784,92
32,False,0,21.287873718353943,112
33,False,21,26.100088170164828,103
32,False,8,30.272095107148434,138
55,False,18,9.009450994661645,97
49,False,21,21.29469110668823,107
25,False,19,15.787752210582893,69
43,True,5,21.219668685200126,92
30,False,8,29.279068401080707,111
32,False,23,34.22354249250802,131
15,False,16,2.2955132943441097,20
35,False,23,36.75001970543152,118
7,False,2,21.910773750674046,101
22,False,5,14.270739687189584,85
55,False,21,20.19170699468745,112
14,False,0,27.307865146228448,78
55,False,4,17.437336774936604,100
17,False,9,5.217450258436661,39
14,False,6,13.307502976431149,74
26,False,11,19.93001728776865,94
23,False,0,3.429361029854888,38
11,False,13,27.69050615558088,104
55,False,15,6.340440728486894,75
5,False,7,22.323327386173403,58
35,False,10,16.4082790390943,100
15,False,21,6.184749999380789,44
32,True,4,20.80859694626147,101
19,False,4,17.16572810464999,87
46,False,22,35.401240640668945,134
42,False,22,39.27445909695347,136
27,False,13,13.330765310755137,78
5,True,10,38.247272199381946,121
53,False,7,13.694920936683063,95
36,True,7,4.031237590590038,61
12,False,13,25.320146587373927,91
14,False,6,32.10945823529782,96
50,False,15,17.346614825104943,101
58,True,0,18.225120080289248,119
47,True,5,29.13784905415124,139
18,False,5,0.821931145502699,52
14,False,10,37.51329930112096,122
51,False,7,9.570045756810854,81
10,False,21,5.138155110971498,46
26,True,0,26.999484071124225,91
31,False,21,13.208729916109352,79
52,False,5,19.114973256214075,103
47,True,15,4.272676393407267,65
24,False,16,26.090491063676367,94
35,False,3,15.92277058302612,95
55,False,1,2.2041332249089205,54
52,False,2,30.930184494768007,137
46,False,8,12.079167420646312,99
43,False,16,34.42025414313506,145
12,False,23,14.578568743672475,53
48,False,19,4.115759176935644,65
48,False,3,23.571328751575244,115
35,False,11,3.001288569778501,49
11,True,8,27.78985255400604,95
55,False,5,14.594778725326972,83
18,False,12,27.22566886495467,115
55,False,20,3.531173776506803,67
31,False,21,11.87914652186033,85
46,False,17,9.202915711942618,85
31,False,22,15.069135765063988,73
27,False,9,3.1420916146063136,73
59,False,9,14.212816392034274,86
58,False,20,20.96277504416844,123
51,False,0,5.205578942682706,74
6,False,8,26.85986747246167,100
19,False,11,2.8244882323178007,34
37,False,8,19.46901376393877,101
28,False,1,8.960404884348455,59
54,False,2,1.9187751392411587,68
27,False,19,11.861089491596823,77
23,False,14,28.8695418765494,89
49,False,4,3.3911866179687347,75
52,False,5,35.47321558784508,145
30,False,6,9.833985602159231,55
46,False,9,12.981092184611786,88
12,False,9,8.48434410945186,60
47,False,20,1.7487574271125836,52
11,False,22,38.83003459716828,120
29,False,18,23.641775597127666,86
45,False,0,32.68623984245025,144
45,False,16,11.775147999086506,97
47,False,0,18.470271612115585,112
46,False,23,7.392292235202371,47
23,False,16,15.967384634729523,67
20,False,7,11.434075378030894,56
39,False,19,18.726832009409872,120
37,False,6,28.49064850169792,125
21,False,10,9.106662953698626,48
44,False,11,26.51600503806116,121
26,True,15,36.28521003391653,134
26,False,4,36.00827392951109,146
38,False,9,29.767851544107312,144
52,False,8,13.66653660862358,92
19,False,11,24.00485876151276,104
45,False,15,29.346017652600924,131
57,False,18,7.726627251740728,86
50,False,22,3.694353748621603,56
15,False,17,23.067487359941296,79
11,False,17,16.144092144464732,80
30,False,14,24.02265664588424,116
37,False,5,5.297849623314145,55
42,False,13,11.794646693347502,82
46,False,19,29.70490492318304,120
38,True,0,16.750402206748888,82
29,False,1,33.752343300006864,113
42,False,5,24.805383736682835,116
20,False,10,11.673361905711236,62
37,True,16,30.16216485780174,134
43,False,1,9.050745874012287,71
21,False,20,3.4561483701458107,30
57,True,7,17.57051415331755,117
37,False,4,18.074976908356817,97
9,False,19,19.522659634307384,82
18,False,0,27.208660018301742,108
24,True,21,1.997883003778021,49
47,False,1,38.93814743868128,148
5,False,10,4.090593829784233,56
28,False,20,20.68461061032202,108
18,False,18,13.424695431958048,54
57,False,20,9.301255128882955,85
14,False,20,39.13840525978308,130
20,False,14,27.85865302579261,85
35,False,18,32.39381068978292,143
26,False,19,35.53676584001576,137
22,False,4,38.00794836037733,146
16,False,19,12.080857767666474,35
16,False,15,2.9638726259300534,26
12,False,2,19.091930342503417,74
23,False,13,11.849617370750558,63
18,False,23,22.72834164640281,86
13,True,4,27.13290887074477,88
37,True,1,39.9114016573447,140
25,False,4,10.942027980998052,67
48,False,14,38.10736929696539,180
46,False,20,12.430944661411514,81
38,False,5,33.21017367358831,133
44,False,8,22.70092570484193,95
46,False,15,20.45643115974782,110
35,False,21,29.05222859072167,127
48,False,7,36.9274328594203,153
28,False,12,27.652375762424285,115
19,True,17,25.842672847578545,99
52,False,22,38.33138397236274,149
52,False,0,0.4507359922924107,45
39,False,23,9.84744489744292,75
53,False,19,35.43937205054043,144
15,False,15,7.890803578972099,45
51,True,14,4.413926630543075,75
41,False,18,25.172208819251747,106
24,False,13,15.100896043325994,98
16,False,17,35.03404439682872,122
16,False,11,19.14084975776233,85
52,False,15,4.380777832026265,60
9,False,17,34.12841851836586,119
44,False,20,38.42212747577483,139
12,True,3,9.656812176555594,44
27,False,10,14.659585681697214,54
45,False,20,39.94253964597903,150
59,False,17,25.91289372259345,144
10,False,6,24.33971788733029,98
9,True,13,17.735808894482744,85
13,False,17,8.64578423536231,55
22,False,12,25.023352101113083,110
9,False,8,36.38833650310527,119
47,False,12,18.28012131627899,123
23,True,17,10.115238233718223,89
42,False,4,36.75132962030207,151
54,False,23,24.643820804950053,121
39,False,17,2.760563102511844,62
25,False,22,13.97677516994303,88
36,False,12,15.84475592521712,102
52,False,3,19.69134305533104,104
53,False,0,21.718525558856967,124
22,False,16,15.409406788896964,91
25,False,5,29.446590781910224,104
18,False,9,39.78735767171849,140
35,False,3,34.33396114136305,138
22,False,11,5.092429976989891,42
44,False,20,15.384889707662548,73
31,False,18,18.35125520673984,99
47,False,11,26.322852127805465,119
47,False,7,19.045153559582104,90
55,False,3,14.461521170798894,94
14,False,0,13.116346477085692,49
51,False,10,26.451526177384768,123
14,False,0,23.77177083749628,82
57,False,4,24.00202555218311,120
38,False,11,22.713583273133388,122
49,True,2,34.00183597712215,131
13,False,21,26.524582125013016,98
5,False,15,1.9885759217966377,31
23,False,6,21.22031715168227,64
23,False,23,35.18212459527223,113
51,False,11,9.531914537263056,77
60,False,2,16.900122849875746,117
19,False,20,23.372949875136555,104
42,False,3,31.99131092358513,132
59,False,1,28.148928799976733,129
7,False,13,6.602660399359047,41
54,False,7,14.145277520154718,73
6,False,5,2.5746312915570626,31
42,False,4,20.010053078178046,85
18,False,3,25.87324468379633,108
26,False,4,6.995352766423354,50
10,True,11,15.928724429844207,55
55,False,10,1.4591352714576082,58
57,False,5,3.2573607396387536,62
51,False,11,23.080388964334464,99
19,False,16,20.25570642218593,76
8,True,20,8.960114627787114,26
15,False,9,17.20985879371266,65
47,True,15,16.50883503178371,93
50,False,23,22.22530280639671,114
12,False,9,4.968199448978293,45
50,False,2,19.68481988364844,121
56,False,11,26.58204048482541,132
50,False,21,16.063338877828315,98
29,False,4,6.28857694509355,51
23,True,16,14.318320556612122,82
18,False,4,38.25940040950685,135
46,False,9,31.841542506040643,139
8,False,5,28.637340480980736,107
15,False,22,11.160470122816625,50
50,False,22,30.81457952846722,122
42,True,21,31.066817446330457,141
44,True,10,13.401810186104765,81
17,False,22,26.98671128424174,105
18,False,22,32.86944356384714,118
31,False,17,0.2410736126973739,50
20,True,9,1.2428760682825646,32
19,True,23,2.023423104412968,47
48,False,7,2.8813234123854814,69
58,False,15,25.45528329701393,126
20,False,6,20.965265786106507,87
30,False,18,26.89312023114777,110
53,False,11,15.099580699502248,94
24,True,5,11.394459636125076,59
33,False,2,3.243041381558097,54
7,False,5,13.403874736151828,49
25,False,17,20.18277749535798,88
12,False,9,10.975811015513676,67
52,False,6,27.381798307143526,135
13,False,9,28.209213354000813,98
30,False,10,29.054503132212965,116
37,False,6,16.13943756751612,91
25,False,15,21.505144966589423,78
55,False,10,19.43229922542364,99
48,False,16,6.454196227631135,89
54,True,2,4.249076175147522,76
15,False,20,20.27939067243665,71
25,False,10,5.225508977423169,36
52,False,11,13.380331459059764,93
28,False,10,35.392628232141206,119
37,False,6,15.079529236002893,95
10,False,7,12.379744473405198,72
42,False,19,17.688809183380478,93
33,False,10,30.4306930924496,116
40,False,22,6.665490927939624,58
48,True,9,11.240400011769989,78
16,False,11,29.041579504997404,99
44,False,0,25.60072448961732,111
47,False,13,21.67667949951394,95
55,False,10,35.97763341070653,147
31,False,3,32.70485457887537,118
8,False,19,22.496635271844937,73
10,True,2,19.20418271894244,67
54,False,6,18.00157824227954,110
26,False,13,18.75603711821493,104
22,False,2,17.742998329466772,68
49,False,6,27.071280159037777,131
21,True,3,5.106413317704325,50
30,True,0,13.971420915689215,106
12,False,22,35.06042928375927,118
11,False,7,21.58546473866569,82
51,False,21,25.87336910786746,119
57,False,11,17.399874205569215,104
49,False,10,15.514538409948496,81
55,True,11,28.94730756620388,125
25,False,18,4.191823027597913,60
26,False,23,30.50567624995865,110
52,False,12,15.961167434292838,93
20,False,2,21.67854963996471,98
23,False,17,4.702862817525793,42
42,False,19,21.55008865603132,98
55,False,20,28.88787756975295,133
30,False,5,10.028064670077791,64
40,False,4,32.12604360397721,124
6,False,5,37.68037828086173,124
51,False,18,27.527604788662387,134
48,False,14,27.19245654354657,124
43,False,9,21.61842168844236,112
57,False,0,17.859927240474384,96
30,False,17,25.42101797192293,99
45,False,10,3.796045447414481,52
55,False,2,31.36987233967135,141
35,False,18,13.579847909226595,92
46,False,7,21.500090232292752,136
42,False,1,1.5231249627955816,54
49,False,6,10.012589746612893,85
15,False,12,23.74681972396343,109
52,True,6,28.39189436820262,128
27,False,23,19.081376083914776,96
20,False,20,34.34141443351792,116
54,True,11,33.97869542442058,140
45,False,6,10.683210480281629,64
14,False,22,3.771606050912732,51
22,False,14,34.956913528261104,116
18,False,3,11.637954138062604,79
26,False,21,4.538048446960707,47
35,False,14,4.016182062758539,68
21,False,8,37.4722235680059,117
54,False,9,25.60639553643297,114
6,False,14,19.96130954186845,55
48,False,4,35.29007840619096,134
34,False,7,5.0063709814857535,68
50,False,9,26.359179003069755,124
6,False,4,39.695049883614764,132
36,False,11,32.75760841159415,114
5,False,11,5.62418941919292,53
16,True,14,15.4728606262529,54
16,False,1,20.887534608336384,70
19,True,1,23.02324719411412,87
39,False,23,20.408317489443327,109
23,False,23,20.344484201176435,93
34,False,19,34.22593641908847,125
20,True,17,19.46519597634193,72
31,False,18,23.072229333625845,106
31,True,12,25.99071453642392,109
51,False,1,38.80163401703187,157
31,False,5,11.33125205644183,66
26,True,20,1.206403256995786,42
30,False,14,17.26130015963301,64
23,False,6,37.53624226654993,105
56,False,18,32.07292395414867,131
49,False,1,27.440746473740788,111
52,False,0,22.068459677154618,114
11,False,12,5.235750301016073,17
12,False,22,28.03355796409129,98
31,False,15,17.194424333104482,93
17,False,4,24.428491959246195,118
43,False,11,32.846616812441404,118
60,False,16,11.40709784053551,87
10,False,14,12.642572669848922,66
11,False,3,30.43281435325345,112
56,True,21,32.618364443586465,141
55,False,0,10.284364253926348,107
32,False,22,34.70630745721872,136
30,False,12,18.47618839017434,96
17,False,4,12.853766200592537,64
52,False,1,23.33319646621162,126
42,True,10,18.34580932226136,87
51,False,0,26.10786010345682,120
24,False,22,37.29082790186663,132
36,False,8,1.8805507374124808,42
24,False,0,32.74114022085804,147
20,False,10,9.693919303147554,81
55,False,1,30.61990123631204,130
30,False,6,12.068758147573083,83
33,False,19,13.994053999739146,66
7,True,1,31.23366233600821,104
58,True,4,6.291130553699376,64
23,False,19,22.12997910288465,89
39,False,20,9.245704278849471,82
48,False,23,21.28652469888834,108
21,True,5,29.445596547631983,108
42,False,2,15.284596171230938,77
47,False,17,30.97746383882278,119
11,False,17,19.66180056882346,67
36,False,14,30.0146765843274,135
27,False,7,13.785657939563372,84
57,False,4,36.26575016532577,157
23,False,22,33.26882636010432,105
10,False,9,20.199612238433684,79
18,False,18,18.69822477263282,69
12,False,20,28.25757630321443,94
17,False,7,10.911657742282602,68
14,False,11,31.65431860273414,101
18,False,3,27.3707687420997,108
58,False,4,32.448667076777255,159
35,False,5,30.4398881976099,134
9,False,18,17.465778238470936,68
13,False,15,26.587747281720628,90
50,False,5,22.564847616691534,109
10,False,7,22.698628167935684,83
34,False,1,16.919370008046922,102
23,True,7,23.3164845321038,89
9,False,8,23.31599872220141,68
60,True,3,19.035180042691927,113
14,False,1,5.341318854082996,55
17,False,10,39.04585247494134,125
10,False,22,3.935199811701053,32
48,False,13,31.874488405740177,119
27,False,20,35.93587233791463,144
60,False,0,18.97161914894965,107
38,False,15,3.914699141504916,42
37,True,2,35.56611582586119,149
51,False,21,31.58816997669585,138
6,False,11,19.351112653469457,73
23,True,1,3.234097432548244,52
50,False,0,30.341222280609365,126
26,True,15,17.419318669896512,80
39,False,20,9.433495870659083,55
45,False,6,37.978769205889,159
38,False,18,8.584494342976418,77
25,False,16,11.73458073323878,70
6,False,8,11.437011467666748,65
49,False,6,10.13465792987684,76
35,True,5,12.534318620357135,92
44,False,23,26.338670101911628,105
45,False,10,3.32409270842518,61
19,False,3,23.67762704953627,87
19,False,20,38.98488638691791,129
30,False,2,37.36045382302027,140
25,True,16,34.21984152517807,146
28,False,0,16.186178254467013,76
5,True,19,34.031380912363474,105
58,False,14,21.40416603451828,128
21,False,20,31.52539900731016,115
9,False,2,26.7137120472083,78
23,False,9,34.93740868968968,120
30,False,5,34.00809054341593,128
17,False,9,37.95917642350359,128
5,False,17,12.52083120021666,41
20,False,11,7.675751389838539,36
9,False,0,20.04730264293086,84
54,False,5,33.68909006513467,126
42,False,19,2.732899051249682,52
32,False,14,25.462010019710384,96
56,False,5,18.024907915175177,121
59,False,15,4.672548480116535,85
33,False,11,24.8378343544292,94
53,False,21,39.0942712612743,163
41,False,2,16.144113888073203,81
52,False,10,12.548240993347008,85
25,False,8,24.39700151741961,107
28,False,7,20.839080232505605,75
30,False,18,5.444615997295841,61
59,False,4,1.5244030850756456,68
16,False,15,17.1532825304226,76
6,False,19,22.126383829827688,84
59,False,22,21.05032281073259,121
6,False,14,33.531555276094295,112
39,False,2,14.20518543287213,83
49,False,8,6.0512932901149625,74
30,False,20,23.73980243413052,118
6,False,7,30.27557329431708,111
37,False,21,33.13835072397149,143
38,False,22,39.3261156877531,154
45,False,2,35.717880001630405,129
37,False,3,6.1534136065681535,64
25,False,0,23.01795084290404,80
59,False,8,6.390495706206497,84
12,False,4,8.4855215982151,63
52,False,1,22.990943640418628,117
48,False,5,12.13528531598019,110
34,False,22,22.592662727666426,97
27,True,15,30.43676654176604,120
8,False,18,22.111691443822547,71
52,False,22,14.525617049503987,103
17,True,9,29.617001714185125,95
17,False,15,35.027380596455295,107
28,False,16,11.632632781769988,62
12,False,1,25.811731621736826,88
8,False,4,34.37439752874362,118
14,True,6,3.856084688244185,51
42,False,18,37.09845684994556,136
43,True,8,27.39909698467244,107
28,True,18,35.024711579424526,138
15,False,17,13.189951359360142,72
16,False,19,1.902784144464977,10
42,True,1,35.8875754787414,144
33,False,6,32.831945260909,120
13,False,5,26.171314419269297,109
39,False,22,16.595952720142435,102
20,False,2,25.628482217093232,99
29,False,7,29.529880452733064,104
43,False,18,4.60648875093429,71
41,False,8,33.68943919952128,135
41,False,2,24.658080556813072,102
33,False,5,4.600310030824812,66
52,False,8,33.83338952892115,154
22,False,18,16.12765987207031,68
29,False,4,0.3751097651042346,52
16,False,7,30.07539562913548,115
53,True,22,36.78456593049649,154
60,False,9,27.66165432383965,141
11,False,15,31.55952895812372,88
5,False,23,36.07637248112312,115
11,False,11,14.60551042119904,57
57,False,19,25.98482069327313,120
15,False,7,38.51445879695577,132
31,False,18,10.55141005414116,60
29,False,6,4.58291083160664,49
47,True,18,15.735023033430132,87
12,False,12,14.707266310168189,54
32,True,14,4.047290494204769,46
56,True,19,0.6090133206182095,53
43,False,5,0.8869495423775777,73
39,False,4,36.70170744575584,130
34,False,11,35.41789539523008,142
19,False,17,18.614867518157013,78
20,False,9,14.84964561227127,47
45,False,1,12.002249600147213,80
52,False,11,29.38160508588173,123
5,False,19,28.981440580481863,99
19,False,3,5.338789210871884,49
31,False,15,3.4252754886378307,36
14,False,14,27.27356433481715,92
6,True,0,3.13912964789916,40
10,False,23,2.673905908011813,37
27,False,6,6.100332217955396,69
55,False,12,9.418737348271875,66
7,False,2,3.8869973046007535,31
38,False,15,30.73369145200494,116
51,False,5,3.413924487480037,75
52,False,17,26.39537778247962,131
25,False,20,34.145268716911275,127
26,False,17,36.92979342471603,125
43,False,18,25.921344586693937,129
36,False,21,37.26545874104113,139
10,False,16,25.0118979086364,80
23,False,19,30.617800722638066,104
53,False,16,8.094108382231676,106
12,False,23,26.334144188251216,78
57,False,4,8.931436934494625,72
41,False,21,25.78264686909344,102
48,False,19,33.81099114821995,160
56,True,16,17.09708435139891,122
52,False,9,10.256536406882642,88
39,False,14,30.61831839761753,124
24,False,4,26.47258140226888,114
49,False,18,19.86516997955912,106
12,False,14,15.352499306755895,66
29,True,20,27.65917049399745,109
34,False,8,28.259655054197108,101
16,False,6,27.393043316265537,95
14,False,0,1.975666317267572,39
11,False,19,27.46325980539881,100
59,False,9,14.983580748196127,83
8,False,2,10.848371401264403,56
41,False,5,22.668664515849542,118
54,False,20,33.444363556694526,166
51,False,23,13.751730983105809,110
60,False,19,20.347684246715133,110
59,False,13,17.262395671660837,108
32,False,5,28.59349698932956,116
35,False,19,12.046147622645917,73
37,False,1,17.20135700425393,84
37,True,5,37.56181759586146,146
36,False,6,16.271511828582078,88
47,False,6,28.770197855026904,139
44,False,12,14.956573045192997,87
39,False,12,18.370219688661727,86
46,False,3,28.804694485483434,112
17,False,15,11.01152600397281,42
10,False,6,36.287515061872845,118
7,False,0,39.688792729153626,119
11,False,9,26.271995794196496,106
19,False,0,35.311214329936114,115
32,False,6,3.1842190822821674,62
37,False,11,24.26700747773156,118
7,False,18,2.5350702108683336,44
14,False,18,15.087800812026856,42
51,False,9,11.808659752210488,100
15,False,18,39.10463261097222,139
43,False,11,23.602945055921367,103
50,False,14,28.05535970348893,140
44,False,15,26.20447638408178,119
43,True,6,38.529877983501024,161
47,False,12,19.03104500518359,96
16,False,3,1.7592577992789924,51
45,False,20,34.132775822589345,145
47,False,18,37.28328426665864,139
11,False,22,31.078383053778246,111
46,False,20,32.63130598374725,121
48,False,20,14.760057963925233,84
24,False,10,26.745708638740982,104
18,False,23,14.22830705091926,58
42,False,12,17.830711621461536,80
33,False,7,10.22894096921995,64
31,False,3,7.793538931029368,49
47,False,8,18.78740208451672,117
48,False,18,32.19058617705526,142
36,False,6,35.451772913909394,130
29,False,6,25.96943132941541,93
58,False,13,27.146220052579128,113
42,False,11,11.153832381829416,67
7,False,22,6.984278172192543,45
13,True,23,36.85194060428709,114
24,False,21,26.521712890354944,95
38,False,22,16.172985183993973,108
24,False,13,5.43194089807232,58
55,False,3,22.314779488372857,142
57,False,21,19.036902552521816,114
11,False,0,24.78594080705765,98
20,False,19,3.6062493751422218,44
28,False,6,23.54322960338072,95
47,False,0,1.9930085186638749,66
38,False,16,31.286286989939484,130
20,False,16,1.2828787349595792,40
54,False,12,36.00978793212402,149
11,False,12,28.36464644934665,88
24,False,1,35.93185806994278,133
36,False,2,27.3100745275318,116
12,True,2,23.31271985625035,73
16,False,13,19.39058516132605,88
33,True,21,19.98041685125644,94
46,False,12,22.92574447279789,106
21,True,6,38.367237001138896,135
46,False,23,23.92417700084616,118
6,False,19,23.90434743996843,88
55,False,12,21.68689084085757,94
22,True,0,39.48584208954386,124
31,False,16,7.356651640012608,59
59,False,20,30.249467036400425,139
54,False,3,17.655690294898857,101
54,False,4,6.139877136317848,88
27,True,9,6.602401841003861,63
33,False,11,2.9165181881105062,76
47,False,11,16.86241070745669,94
25,True,22,29.115381737716586,102
56,False,5,34.30481274005824,147
18,False,16,31.866691628676065,126
37,False,17,2.205958048777472,46
10,False,11,24.88321873873453,90
28,False,9,11.771563326737196,69
9,True,2,14.52417110808373,75
6,False,21,34.90488878731422,104
23,False,8,2.9746759471257014,32
38,False,2,27.765056309320585,116
11,False,5,37.828110188117165,140
53,False,3,19.34896498385732,107
39,True,0,5.993938113736922,67
41,False,5,6.837680309186436,66
51,False,19,9.936944295564247,82
31,False,2,25.18199414106824,98
17,False,1,3.4964120988919047,51
18,False,20,29.734208155148,107
42,False,3,18.2765770782115,97
42,False,13,6.624547907321728,78
18,False,6,12.058397319631064,68
49,True,0,33.33758052498989,152
32,True,0,4.844257157944268,56
58,True,23,14.755593027771525,95
5,True,15,16.696239457717148,64
34,False,17,8.329082011415439,41
29,False,17,35.6606548334293,134
52,False,16,38.07780007763461,139
33,False,22,21.48288971582045,95
26,False,9,34.25080519315907,145
59,False,0,10.033984643583093,113
54,False,18,9.022811239618704,82
21,False,4,38.29528305318068,133
13,False,1,30.64833294846572,107
25,True,8,37.32444115501355,125
51,False,10,21.936552772766746,111
46,False,11,38.72513461816357,150
60,False,15,14.292414114479678,113
42,False,12,14.94473345133764,96
43,False,1,34.964795664318444,163
46,False,5,14.619542334994904,78
58,True,14,9.466006476831064,85
21,False,4,4.352290049160508,53
38,False,14,30.93369212633664,139
45,False,15,38.07898263732972,162
33,False,20,2.913269214644465,46
48,True,5,1.667510848033145,74
42,False,23,11.868683467639343,83
15,False,5,38.450820262733714,139
43,False,18,9.967740376359687,77
58,False,19,25.18906393786026,136
8,False,17,10.654440979837572,53
12,False,3,6.558509673990862,23
33,False,4,36.556693985202415,140
25,False,7,10.459229342562622,80
49,False,18,16.932068823398225,109
14,False,8,37.454625432790486,100
50,True,19,5.013303644373343,69
41,False,11,22.828791412783016,103
14,True,8,39.76988110276631,144
25,False,8,12.289566964857912,54
49,False,3,12.180912981089149,101
18,False,8,15.821726494197495,73
45,False,8,7.691628324190099,71
13,False,18,6.74330411301206,47
23,False,0,35.848296880576406,138
55,False,15,38.14506021185239,144
57,False,8,14.455678391692883,95
25,False,12,0.9099852911543688,44
5,False,20,12.31946655359818,52
12,False,4,4.469158507785616,32
21,False,19,0.8917284454251505,41
46,True,20,38.30886392946187,157
36,False,2,28.200392524668043,123
22,False,16,21.34505898162084,87
36,True,12,2.5003978610273867,44
28,False,21,7.234622195686242,59
47,False,11,31.8087224243994,139
9,False,0,21.644096380129536,86
50,False,11,30.41318308549232,144
47,False,19,16.223826955643784,85
24,False,22,34.9036429995643,103
60,False,17,29.42955607030854,145
52,False,19,22.43292516889944,124
12,False,4,3.896633389681706,27
47,False,1,6.302469983069712,63
29,False,14,13.122099207499389,86
45,False,9,27.689523180504075,136
29,False,17,19.007131054122368,72
28,False,1,7.588437777424411,53
22,True,20,17.05269359217131,75
21,False,4,21.18445387616667,81
59,False,8,31.877490166295296,135
27,False,4,5.845186126262154,42
17,False,14,21.696162943106785,71
13,True,4,25.57561572042164,83
58,False,16,39.76774736037744,151
33,False,19,32.482314811800755,135
28,False,2,25.72834320193501,102
48,False,8,28.1381978704539,126
48,False,16,38.94470908533524,151
39,False,11,22.280391347437543,104
47,False,4,29.648553681619592,112
19,False,18,16.530312138636408,93
48,False,4,0.5507731040296837,57
36,False,18,6.110769369815818,60
19,False,2,26.59345846757208,90
52,False,11,33.20595593233302,124
38,False,16,33.89658897748336,144
33,False,19,28.30332186405048,122
47,False,16,25.74100199653705,134
55,False,22,11.991861059122275,78
40,False,23,1.1980560465216448,65
11,False,5,2.5990165277612487,52
55,False,0,38.82557601618279,168
56,False,23,12.84295569900214,110
38,True,17,38.775889276820216,133
56,False,5,6.275361037391582,77
29,False,7,15.509192906871698,94
12,False,6,38.2150632495326,122
36,False,3,7.688481424929369,62
7,False,17,14.283048309728557,76
13,False,3,0.6038891427290877,35
32,False,19,25.50429260567104,91
43,False,23,37.59093534395437,138
17,True,8,36.69032000484742,136
57,False,15,0.4017077361833627,51
25,False,19,23.01508347329516,82
43,False,5,6.206187631322985,62
37,False,12,30.81958257416269,124
12,False,11,32.269274341196564,106
51,False,21,17.084721096374118,95
42,False,21,12.313401980079355,100
26,True,9,17.060500413426137,70
15,False,2,2.4246873773421767,47
38,False,0,26.556940534768145,124
51,False,21,2.794066537006434,68
60,False,6,38.50953935664936,165
57,False,2,7.710429906756367,58
55,True,9,14.712400744762776,100
45,False,3,33.87776131258786,147
26,False,9,39.51816475495397,149
19,False,14,34.358073878574146,108
6,False,6,20.44407483804494,81
26,False,18,22.950417424875337,81
43,True,5,35.3653431377936,138
11,False,13,5.643163019292595,54
34,False,14,18.3745068224296,91
36,False,0,13.042213184603169,85
39,False,10,15.54293048413521,90
5,False,10,1.1515367232602465,38
48,True,7,5.033316512446135,57
52,False,8,24.83200268597745,100
16,False,1,38.39943761971873,130
20,False,6,3.1211243696060134,50
39,False,13,7.536204471686324,56
52,False,7,5.244138583564653,50
19,False,21,10.113511831903702,62
7,False,15,35.675546894110475,111
31,False,23,3.346454466498736,75
54,False,18,5.9295066772993446,76
27,False,17,18.73896613538909,85
14,False,0,34.223766501419206,88
23,False,4,9.78269019405892,49
30,False,0,18.494193158445665,102
10,False,3,10.38066772669021,44
53,False,15,18.31702689423984,117
32,False,9,23.31568674903401,101
17,False,1,15.680455603454789,74
45,False,3,24.38417634982839,128
17,False,5,28.72554724155242,104
29,False,6,17.460719463267846,66
37,False,9,12.413131782650836,76
19,False,15,17.085745827625725,95
48,False,21,25.970843963579604,118
53,False,14,35.546050996793056,149
24,False,20,7.661488773333152,51
48,False,21,2.1358737285942264,49
8,True,19,21.523126520208663,87
29,False,16,30.24883417642981,127
38,False,5,0.8072002783183997,59
51,True,22,26.33661915763348,135
53,False,2,29.102513455140183,133
24,False,9,6.522146256473232,47
35,False,19,27.655774193483253,104
7,False,10,26.852284521444627,83
17,False,3,18.116279723936508,77
36,False,16,6.242418631255883,42
39,False,10,7.3759784632193,70
6,False,6,19.35595554489168,60
31,False,5,15.878303529528644,70
9,False,6,12.262460790179462,54
34,False,18,34.223173743029264,116
7,False,7,6.058228168907304,13
50,False,8,12.945886446104844,91
28,False,5,16.652299756951,62
16,False,23,4.9703769340786375,28
49,False,17,10.93343254481217,85
60,False,8,29.75126155801662,138
40,False,20,0.4946208587884004,57
11,False,10,15.327801710000196,56
29,False,4,1.419781266331113,51
27,False,20,4.751609846368149,50
21,False,6,38.0396705754298,138
37,True,16,20.542977245435296,104
51,False,3,11.91332533499662,67
47,False,19,39.52031969094328,163
50,False,5,16.123932551747686,106
58,False,10,22.002068013674588,118
28,False,16,11.404406456912067,71
5,False,8,38.290033534393736,122
56,False,23,28.27440867413557,132
57,True,19,12.887080314139885,93
18,False,12,36.741803898155744,123
34,False,19,4.566792423434642,36
15,True,8,33.41371807120267,111
55,False,5,0.6690900921010744,63
42,True,7,1.5900850576131085,33
42,False,14,10.539509571686546,76
14,True,8,23.81442434616422,87
19,False,23,32.730441480621224,111
35,False,7,4.904019124551012,61
36,False,10,20.629394600973825,105
39,False,19,35.67105297547583,145
17,False,7,0.6477667866869756,33
47,False,13,4.051018143865741,62
28,False,5,18.27450109087717,74
46,False,2,29.848186813304768,123
50,False,15,31.92057991653532,137
54,False,23,23.219523562178463,109
6,False,21,8.88299625212324,48
37,False,12,5.255690497877541,66
10,False,2,29.201447523439064,98
57,False,23,9.965025510971254,78
13,False,13,29.894891570324063,97
27,True,19,12.868560853343716,95
7,False,2,28.303779817785493,74
26,False,13,34.37178046741533,134
54,False,21,19.347814991873644,99
29,False,23,3.8839995853856455,43
39,False,11,25.746197536111463,103
50,False,17,39.26528277228308,160
30,False,9,35.90205151250055,120
54,False,8,19.25856648542227,111
49,False,7,3.796800930893778,69
52,False,23,23.809806565245307,120
22,False,23,26.34940276901999,78
5,False,23,35.1200611938546,110
27,True,23,2.5951705075131746,21
33,False,21,39.59607396497344,165
13,False,23,2.0545583103478524,15
14,True,7,19.061291973863906,65
49,False,11,31.29330853924961,117
29,False,7,37.46831984705543,127
5,False,20,3.9896490788767096,43
25,True,5,4.568144416943809,41
48,False,13,11.015473753914726,83
20,False,9,31.833633775438976,105
11,False,3,13.122897270371652,44
31,False,14,3.819089602817632,46
55,False,20,27.164626796873023,138
49,False,21,17.31018448947397,102
34,True,17,13.596004707469191,71
28,True,23,27.83714987435968,110
33,False,8,22.697355901383848,90
14,False,12,2.7957429113387056,50
12,True,4,9.788039234978362,47
36,False,7,38.22713859760484,142
36,False,7,21.122187566455377,98
7,False,15,37.69709371156953,108
43,False,16,34.765619055988985,145
51,False,8,20.72847558906975,97
54,False,19,14.305521759286446,86
11,False,18,14.755126218508384,64
47,False,21,34.541296395653134,140
51,False,1,2.136551920892167,74
7,False,3,7.3655776165598335,52
51,False,14,30.682200384754417,136
27,False,18,37.30293526318692,133
47,False,7,3.3847984674900684,77
50,False,19,33.42374762812029,142
42,True,15,13.683522419757477,105
43,False,0,4.216689758060277,44
58,False,8,39.02621659476347,154
37,False,0,27.88430845370892,104
24,False,0,30.096530042613843,102
11,False,21,22.30827711912673,90
18,False,7,3.790668381631299,31
54,False,21,34.622517343648134,159
23,False,12,9.578941059631688,55
46,False,19,24.1970711095391,99
9,False,4,0.5859773878785663,15
32,True,0,30.98742856710829,105
33,False,17,13.897064893187263,84
17,False,12,15.240081772909472,67
16,False,2,12.891438418107708,52
16,False,12,32.851360919739044,117
27,False,19,14.390136678812054,72
9,False,11,12.554289993198386,61
31,False,16,5.853554728522425,38
5,False,5,1.2184712215205038,10
33,False,10,22.62866984843425,123
17,False,16,23.075036675823647,102
33,False,21,20.021640162044125,96
57,False,13,25.2046891067782,140
32,False,19,13.164923318830413,68
17,False,20,23.72818467342139,90
38,True,9,27.780177088577165,102
27,False,5,30.42732014462913,113
31,False,9,0.4673309254748703,35
5,False,12,12.347995965283133,65
42,False,12,23.754541045255746,108
42,False,2,29.97199634737102,122
40,False,9,37.12201599756465,160
39,False,0,28.093753871827243,117
59,False,21,36.39513291677704,145
7,False,1,13.734437825689032,34
30,False,17,23.48449050405426,78
31,True,11,2.6958714096700733,58
45,True,4,7.355329060898286,84
24,False,1,21.043968399069463,79
52,False,9,36.18162215852137,156
14,False,12,13.716884108765043,89
40,False,2,7.401188140542175,71
9,False,5,10.37009558317045,54
23,False,13,32.29655000917818,114
57,False,18,11.015287758610349,95
26,False,4,6.19053791180822,57
27,False,23,23.31051036861009,79
42,False,8,31.960747121567053,152
25,False,3,16.824038007185226,75
31,True,8,25.11024079115604,101
60,True,17,3.738535768082855,93
5,False,16,6.756037655762037,22
60,True,21,29.698596453148834,129
30,False,18,24.67705207208577,98
40,False,9,10.53343925972932,78
19,False,8,7.57488262397263,51
7,False,1,27.87116611627728,91
57,False,3,9.47810042824338,91
35,False,11,14.84973248915812,77
29,False,19,29.157397472005805,112
12,True,2,38.79282669943463,123
23,False,17,9.631433908234866,60
21,True,9,16.304238459760345,77
35,False,10,29.35427331725969,118
50,False,0,33.24364128658026,138
13,False,22,19.99685578107442,74
17,False,0,6.898477568679768,39
28,True,23,6.932600875984548,66
43,False,13,17.559228804327937,94
38,False,3,20.71547774004457,92
52,False,17,35.60690994016339,157
28,False,7,30.51071652149164,111
58,False,2,0.8489463406657534,78
27,True,11,17.66277133014033,81
58,False,14,20.304240774687635,124
58,True,17,7.843164321201356,89
22,False,20,23.04713470545883,90
27,False,6,9.027049025906482,56
20,False,9,6.2908700360652,47
36,False,7,18.014811163949183,88
35,True,21,25.11406632498515,113
11,False,8,8.35738888218661,48
23,False,2,3.633598180927669,56
12,False,15,33.62143563829327,104
12,False,18,38.91129872707779,147
16,False,13,8.180398067419793,45
42,False,8,31.70866191172673,143
57,False,19,10.266693220155256,74
53,False,19,14.694441187166332,93
18,False,0,20.32104065442445,85
21,False,23,26.46510878032177,75
27,False,4,31.795579205981497,121
56,False,9,16.939841837345682,97
9,False,8,8.565312664576625,61
49,False,6,32.3459074482556,147
8,False,11,1.1991812412562526,28
57,False,6,37.31080156871394,151
49,False,4,39.959915594167256,146
42,False,3,10.400819991458787,66
54,True,21,19.511930212930142,109
43,False,13,19.318227688545,90
54,False,14,38.70170351039152,167
59,False,23,20.53086853154048,124
12,False,18,25.01517032024869,95
53,False,14,1.7466613144226395,66
9,False,3,25.93840473775423,68
55,False,21,26.872892151433767,146
26,False,13,38.168464257599,146
18,False,3,1.0221419666867655,35
27,True,19,7.444800696389724,52
58,False,23,35.56676109534526,170
55,True,3,23.4385252585268,136
7,False,6,24.6824023833758,79
32,False,2,36.60019435195796,134
46,False,2,16.001875968590177,109
49,False,16,15.503288334234892,100
5,False,20,29.175696821403346,96
46,False,10,9.077382985975852,69
60,False,6,22.90902741279434,132
5,False,20,19.563045772991018,78
13,False,21,11.467069534710117,40
51,False,0,16.28315830893207,93
39,False,7,2.5055331845935216,53
14,False,12,4.08508207469574,61
43,False,16,35.80996276076339,139
47,False,5,15.934370163578365,104
40,False,14,33.28699693665505,128
49,False,19,24.0635566312562,133
52,False,23,28.523675669054665,141
53,False,3,21.238578070757832,121
41,False,15,22.584528916151854,126
28,True,15,3.0710578010873224,56
22,False,22,5.603471990699848,62
59,False,21,0.5722360207208382,74
52,False,3,13.926947810816884,109
38,False,12,8.133749840786717,59
45,False,23,31.10516453965699,123
56,False,8,14.147548593271962,103
9,False,7,21.289126442320164,73
39,False,15,33.30266178599776,126
25,False,6,37.91777816633341,135
25,False,17,26.70366101481545,117
42,False,4,23.37439444447861,116
7,False,1,39.59633960403895,123
59,False,2,3.8525648989328665,78
24,False,14,28.34003290354285,102
54,False,16,6.504302122939217,76
28,False,8,35.95567331281213,143
17,False,17,20.18400280953363,87
29,True,17,35.69467466811045,126
28,False,9,16.189456272853658,74
50,False,18,12.400048342816584,95
54,False,13,13.436276536973889,116
18,False,23,34.02935088026329,118
29,False,1,34.69371645303626,111
15,False,8,30.24882645049707,123
46,False,0,11.951917084405686,71
13,False,14,13.176416859774475,62
28,False,6,5.960466009795844,63
50,False,18,14.09765776461202,96
41,False,23,16.186436315451243,92
48,True,16,26.68343062518918,122
11,False,6,20.77358548230422,75
36,False,1,24.768951364145355,94
46,True,23,7.128258916266616,58
31,True,10,30.66973741237965,106
33,False,19,10.33735563017806,65
29,False,3,38.778959223676814,128
11,False,7,27.387174871971546,98
44,False,8,23.43665537739896,114
14,False,0,29.302195406931418,103
38,False,2,5.549653342455588,41
37,True,2,32.78197339736927,136
24,False,11,6.863109045827919,66
23,False,21,2.763797213920028,44
24,False,21,19.090309111130026,70
25,False,1,22.85517080259362,60
29,False,4,29.91643560382565,99
30,False,20,27.37725325088248,126
46,False,4,25.638998586055106,135
37,False,2,18.064787485046025,80
49,False,10,28.226779260633503,128
59,True,0,30.77523473047829,156
59,True,19,30.83686927736948,147
52,False,9,35.17774507377891,161
7,False,6,26.572617938827527,88
56,False,14,38.734679557640526,150
50,False,18,0.5709856774688473,58
32,False,0,35.06355957866936,115
51,False,11,12.529861646900116,96
16,False,13,25.360531641175506,78
25,False,20,11.50800006266134,61
56,False,5,6.206179648883645,69
19,False,16,26.720302777249607,122
20,False,16,4.9679379130459,34
14,True,23,21.54207689204191,96
8,True,0,31.860771769229512,99
17,False,12,3.74485255160637,40
17,False,21,28.36249984931247,117
12,False,21,14.71533915518381,37
19,False,20,9.002832106393889,65
38,False,19,38.73470994386556,155
19,False,11,35.71198304884216,149
26,False,13,13.6909511672575,71
30,False,5,12.679943873300727,74
20,False,23,18.145607045580324,68
19,False,19,15.276929091902543,75
22,False,17,21.857989079446003,94
37,False,16,1.2256525203861772,59
44,False,14,8.379512737998045,82
19,False,16,19.082907113976024,65
50,False,1,5.760373165580403,57
58,False,8,10.170027137064718,103
46,False,11,37.82436296836247,151
57,False,0,32.9870363488189,131
15,False,7,23.148903274822626,94
29,False,19,28.891216524958256,118
36,False,10,35.097638915336724,133
41,False,8,10.38489917028046,87
19,False,1,15.247807832672311,60
57,False,9,9.85565863794161,78
46,False,6,38.34399307043685,155
58,False,5,39.99215228590847,161
58,False,3,8.064135743508329,85
18,False,1,28.72538576521024,109
18,False,12,16.472144952195595,65
11,False,11,31.99933571089219,108
13,False,13,28.63372292966844,96
26,False,21,20.93201984373866,86
10,False,8,27.97123159462895,92
38,False,0,18.008327865651108,99
5,False,7,18.650415954697014,87
21,False,13,2.5141829412023613,52
59,False,6,29.719819130415164,125
21,False,22,34.37203444806295,110
25,False,4,34.717950021682974,118
33,True,17,26.241455621788525,96
34,False,0,4.243855914887993,64
58,False,7,29.773425604241773,142
40,True,10,30.63044219369563,121
45,True,1,21.838481770569068,118
14,False,14,34.13197919024612,108
42,True,22,10.447605238198976,86
50,False,2,15.97168178272731,105
38,False,12,33.00067753531225,143
58,False,1,20.003499764993894,106
14,False,1,11.534093577978323,58
38,False,9,16.98036992282377,105
20,False,9,22.62442715549108,95
34,False,5,12.564933923227418,71
26,False,23,11.332285931552216,75
45,False,13,17.411417997487703,95
57,False,4,35.83776079243311,148
12,False,11,29.07689979292636,116
49,False,6,10.088443311567024,78
32,False,5,19.21698922421115,75
38,True,20,0.1211541529022449,54
43,True,16,27.65404676280778,132
32,False,6,6.710405582044493,50
12,False,21,16.13126831704769,71
32,False,23,28.58203588244876,98
34,False,1,25.086776299514145,118
58,True,22,34.889471703456074,160
59,False,23,19.287562190243698,106
40,False,14,34.09853436859804,120
18,False,19,34.6332967207261,126
42,False,8,14.217670411846996,110
14,False,22,39.78173005221616,131
37,False,15,26.50626433257656,113
42,False,18,10.761938163527276,80
46,False,2,36.836716941077285,133
44,True,13,23.740531397793067,106
48,False,18,21.235040956065667,107
33,False,5,11.030255083329193,73
10,False,12,29.472039433259173,117
39,False,1,37.59568629227904,134
53,False,4,3.502494451035376,74
46,False,17,30.987266986740813,134
42,False,16,6.699246852824127,65
37,False,4,18.599762285381,106
19,False,16,0.9054424505606056,24
12,False,10,9.869126845788728,48
17,False,13,34.74677556110402,108
59,False,13,27.93644123406484,155
19,False,16,26.05639473621367,84
39,False,23,30.679077337617443,119
51,False,21,22.489487868587783,113
10,False,23,17.556445199374767,83
6,False,6,29.84912478009757,121
33,False,13,30.65157056994858,102
56,True,14,9.974918557184022,108
29,False,23,26.534405256995647,87
60,False,21,12.701614049836456,95
15,False,12,23.90777228528602,94
46,False,11,6.738542879623654,85
15,False,19,21.018353935767404,89
43,False,8,11.980392757500766,72
41,False,0,33.943651579418585,138
41,False,3,16.06704959877662,78
13,False,22,26.848512878077827,85
59,False,13,38.434427640228925,159
27,True,7,35.62159880036696,132
37,False,17,25.97609933732138,120
13,True,13,4.208876405982159,30
49,True,11,39.251554883638846,167
36,False,3,17.590781466440266,73
53,True,3,38.59686628497668,159
7,False,20,21.001742338077108,71
35,True,23,0.1569680718693818,44
21,False,12,39.536240541141424,145
41,False,5,20.81545300917407,107
28,True,0,26.152091735424445,84
13,False,20,2.4540767716845133,24
26,False,20,36.00796388637471,142
11,False,18,14.197250643644598,68
47,False,6,35.593030160963146,144
52,True,15,13.066644716523726,104
12,False,6,18.022658487879543,60
25,False,22,33.59721426729516,139
57,False,12,23.535124216130978,106
16,False,14,0.1911949049177657,24
5,True,22,24.80209648486981,89
59,True,3,33.92004866753361,155
34,True,0,15.417275890921983,89
15,False,19,20.44345265144952,83
32,False,7,29.125110555922188,116
59,False,3,11.53071122392814,88
42,False,8,9.335401231304225,68
9,True,20,33.70259111014894,113
31,False,13,31.860171918298136,128
42,False,10,6.801010301796981,90
18,False,16,34.56222991306321,112
49,False,9,37.55053308668023,154
8,False,10,36.78481393041032,131
20,True,22,30.76691591649269,119
48,False,2,2.33416397247521,49
26,False,1,35.40584313994293,142
10,False,11,11.930891598371137,47
29,False,20,37.96413593314381,145
55,False,15,0.7983517359218457,72
10,True,19,30.91310012028581,111
48,False,20,1.8931531260912235,63
11,True,8,3.3564689812999218,44
33,False,6,0.8092999526619032,38
59,True,16,6.437581947247988,81
36,False,3,33.638493792206866,124
52,False,13,5.77594896232371,74
32,False,20,0.4849494908937456,47
59,False,0,34.1833928961673,144
47,False,8,21.34462510473324,101
35,False,5,39.4798808324748,156
53,False,3,32.173472257475886,132
34,False,11,38.68407077106989,138
59,False,23,17.644268139616383,127
15,True,6,12.153704381343925,62
37,True,9,8.872563101366172,53
54,False,21,26.730881080803474,114
13,False,6,36.59132056059425,132
17,True,15,36.98362897530004,99
53,True,10,30.52145579223389,132
33,False,7,17.450655577868027,82
13,False,0,27.459805727236905,109
34,False,17,23.90944608722065,110
44,False,8,23.62586569836373,101
45,False,18,23.3907795074759,108
60,False,18,8.873257672435827,101
42,False,13,4.2711168730695945,72
42,False,7,23.62708729255887,117
57,False,23,7.411431515820762,73
30,True,10,27.686314505603217,125
58,False,17,18.0424616199103,131
6,False,9,2.787976516044441,37
10,False,20,9.53453041351719,34
55,False,6,11.353867239726508,110
8,False,8,2.905573615914861,33
56,True,8,38.03617687202375,155
26,False,7,21.531054702465337,94
45,False,1,4.011584017671223,68
15,False,13,25.02110475060422,98
40,False,6,10.60002465912562,89
9,False,7,39.03647294738102,120
11,False,3,39.62005397928247,126
10,False,17,3.131432886131832,46
16,False,19,20.239486256424367,90
30,False,16,39.532971131759496,146
51,False,5,2.4884000828029715,50
28,False,15,13.638709845695647,71
53,False,19,25.557406837839,129
19,False,7,11.540231925496885,58
27,False,13,25.766701813139857,97
19,False,10,11.3279865987637,60
14,False,7,9.271729564849526,60
15,False,10,36.14603996461405,128
56,False,14,24.930272683895133,122
8,False,5,29.02624064646324,89
46,False,21,20.963094403364853,110
13,False,14,25.294507750788828,94
12,False,11,19.18794688813216,63
27,False,21,25.63707263395512,103
52,False,20,20.56004024738641,90
11,False,11,3.3162645178792536,54
9,False,5,21.75465085788933,81
22,False,17,14.51571563848184,50
59,False,9,37.22508121358865,152
15,False,21,17.26594243556276,80
36,False,21,32.611621105292784,127
40,False,16,4.41986037127726,53
51,False,8,21.09372318063185,105
51,False,10,24.907814492837577,120
60,False,11,21.90757522091848,120
36,False,11,30.16440242856464,132
24,True,5,32.43684995049509,129
59,False,7,2.382146379728588,60
48,False,15,15.244078303574703,103
9,False,13,28.47557598446283,105
29,False,19,5.627660526137581,58
35,False,16,4.331880506954823,58
44,False,5,11.225832927020258,67
8,False,17,10.344695346995696,51
46,False,2,18.6958320858551,94
48,True,4,27.38844990909587,144
41,False,0,37.48218415998943,124
23,False,4,4.290336802593592,55
45,True,19,31.38594757584723,114
22,False,1,35.22230909944775,102
39,False,7,1.4444149789004093,52
50,False,5,16.735642210964148,79
50,False,20,31.202571355392752,145
17,False,1,9.24870270648855,60
43,False,7,1.7819143394658512,64
18,False,22,1.245273264481151,25
48,False,10,9.2976279428769,76
32,False,0,17.327017195851067,80
54,False,6,32.253289993829355,151
47,False,23,24.28359764264001,130
59,True,6,34.02928408163464,133
29,False,19,9.38759539900083,66
25,False,19,17.21521832427423,63
6,False,1,12.05353321351646,62
28,True,14,20.35717292367584,82
7,True,14,4.565768993221633,46
12,False,19,38.66550253524839,119
20,False,1,10.553408278518868,72
9,False,20,25.73303705522088,105
14,False,22,32.05155118161074,128
33,True,10,20.52137439623412,78
24,False,19,3.526189161544932,44
52,True,13,13.72446307619425,90
12,False,5,30.41212095565938,115
14,False,21,32.21770076595317,108
43,False,13,4.907084532265629,51
49,True,5,3.8948773554488194,61
33,True,9,3.1193151586951613,47
21,False,19,14.368462428575263,71
56,False,14,18.027724026924545,113
5,False,5,32.55928714429293,90
17,False,23,26.64991847304087,103
48,False,5,12.119431740428986,93
6,False,15,24.163187508717712,81
44,False,1,9.44745641524798,89
39,False,20,37.5266007387238,146
55,False,21,28.1161360410274,145
6,False,11,31.46422828820414,97
12,False,3,26.576854492768643,76
9,False,5,39.01289126010226,136
48,False,14,18.49315732475273,95
11,False,11,39.11233078188472,107
36,False,12,1.939833547889488,67
30,True,18,13.067610465066016,73
27,False,20,35.42406568535813,122
19,False,10,39.42321240798934,146
48,False,10,32.525442188157406,144
40,False,10,29.828070454793856,126
31,False,11,2.5995395624079323,55
53,False,15,28.282744633093017,128
25,False,4,12.66780017953025,70
17,False,1,38.24386443626309,118
45,False,12,39.032747915889146,173
49,False,12,8.119646574212789,85
45,False,6,1.392599344922292,50
26,False,7,26.151154748250228,112
37,True,22,1.711303684276056,38
38,False,6,26.394676966973755,106
45,False,15,9.658788714942798,77
19,False,23,35.15592224636815,104
29,False,10,12.26329108614292,74
44,False,14,13.251284444774951,102
60,False,6,35.50281479477932,147
36,False,7,32.56555527427938,149
36,False,0,39.3584628289718,138
27,False,2,25.66608464480604,112
26,False,18,29.15849588005264,116
47,False,10,5.712563556592282,69
17,False,10,0.360710863589576,39
6,False,13,23.32463419064901,75
14,False,23,33.838712185747504,117
52,False,7,7.880611456049253,86
50,True,23,6.840641935719337,57
32,True,7,14.606092110088548,99
34,False,8,34.02514369555154,120
50,False,4,17.47184314904209,95
16,True,5,33.64505598279284,100
47,False,23,2.714074881114965,76
25,False,23,19.261002501322885,100
34,False,10,8.47722362334254,75
24,False,3,2.073643639468873,37
16,False,7,27.24270266022868,90
30,False,11,15.478877931532612,81
9,False,1,18.99900094783828,76
53,False,21,21.48268883658416,126
37,False,22,16.67274692021113,73
15,False,11,19.64041799771108,85
5,True,18,10.285643014674282,48
57,False,20,19.25932133330104,104
7,False,9,11.23278335075459,67
32,False,12,30.538404583754744,115
30,False,10,26.90528361465194,97
6,False,21,4.34413293642057,32
28,False,19,19.868640615600505,93
32,False,9,21.892115096300543,99
19,False,6,32.259118584837985,125
45,False,15,22.753670150832928,106
41,False,13,8.31350936148936,70
20,True,20,32.0610147134849,128
37,False,13,13.35660413920126,89
18,False,13,9.768550792901332,64
17,False,15,4.471708528845208,47
20,False,4,29.61916754476005,102
30,False,23,27.991402999511507,108
38,False,12,38.27783017589904,144
6,False,7,7.622119164592846,49
57,False,16,19.04157480913501,100
15,False,19,8.138801417517888,51
7,False,14,35.070685250239606,107
36,False,7,11.11659864965685,72
36,False,17,2.2646407765360137,66
40,False,6,13.119291025842443,81
55,False,8,24.38451996303673,113
41,False,9,12.34685452516325,94
59,False,17,22.95487825840993,124
19,False,5,39.74006145551213,119
53,False,5,10.511216916401178,82
32,False,22,30.902864527945315,137
16,False,15,20.21368196038644,75
43,False,9,33.974915972443746,144
20,False,9,8.310105342366331,66
49,False,16,7.523424251479661,65
43,False,12,12.797703106470358,92
55,False,14,14.68615390247144,99
47,False,14,19.35053383340545,100
52,False,23,21.968401622265752,116
48,False,16,25.609639954149785,125
38,False,21,0.1486607563471019,64
22,False,15,39.58334795430399,123
50,False,6,30.54736439597768,140
31,False,18,31.41898192390929,107
43,True,2,26.31803718553705,111
19,False,14,13.288201472539408,73
52,False,18,39.64023460354022,144
46,False,18,21.65225371457149,117
31,False,13,39.53242769285316,135
8,False,12,31.11181153645131,113
18,False,1,9.634591254964436,56
50,False,17,18.89724748464237,99
48,True,23,18.823256113254605,102
10,False,6,22.07059002413061,101
31,False,1,1.4588335975636402,54
11,False,2,5.114450479836375,40
30,False,13,25.22609916540578,105
59,False,21,30.173001641964834,138
25,False,10,9.651924416411596,87
25,False,14,1.7478044484137625,40
28,True,7,38.92933503070593,120
16,False,16,22.95112678014325,83
48,False,13,24.879718812849028,128
30,False,20,34.10482632846545,152
16,True,19,6.7997738148324665,50
6,False,2,15.228237731479757,67
6,False,17,0.8551837000315368,11
19,False,13,27.40865953859463,86
56,True,16,39.42026066947704,180
45,False,18,23.275052672758697,106
26,True,18,39.8762551666572,144
49,False,23,35.31085804449093,123
48,False,9,14.449249189932274,81
47,False,17,8.519331549910902,75
34,False,1,24.819344610582743,113
37,False,11,34.73232542751513,146
43,True,13,31.8320204477755,145
39,True,4,37.7682554726785,142
22,False,7,8.692176335238692,66
48,False,3,0.5339434733503831,63
38,False,17,36.21062304526567,144
28,False,16,3.498185680215682,43
47,True,11,32.92630055553946,152
37,False,9,30.042221902876683,117
41,False,14,27.26476724536237,119
20,False,6,5.074094890142911,48
23,False,8,21.089742280232567,87
33,False,18,34.678359862037084,138
5,False,8,14.6121939202827,41
54,False,18,36.6816460173075,142
40,False,12,37.6930038622726,168
9,False,2,18.17192385986029,76
43,False,4,4.217572387716989,50
45,False,13,8.695684835612003,87
24,False,0,5.739227175920854,48
44,False,9,19.6370083964108,96
49,False,21,36.63787321545703,153
52,False,9,19.57485095783486,118
12,False,12,25.558338071325267,75
29,False,10,24.173096836403666,91
34,True,9,37.19321145181013,136
22,False,14,21.329215687986604,73
18,False,7,18.106387932480967,64
29,False,18,30.561970331632303,106
15,False,3,28.804333680763445,91
27,False,14,7.818893328414139,58
57,False,2,4.484789459727244,64
8,False,22,4.65096812575113,20
53,False,19,4.648302152315683,64
33,False,7,26.38806981227774,105
51,True,21,6.423703139838667,81
30,False,7,4.580060430612199,37
44,False,23,18.55071901965678,113
60,False,10,35.324534022326645,147
30,False,12,35.05349139230038,156
39,False,7,17.286690740955347,105
6,False,6,20.16894573485217,46
19,False,5,6.645871498848893,54
18,False,0,27.31022140379049,109
57,False,17,19.08696588398985,99
12,False,2,33.07142768986876,121
5,False,17,29.13564911313789,95
18,False,21,24.56173289143618,82
42,False,0,4.700537323799161,56
58,False,4,27.82351500675765,140
22,True,2,35.10765879638943,140
6,False,9,34.39295774524847,118
42,False,4,11.24878017837863,83
33,False,13,14.238414044669543,83
37,False,18,28.23631902726624,113
58,False,4,21.82538362267829,110
22,False,6,36.37478828474331,115
59,False,23,9.597210131030108,89
6,True,17,14.619594528589577,65
33,False,15,15.524098725349743,78
31,True,17,28.400113496301977,125
59,False,11,22.74533609065808,115
27,True,22,32.70758846240285,130
16,False,11,13.10245973465734,65
21,True,12,5.24881595592392,46
28,True,2,33.709478588378055,138
27,False,2,18.128424074457456,87
28,True,6,25.356346066707022,109
58,False,1,9.500075465580416,76
5,False,20,35.209599538771926,107
59,False,21,32.43241051708404,141
38,False,8,28.372207121225923,110
50,False,4,37.21243664709037,131
15,True,2,15.02269224106175,90
11,False,11,23.293211971534063,77
14,True,2,17.88992142470866,84
21,False,13,32.98121482919013,110
49,False,8,9.951376876369745,65
60,False,9,35.669045848892345,161
12,True,4,36.39260789726574,127
12,False,15,21.647243155601984,60
46,False,13,22.319838460290843,116
43,False,9,10.252534571982164,71
36,True,16,7.119406119061545,62
45,False,17,25.622627721551563,131
8,False,21,19.51354837732746,74
43,False,16,5.023274333517457,60
5,False,11,20.331781552281107,68
34,False,23,26.445349507270883,88
53,False,0,28.676052117727625,134
36,True,9,39.4082686119658,144
54,False,8,30.51836523477285,130
23,False,20,21.4275480662248,93
27,False,5,34.25670643156006,132
53,False,14,13.61500485183707,84
42,False,2,17.69433708169091,81
53,False,1,8.652307352654088,84
20,True,16,31.53143089630569,134
25,False,18,2.132738989640142,51
33,False,17,22.84838681638689,110
58,False,23,17.063457540148168,112
19,False,7,22.12635818628988,85
10,False,7,12.638092155162534,40
60,False,21,34.43019384108529,156
48,False,5,9.693479448862018,84
60,False,4,12.139895474710135,102
49,False,8,14.227292798449708,78
15,False,17,34.78879863479581,113
35,False,13,25.86022870924496,128
23,False,13,20.29663456986185,78
43,False,14,17.576533489353107,104
28,False,19,18.526872011104984,100
9,False,4,39.10510898850072,131
43,False,9,25.694440642201403,113
46,True,16,32.71049536305101,142
29,False,3,15.012074886031275,88
10,False,22,18.219318512378702,78
30,True,11,1.953358809355138,51
39,True,16,9.68705017328156,83
47,False,18,35.5505750746976,143
6,False,8,8.587638292756663,43
44,False,20,20.86323748000589,103
50,False,21,3.8280174324617766,64
45,False,8,8.749675013215876,63
36,False,15,26.077665093190152,111
44,False,22,2.633644469153071,64
14,True,21,32.026738136286525,100
8,True,9,10.480141358276327,52
25,False,5,13.980344419135989,79
48,False,11,14.24057712669065,97
46,False,15,1.7620505479744175,47
31,False,8,16.262758550822795,80
9,False,9,18.65752910393188,70
29,True,22,36.224377786120506,159
60,False,19,18.68204025481172,119
48,False,15,26.09871701911869,115
55,False,23,10.476315026255556,92
41,False,23,28.871013603486183,134
43,False,22,19.4799535525446,85
55,False,22,28.07941682676976,134
46,False,14,10.792616443114072,88
37,False,9,35.24303880164783,130
58,True,13,37.18522929305933,157
36,False,12,23.91427138086751,116
14,False,6,4.795240614426973,31
49,False,23,24.10391797562221,110
8,False,14,27.51969780251744,110
23,False,17,5.334606233184175,57
24,False,8,21.09393296977391,85
44,True,19,11.062912783600996,77
29,False,23,24.77841736618988,106
23,False,2,37.75589346920936,113
56,True,4,30.489751879508688,155
32,True,18,18.8349369445,99
13,False,14,7.853484624956696,48
53,False,15,25.623355354556875,136
54,False,17,16.836369589995083,102
41,True,20,29.65245022779253,117
35,True,23,37.04124042562466,144
60,False,5,34.25454403521588,145
29,False,2,12.700145808972293,79
11,False,2,3.109886670127234,31
20,True,11,3.370793478222365,23
38,False,0,38.25915179414327,148
51,False,18,38.50760357369985,148
53,False,22,15.799693871509495,98
58,True,6,14.094120183216814,103
51,False,20,23.07315812300626,115
35,True,4,30.782989624619283,127
8,False,9,31.82337724302766,104
54,False,1,37.46176818234912,151
31,False,5,13.204223994179582,105
39,False,15,4.489657754420474,57
48,False,3,37.91629285237997,143
8,False,23,31.50663201382392,97
56,False,6,3.118767238300637,76
50,False,18,15.014434822148017,90
12,False,1,10.815769225531485,67
32,False,23,22.997934057225528,103
55,False,22,25.187236776160105,119
45,False,22,1.3168676197639904,58
36,False,6,27.504287533798934,107
5,False,20,28.82795389273032,76
31,False,3,9.278895137962586,75
52,False,17,24.42753888623957,142
21,False,16,23.28562765197529,94
52,False,19,6.600081477498152,102
29,False,15,8.43552048535616,44
20,True,3,38.18883388268124,143
14,False,6,15.652708628901564,42
45,False,1,11.371053102011606,91
21,False,6,37.49502891157747,112
28,False,10,18.12936690357596,95
53,False,17,9.492337080662518,86
19,False,7,34.5832599388809,108
32,False,18,21.315367908898352,93
24,False,9,7.102709450521571,54
53,False,10,1.3508821304513274,56
50,False,23,3.8462777974259272,62
35,False,18,26.12118778295496,110
41,False,23,3.132629613132834,65
38,False,3,8.043003361999872,57
29,False,6,30.54144627287944,108
47,False,21,18.99044278839546,106
21,False,3,4.94060342412532,55
15,False,22,38.361075199613694,132
5,False,5,13.283113527605302,47
19,True,1,1.0431877024787304,44
30,False,3,38.94885379672339,128
35,False,13,30.653952817497203,108
60,False,15,15.467885298839384,102
50,False,6,29.49005451809529,111
44,False,17,15.987398797304303,77
8,False,6,27.655112758454656,106
15,False,10,7.512320433718117,21
23,False,16,10.20677585164374,53
39,False,7,26.619654724717314,112
53,False,15,15.717075702660784,98
42,False,7,32.94131610835027,145
21,False,21,14.940497592672523,77
36,True,4,5.101524653305881,53
44,False,5,28.906478517343057,121
38,False,11,7.597589783192362,65
27,False,15,2.055661335844849,37
25,False,18,25.96004042273333,89
21,False,2,17.581645597129537,74
25,True,1,16.054279254166403,76
11,False,1,5.113253132151117,45
23,False,0,8.570234901362197,44
45,False,1,11.262725901473331,104
57,False,23,39.5603223662595,160
48,False,15,29.916209575611667,135
51,False,10,21.39416116026804,105
29,False,10,0.2932422850298914,55
41,False,3,5.3003350121122805,68
38,False,8,31.840723667907408,134
17,False,11,39.46058217281284,135
15,True,12,8.141342982186329,38
51,False,18,34.25500699946409,131
21,False,10,31.8047207494008,104
10,False,18,18.01063307500696,68
23,False,21,22.714985452022155,77
53,False,7,30.28129526780772,121
27,False,2,8.362967550789781,62
7,False,1,39.257110043737576,133
22,False,15,1.0935994913067422,24
6,False,9,19.16761479078969,88
6,False,13,27.20611173557146,70
52,False,18,3.796977038780732,72
15,False,0,13.025059450162644,54
43,False,19,14.309380844376449,87
11,False,18,12.069103441830435,75
53,False,13,32.1023498270689,136
54,False,12,19.18517044748285,99
13,True,23,13.00468565743999,48
23,False,20,6.217430574089637,50
40,False,6,32.88387312868148,129
59,False,20,8.420422945125356,85
6,False,21,0.4888238185301556,13
23,False,2,9.297465619369577,56
51,False,8,11.743751724132942,92
6,False,7,12.520877845573366,46
14,False,4,39.30497583988232,128
26,False,15,22.721931256667386,98
13,False,17,16.587436361836307,65
9,False,1,20.260930214756417,54
24,True,18,14.732524416393264,86
40,False,0,29.28040859420653,120
29,False,11,32.3990738057335,98
28,False,1,25.04177692687225,120
58,False,8,33.608986449303,148
43,True,5,8.11880421577351,52
24,False,19,17.33366436734756,97
45,False,4,13.337114052682695,96
53,False,3,36.501674691459456,153
24,False,22,33.827255903988814,110
36,False,10,30.782553945039,111
16,False,15,10.623849033225284,55
52,False,18,35.436251254101435,146
51,False,15,6.252057290461162,77
43,False,18,21.19214198718836,122
41,False,17,32.74946546957408,133
42,False,8,2.698988186790532,61
15,False,0,39.02566356861296,143
40,False,7,23.27916113801556,99
30,False,9,17.316175564734056,99
18,False,18,36.05768782646422,130
20,False,18,35.5726968061719,137
47,False,15,17.376761199303257,108
39,False,1,29.844051284443168,117
47,False,5,6.649401264820645,80
45,False,7,30.28019802746068,138
23,False,18,16.12229404491646,72
17,False,15,22.400397646938504,79
12,False,15,12.840872124346124,43
16,False,8,38.11323009733966,108
50,False,20,33.915917003368,151
23,True,23,38.2552274967532,142
21,False,17,17.99822125019446,76
39,False,6,24.09528784026792,99
44,False,5,12.112853881696712,91
48,False,20,9.79325613879022,102
14,True,22,10.774926884736791,78
12,False,13,18.93339328387208,69
39,False,20,6.379787702490552,64
51,False,3,8.976773561084986,82
14,False,22,31.39137376977172,107
31,False,13,34.781059273515524,114
17,False,11,23.908372008587133,100
6,False,15,35.223563053178644,126
7,False,21,30.341593612687834,98
59,False,11,29.93602210071833,142
50,False,5,39.73190547873162,149
13,False,9,13.36903319673328,43
32,False,13,22.202301317837403,82
35,False,10,8.793911800948045,83
22,False,23,8.933897792604643,60
32,False,7,26.1925527319161,104
23,False,4,0.7212212898804641,35
53,False,3,28.98412505906848,104
48,False,15,10.838724067784764,80
16,False,20,9.681496649578198,56
57,True,22,35.13857720276099,166
48,False,8,30.807888969295696,146
49,False,1,35.60757714093136,141
41,False,2,38.945124213312674,160
57,False,16,7.796037111077133,92
15,True,12,39.09506524832363,140
42,False,1,17.429818931327024,120
55,False,17,29.39782443842205,112
20,False,7,37.6963794488101,119
30,False,13,12.487162976674473,75
36,True,5,6.605874118090446,56
28,False,6,23.39982626798555,99
55,True,12,19.2843705766371,105
23,False,2,4.008908564619968,29
8,False,0,23.98223995639213,77
44,False,1,14.712680487463553,72
47,False,18,15.380716336795397,99
45,False,14,2.524049867567289,82
22,True,6,17.481867426117795,73
21,False,5,19.89366325440121,81
27,False,5,15.066392421283377,66
11,False,3,8.789899473454975,47
5,False,12,23.26387227119575,64
26,False,19,4.565759014220167,46
5,False,6,16.924797962218317,62
53,True,18,3.2559732814565856,63
33,False,4,6.221375149321122,61
41,False,3,29.47409092902611,127
27,True,23,17.842512352886466,97
12,False,2,9.75582793741877,52
37,False,13,3.748365958479916,68
58,False,19,18.43921301007716,111
7,False,17,3.965837369185589,25
44,False,21,2.3974001678642427,60
19,True,18,19.117110999911947,86
12,False,19,25.96649254861001,99
29,False,7,1.086224656659115,38
43,False,4,16.5197507703378,101
5,False,0,37.99508468136951,124
59,True,1,15.769464440948578,132
23,False,16,23.02571935276909,85
16,False,8,22.24106668952441,80
58,False,7,38.19493894698374,158
56,False,13,3.498662501555205,69
20,False,7,31.233295672610684,104
49,False,8,1.168042986230621,52
40,False,0,10.054097292795763,71
56,False,10,15.31335910370104,106
30,False,21,30.97122137913393,102
44,False,11,14.929100618895124,90
57,False,7,18.32070899127833,125
9,False,8,1.0254476166837752,40
9,False,1,9.386559449777105,37
33,False,18,10.226923497194788,65
27,True,22,37.18423799243141,133
27,False,13,3.34820952886133,32
17,False,2,31.92856350429907,87
11,False,21,11.202102898060298,45
8,False,5,34.81836439367531,108
28,False,7,1.7979325622901758,37
40,False,16,12.38820153927076,82
13,False,21,21.758947169174583,75
5,False,22,14.704720282571763,58
37,False,11,3.984855634652496,77
58,False,16,34.3279067080131,154
18,True,3,23.49207690136339,106
49,False,0,6.843099627605472,72
33,False,9,38.06968148737276,146
50,False,6,14.378941555113547,100
8,False,5,29.65456036226676,83
12,False,4,9.588134131851431,51
29,False,14,17.519424180940163,68
6,False,18,14.956788192651404,52
37,False,11,15.661045041169457,76
50,False,14,33.32312134619765,139
22,False,0,37.22312882283535,122
33,False,3,35.63499794903894,138
41,False,19,4.155284742391951,47
6,True,10,5.3518919860893375,36
6,False,7,30.24509361629248,106
39,False,10,23.5556789254591,106
53,False,8,17.207028390985137,95
55,False,11,18.70023448366738,119
58,True,5,36.10391492189687,166
23,False,18,29.13963924392883,126
26,False,10,36.40781688344482,132
45,False,5,1.6971904888233813,49
45,True,6,15.56636479563425,90
5,False,0,37.85129142286469,107
8,False,21,35.57509814304636,120
22,False,11,3.7920754092611153,41
11,False,16,13.924971593607834,45
15,True,0,16.769118628409803,61
14,False,6,17.70568257517083,81
40,False,3,21.017494994871385,84
59,False,20,13.929568930571628,113
52,False,0,14.36861728353039,96
38,False,16,15.409154731174226,86
17,False,19,27.601561413118382,101
43,True,19,1.66314866244423,55
54,False,17,1.6391509378628295,65
20,False,18,34.31168441878002,93
48,False,20,6.76645598487322,73
39,False,2,23.10931847266852,89
8,False,22,14.205856996904323,86
7,False,3,22.43541571054015,71
26,False,21,5.067872044598244,40
10,False,16,28.093333352454263,100
37,False,21,17.35829013268213,109
25,False,22,15.380678180519151,61
36,False,5,27.469954957096185,106
32,False,13,13.087281284244176,71
32,False,23,23.79724814085834,113
52,False,7,18.36783817864529,111
60,False,11,28.88481613560853,138
15,False,21,32.789899796156334,119
18,False,19,10.665334180629609,49
56,False,4,29.156887783946,156
48,False,14,18.72184261021903,109
34,False,7,38.53992932111112,142
31,False,7,27.48564585832308,112
38,False,20,24.68481535155352,107
60,False,19,1.8424463360265344,75
20,False,0,10.159207869701046,66
15,False,16,0.1285670384003669,35
11,False,17,4.2989092919662735,18
53,False,19,24.707016296045364,94
12,False,0,29.618253027051058,104
27,False,23,26.908931955190805,96
33,False,4,26.183572395017308,110
14,False,2,9.221313749945775,41
48,True,3,26.688872973996155,132
23,False,15,34.73164316327448,120
7,False,10,32.25002150151096,101
7,False,17,1.4279074423306692,13
22,False,20,4.788200432822508,56
23,False,19,9.097813287324527,53
41,False,0,32.41478122878241,118
30,False,2,29.06178507881879,106
40,False,3,27.894972920929227,109
47,False,9,0.2752768984002313,30
31,False,22,32.7173284095146,116
42,False,9,13.515324194383036,88
17,False,20,28.48593322631384,100
43,False,12,9.102855734332442,76
57,True,3,30.949482602153733,145
10,False,4,32.29873545190611,127
57,False,20,20.92336874523308,132
25,False,0,10.846872984480507,48
14,False,13,22.77590770201746,80
58,False,17,10.809542716365105,85
31,True,4,35.03923793974364,124
40,False,12,14.518888738270867,94
47,False,7,7.713430505853162,68
48,False,9,17.18321844186102,77
41,False,11,1.0786813613707544,54
12,False,7,18.11993398278686,68
6,False,4,37.71036022196998,145
40,False,1,9.379487635885942,92
44,True,7,33.17023717161229,101
48,False,15,39.763738428593165,152
17,False,15,3.816801518613168,31
20,True,2,7.091791248755294,61
24,False,2,4.412174922137017,37
18,True,10,15.967402765857615,61
5,False,13,4.273870118161434,25
50,False,4,34.53769237885258,132
12,False,23,7.552455721896296,53
56,False,4,9.934887108364212,87
35,False,6,30.245144156681704,121
55,False,14,30.80083340725952,133
57,True,9,21.19418908238781,116
34,True,19,21.52796149284749,91
7,False,11,11.07348650363175,55
48,False,19,7.372587110021469,82
9,False,3,25.67330427132889,92
53,True,23,29.935440551748044,124
20,False,21,37.20263329872439,109
20,False,8,24.40017431633743,91
33,False,14,31.116063565874047,124
46,False,4,5.198707868752852,51
37,False,7,0.7427883001734535,36
15,False,19,3.953003200590085,34
58,False,21,4.226020087727672,68
25,True,3,0.8259367327371839,47
58,False,13,3.369195422139906,80
5,False,5,20.342764913206217,82
6,False,3,27.937625692272704,105
32,False,10,25.99711911417743,100
47,False,23,11.091818244405705,92
45,False,9,12.73212623982841,99
38,False,14,39.4251050473865,143
48,False,16,3.843507900372422,52
17,False,13,11.517444256347613,32
25,True,6,11.196779571889872,80
18,True,2,1.7863120174409233,25
33,False,16,25.208660520337983,115
27,False,11,9.345360719097483,69
6,False,0,9.027825573745298,43
26,False,10,22.37540856481926,112
16,False,14,28.337325443946742,109
36,False,18,7.867637953989591,77
48,False,0,25.941503819826263,134
32,False,22,19.109687084649902,66
59,False,7,32.45537427419918,161
56,False,12,20.954502024924977,106
7,False,21,33.97714102313021,109
29,True,7,14.214935056547873,69
40,False,16,12.28860078680186,86
11,True,9,37.82879167117432,122
52,False,21,5.861681383314987,68
32,False,16,24.162080643974942,90
59,False,22,26.92652701023084,150
5,False,12,12.894410133783952,64
12,False,22,9.04281610060642,57
20,False,7,30.45084192746853,98
58,False,3,14.732275684538331,110
58,False,22,12.737485683202053,90
11,True,7,9.07522538759632,71
35,False,17,26.88953662218698,130
59,False,23,38.05114459381244,162
6,False,0,0.6884896889080271,22
11,False,21,18.001313941874336,99
39,False,7,28.655962582594547,116
46,False,17,24.28110072577025,122
60,False,7,26.201015220638645,148
19,False,11,34.8503637837041,116
11,False,4,33.96554744999466,108
54,False,15,28.335337744346266,141
44,False,10,6.434350702499541,64
12,False,3,36.3234463243268,132
15,True,16,5.676079642485958,58
53,False,11,33.175472460926365,130
19,False,12,38.02155368580432,143
5,True,21,37.558419486760506,134
34,False,21,39.83073044471232,132
29,False,11,28.86194243316168,116
46,False,6,9.91410617526938,79
47,False,6,5.1279995464166825,72
37,False,6,32.981005503200365,121
38,False,14,39.40175682027562,145
6,False,17,25.77550323195138,79
8,False,4,26.40710809384548,96
54,False,2,0.8491480050589447,50
7,True,3,32.40984542978564,99
10,False,3,7.873993260436045,46
10,False,10,22.257108785862023,72
15,False,13,26.86719587777805,113
23,False,8,9.028800587683673,70
56,True,0,8.084440653259636,95
11,True,2,12.42941746517697,60
54,False,1,39.24191011093955,145
18,False,12,7.60317503428069,47
47,False,15,3.8641959893446094,59
20,False,8,5.502370121998472,48
29,False,2,26.831784708957706,119
38,False,7,27.676306094110817,128
13,False,14,26.839321703938825,108
23,False,1,35.58073965790204,131
36,False,4,6.056224014541052,79
24,False,0,36.84191903063423,126
59,False,6,12.207016609436288,96
58,False,5,8.88182505924166,86
55,False,12,29.298580105713764,144
18,False,17,13.201566000507505,52
9,False,13,13.502318891855328,73
37,False,4,26.095780924584155,99
42,False,1,5.06248270514911,71
24,False,17,33.40659206807458,133
40,False,15,7.37959313076458,71
15,False,10,6.156740802796541,51
15,False,10,36.22648081834432,111
53,False,11,38.04087983266641,155
21,True,22,31.476712459130816,102
41,False,23,17.327442267653854,100
19,False,11,20.897593546556635,64
48,True,19,7.731913973813897,71
22,False,14,21.62314092876356,90
42,False,12,25.27829091585857,116
9,False,14,16.90874560444343,37
43,False,21,39.17076515083969,160
39,False,13,11.80900881351736,77
35,False,2,30.15612476586792,113
53,False,15,32.087677765335066,130
45,False,22,7.727626102041039,69
50,False,5,20.636165284731145,88
28,False,2,9.523196159778152,61
18,False,19,15.851141739588911,87
13,False,23,6.984294640011884,32
9,False,3,5.719516976662371,26
19,False,13,4.0146026454748185,46
31,False,14,25.284395264697057,86
60,False,6,15.479948960477891,88
42,False,17,37.92413769565999,140
16,False,5,22.597570373363546,113
39,False,10,14.07645702092598,89
15,False,9,4.729816550992669,42
34,True,21,12.877798083118265,92
5,False,5,16.744937651809455,73
60,False,0,5.3936844371632295,88
11,False,8,4.625117991161886,43
34,False,7,29.41891512184496,120
52,False,10,21.54085630215957,93
53,False,11,27.64204274019685,123
35,False,2,24.93361226904047,102
44,True,1,5.757394693159311,59
5,False,13,35.445954415754656,112
16,False,18,4.090301761972981,57
21,False,2,5.789153038732908,51
21,False,1,16.10953953012404,72
18,False,14,24.216991909128684,118
34,False,18,18.72967609680133,100
53,False,8,4.274407296100431,79
59,False,7,20.69440576676688,126
51,False,12,28.76935928148113,122
20,False,13,22.542325850999035,81
7,False,22,30.25121984398566,84
46,False,0,39.14227388617032,150
30,False,6,23.16193721569304,108
25,False,8,11.29363775847676,63
31,False,20,30.35247592382965,118
44,True,3,35.69880621305636,147
30,False,9,33.11927118068233,110
19,False,14,28.232306877143284,97
38,True,7,25.80186989966684,105
37,False,14,14.346142196118588,81
56,False,16,17.126470760571895,111
5,False,8,20.660828662679457,88
39,False,22,2.0490610182460016,45
48,False,22,28.459757763328778,136
49,False,16,22.214939489056377,100
50,False,8,32.685025580614585,132
45,True,22,29.310612272986344,123
22,True,12,10.833266956382758,50
43,False,13,24.16236580661398,122
12,False,3,36.01957478050599,126
57,True,7,33.413957760729595,152
56,False,2,8.742063284889355,81
57,False,23,19.89528170699606,112
14,False,18,28.114022340379297,84
11,False,14,36.13940456690958,116
60,False,9,10.741265864410934,96
47,False,5,5.459607813685612,53
25,False,17,1.7595911001242082,46
36,False,6,5.864498934726493,81
58,True,16,8.842991452368475,79
51,False,16,1.313995489186005,46
22,False,21,32.83177851790106,124
41,False,16,23.768234661499505,104
11,False,15,30.34853016705563,117
34,False,10,15.973502711174287,64
23,False,14,29.459381749387187,131
37,False,11,24.09173766725478,118
37,False,9,15.681461621354051,103
38,True,10,21.936378797496907,90
51,False,18,31.503644475297826,137
18,False,21,7.278525062277251,63
14,False,14,12.95579875220795,43
60,False,19,38.17542118879355,153
31,False,0,20.66813763259496,98
52,False,11,27.25022296880976,109
42,False,16,35.151121867268365,139
5,False,4,24.02339857398177,78
16,True,7,22.14284266760544,97
15,False,4,35.90163020812453,119
37,False,8,21.99364544783489,88
14,False,18,18.10818567506797,66
30,False,20,37.97261439831405,127
8,False,1,21.067554636603266,77
8,False,14,13.842039272891942,60
41,False,22,20.45222964826152,103
44,True,0,14.156672691501251,95
19,False,6,4.167387987745887,35
24,False,3,19.731979340620416,85
32,False,5,16.269312866030734,81
39,False,5,18.489358325847057,108
52,False,12,28.88561574385462,146
37,False,0,10.408533871984108,101
40,False,11,6.464529535171155,82
17,False,7,23.39588356699312,81
15,False,18,32.63632157853463,125
56,False,14,14.52103316981032,103
30,False,20,36.47331910600695,126
59,False,7,2.5040346955099624,63
59,False,7,37.97722162401239,161
45,False,9,25.57360179087812,131
31,False,5,1.7938760118180184,40
45,True,7,36.72211685549339,159
32,False,6,27.77814441212493,103
57,True,9,27.38398948661985,150
48,False,20,3.4752454540872884,55
37,False,8,33.44251618824306,125
42,False,13,32.334336499413986,141
52,False,5,9.036377827211336,46
56,False,18,31.08045707504544,156
20,False,11,0.1961169165691277,33
5,False,20,5.198084463554628,22
56,True,13,6.332547959096598,83
57,False,5,8.973519784683033,91
50,False,21,35.384155046284896,125
15,False,21,18.68412743505764,60
7,False,7,15.474822806635324,55
46,False,0,8.189428992302284,56
39,False,12,14.105563899605936,83
5,False,15,32.86942340703607,103
17,False,12,22.33665344504369,103
50,False,2,29.773456072618167,137
54,False,22,27.473615125674304,136
58,False,6,38.39296025558817,155
22,False,10,13.719336316657351,56
32,True,19,28.4958718922051,115
21,False,10,22.43488744299736,97
55,False,0,19.11773812776777,116
22,False,3,25.961732735486407,106
25,False,13,14.742202092500785,87
30,False,12,26.91401506385313,103
28,False,17,23.30718176684708,99
33,False,7,22.62583237581811,88
6,False,12,12.636415504725864,59
14,False,22,5.513208467973563,30
13,False,9,1.4033850472015594,32
59,True,15,3.6525843956034216,81
16,False,11,21.96780873340164,92
53,False,9,5.183023791900979,76
5,False,7,37.19550674586497,118
60,False,3,30.496698237726346,129
60,False,0,14.63639629495259,93
29,False,6,4.417348283342392,60
26,True,17,22.03136020542165,87
19,False,3,20.06001603699565,86
32,True,10,38.34259170452178,154
33,False,22,27.15299156142219,126
6,False,19,5.394267040065327,48
37,False,8,27.07030294229844,126
50,True,15,19.210848918540123,111
20,False,14,24.469805162602167,80
29,False,22,29.082208742261827,106
25,False,7,14.31885621935326,75
42,False,0,24.925962232723844,116
42,False,1,12.92805934837273,66
34,True,14,28.5551174884067,117
39,False,14,30.18012400511568,133
32,False,0,30.07789287624213,119
56,False,8,29.587127695369286,144
22,False,16,0.5440145248614426,32
49,True,8,33.373763649432526,144
48,False,19,13.178446251346369,86
6,False,4,27.16197775899668,76
40,True,16,17.420697526297385,72
8,False,19,34.38582598657682,117
27,False,7,3.594490007708588,52
11,False,17,17.059950066925236,87
7,False,19,28.034538010468665,109
15,False,14,5.86386762778569,47
5,False,6,3.184078729518019,42
56,False,11,1.9065586460230368,72
10,False,2,3.547420616800357,36
56,False,12,18.35190309016887,94
8,False,18,33.148909203943475,102
9,False,22,4.04605383897761,24
29,False,19,2.649342107018667,38
39,False,15,28.38896379830226,118
25,False,8,28.156415377853747,111
49,False,12,27.03792200310042,111
55,False,6,22.87578067527116,107
49,False,21,20.66477478095268,124
22,False,14,18.73784501408772,97
20,False,0,10.204136140311164,48
29,False,6,10.384942266079875,55
13,False,21,23.27991303818815,83
34,True,5,12.61425615647576,91
15,False,19,20.359738794944587,64
30,False,20,38.45633765227927,153
28,False,12,21.487188485914373,102
23,False,4,1.4139334985636327,54
8,False,1,5.46216253469149,45
35,False,16,38.95824725846607,147
26,False,23,21.207979648496423,100
38,True,13,2.431680158702323,62
60,False,15,18.44323372566283,123
11,True,5,29.22925330793031,109
46,False,16,39.11709684091007,149
36,False,19,17.062121820202712,84
11,False,3,37.08222684398888,132
45,False,10,6.927524691492197,77
19,False,11,35.265198255761874,119
5,True,7,1.178815023649699,22
33,False,16,19.063948611345005,93
31,False,20,29.5404319617767,131
7,False,10,20.58181683037529,66
60,False,20,23.670991994703154,129
51,False,13,30.093090289230098,109
25,True,4,18.961371877317127,90
29,False,22,31.397036614118587,114
58,False,18,0.9915346238822031,68
47,False,8,37.70185957647613,124
8,False,1,6.865495435088804,49
23,False,6,31.470877788729616,111
12,False,19,3.853289286058293,41
18,False,5,16.20820760918216,94
34,False,7,38.9839601331016,155
13,False,8,32.89202227484111,114
9,False,13,31.43333558582919,85
22,False,15,33.00846141971249,121
23,False,20,26.82596357107656,94
55,True,17,6.123588102267826,53
46,False,6,30.42673397420988,146
60,False,7,22.29964664326533,129
58,False,21,10.116357839827955,82
24,False,19,11.16749683504813,76
41,False,20,19.67712899512572,103
8,False,4,7.165398551423101,40
18,False,17,5.610453246733962,55
32,False,0,38.43621222022929,122
19,False,7,21.107872272376788,88
51,False,12,18.9917339355338,103
15,False,6,38.05038663769405,126
44,False,13,3.878043383061809,63
49,True,7,16.928290034188358,99
32,True,1,17.942342499121406,100
9,False,1,27.283230364646663,90
56,False,15,1.8000170978198895,55
22,True,21,15.767897988968272,73
50,False,9,11.269071945583244,77
51,False,1,15.3195184218605,89
44,True,2,35.39925559263383,147
28,False,1,25.961453523061703,95
55,False,0,27.921252318183843,143
12,False,15,5.793875531794554,45
7,False,3,15.873206203169932,59
41,False,5,3.3817384302768154,67
56,True,21,1.2249574655996511,81
22,False,7,36.95846993604959,126
51,True,9,16.094765293363675,97
22,False,3,39.60316272791799,130
9,False,10,32.741284555848274,90
39,True,0,11.461454330690362,75
22,False,4,32.410702209718444,124
5,False,17,39.64929713208639,116
47,False,14,36.74447475672346,166
50,False,17,38.28691757032148,158
46,False,22,24.38264643007515,114
21,False,18,7.589150327663249,58
40,False,12,11.486702530240724,90
31,False,23,32.93661675840686,132
56,False,8,3.3109885758768147,52
12,False,11,23.9578145612794,72
49,False,19,33.79827282351827,120
22,False,8,28.30259295682229,98
5,False,3,4.816584063215733,31
55,False,3,25.974516223063247,124
49,True,3,39.97770152323124,148
19,False,9,3.674113281735144,25
29,False,22,38.2271820873124,144
8,False,7,23.44660465651576,91
53,False,7,20.868829724488915,124
53,False,7,14.597021117671222,100
33,False,6,20.94325860445155,109
12,False,12,20.893978034474948,85
52,False,6,4.2761265381799936,51
7,True,3,17.476207773342207,68
35,True,21,7.7020978650809,63
27,False,3,7.23893019580029,48
5,False,14,12.276039636881782,44
40,False,17,13.585193908024864,68
32,False,13,11.645379719509162,98
43,False,1,10.935339558410975,87
58,False,15,26.168255868596685,138
14,False,23,19.720032528062447,83
15,False,22,7.227740799053949,66
38,False,23,16.333991193325744,98
36,False,7,3.387843609600136,53
37,False,5,9.746635291098071,55
32,False,3,24.2264616876217,105
19,False,6,26.737929560030047,95
27,False,17,6.409656273426031,54
25,False,17,36.65939741428419,120
38,False,18,35.977067042466615,135
11,True,2,26.05358636357341,96
6,False,5,3.735420106213594,32
41,False,9,34.27797077788735,146
24,False,4,4.468557879320128,46
24,False,11,7.315839721571566,48
45,False,5,27.84726375866436,137
5,False,7,23.357317356114407,78
29,False,15,34.25716822763935,130
23,True,8,19.94918678871504,94
37,False,10,33.52282760528284,132
13,True,15,34.242834331172006,99
37,False,7,11.96318757255587,78
31,False,2,2.6061837176161773,46
31,False,4,15.198742742892426,87
49,False,15,35.13806587029127,141
40,False,22,16.346672778346175,70
30,False,15,1.5085032380999766,54
35,False,23,18.94623161224893,90
33,False,23,27.61750472322594,109
33,True,23,30.21602462513279,101
51,False,12,11.411386607411602,113
31,False,19,1.777880072984639,35
49,False,11,6.620231256387767,70
14,False,9,8.5695075663634,39
22,False,4,12.033732064368133,73
32,False,3,4.363839394444807,31
36,True,14,23.18285800894346,106
16,False,11,22.87978500443667,82
25,False,4,13.335225241317085,67
17,False,21,7.53318620906618,31
22,False,5,3.617220711365703,34
50,False,7,0.4973817885686441,69
27,False,4,4.223335787918561,55
49,False,10,14.12625612304028,90
19,False,13,5.803812532045738,52
39,False,13,20.999156519000056,106
45,True,14,18.640959604896263,112
57,False,9,37.62784380453499,143
55,False,14,0.934378302998621,72
51,True,23,15.496796179940931,103
24,False,22,19.720578000821995,103
30,False,20,39.671795526601485,169
27,True,0,30.31829694214121,98
22,True,5,33.88402671970639,126
9,False,12,5.79933163440748,49
52,False,21,5.381076662367749,97
51,False,6,4.059524947873651,66
34,False,3,22.433963209585528,87
56,True,1,4.554777492155994,49
6,True,15,20.21091977394295,74
24,True,21,18.535372938686788,87
31,False,19,0.6877341841936112,33
59,False,4,4.398128771923027,85
20,False,19,11.961017953399343,65
45,False,13,2.2061079763420284,54
60,False,16,34.92225869835955,153
54,False,8,36.913223754868525,143
15,False,13,2.239246928369934,36
52,False,23,11.474542056254014,82
51,False,17,6.282058209128729,95
14,False,11,21.03036124480688,80
47,False,8,22.28408406660494,115
45,False,6,34.44268949818288,143
9,False,7,34.96114004029449,121
53,True,12,18.978549340830845,130
21,False,20,33.53253369768559,123
57,False,8,2.7455570401539293,69
52,False,11,29.50037431837737,133
48,False,10,28.06327178382996,114
16,False,13,10.864751565962692,53
15,False,15,4.25904014211062,51
16,False,10,17.248939621039074,87
22,True,2,37.89234966525522,134
26,True,18,39.50274639705409,125
22,False,15,30.259363702196616,102
51,False,3,3.6269033511442905,79
33,False,13,12.010650229027616,68
21,False,15,8.608689166281431,73
48,False,14,27.74144918996375,115
31,False,19,11.207172478383184,83
15,True,18,5.934751295770725,50
5,False,12,13.458490119674332,53
15,False,18,38.89168750423266,143
39,False,18,24.218673146264205,97
45,False,1,16.833706272110202,86
14,True,20,21.940652794343627,93
49,False,7,35.919977681180015,158
28,False,22,28.095887204664404,96
40,False,22,19.0841447878636,91
60,False,2,26.933315102713447,137
18,False,16,12.505875690332408,84
59,False,11,38.3560350621224,157
56,False,19,10.014734503665242,103
53,True,6,21.86245228746797,121
12,True,4,37.03353515891605,107
43,False,15,33.184219557157995,154
40,False,23,11.037961757919398,89
44,False,8,4.2908983842371935,73
23,False,5,34.69734477155393,115
32,False,22,2.420013024557776,56
41,True,1,27.241646744633208,126
41,False,2,9.100371828256833,71
11,False,9,18.21988098115284,68
10,False,18,12.37624671519369,40
14,False,10,25.447074807700805,85
43,True,22,34.43373834025202,129
51,False,8,1.0285305560324087,77
41,False,20,5.030885055481259,52
53,False,4,0.9237456935732322,71
25,False,15,1.5722624875697615,38
19,False,16,1.8127126315898128,35
51,False,3,19.17114049918501,100
40,False,17,19.72796608023042,84
36,False,10,17.349832340276865,101
57,False,16,29.962193304645748,141
15,False,8,18.552746814954336,89
26,False,8,16.584055583682023,81
38,False,23,8.65061597103165,65
24,False,9,33.97529433233457,121
58,False,10,30.37120497330501,123
46,False,5,27.623192053058453,111
9,False,6,24.26998690414437,96
46,False,7,21.342215099900884,91
13,False,12,25.23023769587745,104
23,False,18,4.041800919030903,47
8,False,7,11.971641959274908,57
5,False,18,9.389253004363487,59
40,False,23,3.594225945682689,41
14,False,0,22.884150649620004,92
5,False,12,22.356700991963944,84
23,False,16,26.08864171778737,96
23,False,13,20.239577496210664,88
41,True,9,22.5003247218443,100
18,False,4,7.545662960715677,48
23,False,21,12.572384706195788,64
26,False,6,34.073749959076565,96
5,False,2,31.56285851774342,114
56,False,21,26.48460536416569,124
25,False,13,31.73732176572063,124
13,False,10,5.166060938577905,47
10,False,18,39.91129820917722,138
29,True,5,8.495530992834563,70
33,False,2,12.36129993096048,76
19,False,7,2.087283647873312,16
31,True,8,10.024335382805882,62
13,False,22,4.544735783272026,49
46,False,5,12.603296990908737,92
19,False,3,32.97780604239637,115
11,False,8,2.5076911446094425,30
44,True,0,3.4877697683843505,74
37,False,21,29.87127178852807,129
46,False,1,33.320746068887786,145
40,False,12,34.97196345912341,126
42,False,13,1.5759012940037391,55
10,False,14,36.40137670610554,119
58,False,2,18.529023535181786,111
35,False,22,34.70741797903127,120
47,False,6,1.8004271745295737,60
14,False,19,30.23086164869311,120
26,False,6,30.58762590124737,122
23,False,23,34.38132113093675,127
43,False,13,5.360919161574002,68
7,False,14,23.28386611935749,70
44,True,8,0.3510034869914253,36
37,False,20,3.529453846502318,56
51,False,6,22.601232474375788,117
16,False,5,31.65505498658136,93
42,False,13,37.87191988308116,129
12,False,22,12.54702948507646,58
47,False,15,36.74481848990558,157
51,False,0,10.267279134637509,104
37,False,0,28.565152251301715,110
17,False,13,2.367505841520209,44
18,True,18,6.205110081339865,44
17,False,4,28.852874280088887,117
32,False,15,23.792554343573027,94
7,False,6,20.37697146365272,53
35,False,9,13.733498974669612,105
39,False,2,35.64127060026444,136
25,False,5,23.55551644207741,83
16,False,17,10.90542110777342,60
39,False,13,10.267681962830416,78
54,False,3,14.221070018414572,81
45,False,15,33.68856609744196,146
24,False,4,38.62310093772341,123
53,False,1,37.33134202449523,164
5,False,0,5.4786465786469805,37
25,False,13,37.01780386488707,134
57,False,8,7.738925981746785,72
23,False,16,27.030408506403585,105
22,False,7,37.0645801535152,134
51,False,9,8.556886956989365,90
11,False,18,35.928575739591444,118
47,False,19,22.81883557534101,110
49,False,6,2.941670751917154,59
44,False,5,39.8348695343302,169
10,False,18,15.779925337044702,61
57,False,12,35.06993842848082,170
57,False,15,12.405078744541964,81
51,False,14,18.741437663359463,97
60,True,1,7.4062756224843636,86
59,False,12,29.565236201529544,145
27,False,12,16.141841094470145,68
57,False,17,35.99260648558448,154
39,False,1,14.22944859215881,88
46,False,10,11.80187401353312,101
6,False,3,11.33132504147883,68
15,False,21,32.03425002332621,93
44,False,17,22.73739230972221,109
30,False,4,30.96453022147477,101
40,False,21,27.476313731495992,115
12,False,21,17.242086407599174,75
8,True,14,16.976578147530272,37
48,False,22,36.30018760443782,173
47,False,23,19.924160465982304,112
32,False,4,31.93956663201306,121
19,True,0,17.545211477716503,77
23,True,20,9.410228942561746,70
38,False,4,9.030474245400624,76
42,False,5,0.7818908214240535,52
53,False,18,28.360740133805475,127
12,False,16,25.64102236874141,93
14,False,23,4.244617148686275,26
25,False,14,12.725129666471584,83
17,False,10,24.95044319776436,95
14,False,19,37.73624503366416,128
14,False,4,20.85665514771899,67
46,False,4,38.42695308828059,147
25,False,5,32.556774640794906,106
22,False,5,34.99921531072439,144
60,False,13,24.18569933657369,133
10,True,2,14.449843956914073,68
18,False,22,36.12904939501958,114
57,False,15,12.308419810909918,99
36,False,10,31.85019702650366,127
42,False,3,18.330481816023788,100
51,False,22,2.4458393840869093,51
35,False,1,1.6264069400266037,38
30,False,13,29.766027212585524,121
58,False,10,19.41455631225844,100
57,False,5,7.652966522813264,84
21,True,14,26.88396595770076,92
30,True,2,10.49781780361687,70
54,False,20,26.23006239912779,131
16,True,15,27.45973332003378,104
28,False,1,12.22513321365247,73
59,False,22,10.459385937261606,93
15,False,0,28.029667610943186,108
52,False,17,20.943468184446147,117
40,False,15,0.2608682995458368,47
31,False,9,16.88930675509202,62
22,False,12,15.960203815232616,81
15,False,18,39.613346972552485,121
5,False,22,26.391460764372408,94
49,False,3,29.88607186287984,134
24,False,18,36.221400993845286,130
50,False,16,6.676887225153099,78
46,True,12,38.724445196633255,153
19,True,5,21.18627532969964,90
10,False,9,24.61148320272343,83
56,False,15,34.65404767349888,167
39,False,6,31.61739951954168,130
28,False,14,25.036555538840897,115
38,True,12,2.667980705254274,52
57,False,5,6.905529795301703,76
20,False,23,28.51050668435297,99
12,True,2,3.256535469853865,10
53,False,23,1.5218892080468045,83
23,False,17,25.832600380123125,109
54,True,7,9.705317699356216,76
10,False,3,12.660648082607953,42
36,False,20,12.515219019143574,66
23,False,2,14.28312083966345,51
46,False,13,5.69108806148224,68
22,False,13,3.4486454660709445,55
16,False,14,13.059336161654135,52
18,False,21,30.0590678423898,128
14,False,3,6.554998516314896,36
13,False,3,19.102941523405853,77
49,False,1,1.9980456126870565,77
55,True,17,17.399618627380445,103
20,False,21,18.092547208196784,83
57,False,22,34.44495226805861,149
56,False,17,6.311685591764945,75
52,False,3,25.578766088411385,126
11,True,9,8.48914300744803,47
29,False,3,18.23494621165504,75
10,False,3,1.826248173697176,30
7,False,10,34.982525718312786,96
37,False,12,2.8226614959298133,73
8,False,9,18.79780200140198,62
25,False,14,19.84669286226212,93
21,False,0,32.70079291368248,111
24,False,11,24.300459089268767,86
6,False,6,9.30100221147288,46
25,True,12,2.559932084756708,43
46,False,1,39.21753399309554,170
5,False,18,3.745878399696114,14
47,False,21,8.428031771994501,63
60,False,23,25.07734621716782,128
26,False,7,37.27330363596455,150
25,False,21,18.41677849112917,86
60,False,3,25.207519992995778,121
36,False,10,28.32379725231325,105
34,True,21,22.715452334162578,122
51,False,0,33.17279508445702,133
23,False,11,2.506625915049256,42
32,False,22,5.194633985121827,62
12,False,16,27.460844714381164,103
13,False,14,16.832047519542492,40
51,False,13,38.619604333141766,180
27,False,2,15.582690406039095,90
42,False,22,28.411369759774704,102
29,False,21,13.777095225010347,97
60,False,5,18.499792737983064,104
17,False,5,24.18653473285706,97
42,False,7,17.80447090553372,78
16,False,14,6.935463795658015,59
20,False,20,34.920099753043864,133
12,False,21,23.46595947897528,74
26,False,9,7.772021610061326,74
56,False,3,7.811222765049112,52
52,False,4,39.224797365075325,168
11,False,13,13.462946629006542,70
9,False,16,7.48909400427592,60
18,False,15,8.850684392676879,59
57,False,14,38.83955096069282,176
26,True,23,26.70091633813265,96
7,False,19,24.226261088827435,80
49,False,1,3.2275396256382507,63
18,False,12,20.557635456261405,96
21,False,3,33.33566363340007,139
30,False,20,22.99566103347512,96
22,False,20,16.715823551354617,106
37,False,13,31.107342217288235,135
16,False,11,24.832264982700888,110
8,False,12,18.32123957523763,79
59,False,7,18.640891722513626,109
51,False,15,14.372254445884856,91
48,False,10,6.331680511095342,68
17,False,15,39.004749084677,127
47,False,21,10.236705710018152,70
52,False,19,30.28984124883896,153
35,False,18,7.897026268386431,56
15,False,4,27.765732993974545,103
54,False,10,9.549684416169244,64
50,False,13,33.63942939635005,134
21,False,16,9.879588693500793,48
42,False,4,19.75769644176605,103
37,False,4,28.8872001506734,113
8,False,23,35.627105898435644,111
56,False,3,10.191910617012413,92
36,False,9,8.105124702875544,73
47,False,1,18.56851308483554,109
52,False,10,39.31547816517678,144
6,False,5,16.13084712658727,64
6,False,7,13.231125514667175,47
55,False,11,17.26906810691525,81
34,False,0,16.59307620103373,85
20,True,17,9.887433240542736,73
21,False,17,26.47888651701449,96
36,False,20,33.29694909427992,132
37,False,5,10.317233036593334,67
17,False,18,33.750301522427755,105
60,False,12,24.971704444273783,128
43,False,20,33.82084931878276,132
16,False,17,25.444275150968053,82
25,False,21,29.27922541760148,119
16,False,14,26.26756778344108,88
52,False,1,3.9867086511760097,54
34,False,14,19.06355007228172,99
26,False,4,29.38659821819161,109
6,False,9,7.956145555905438,26
33,False,18,0.5505851762700152,49
51,False,12,7.798916215410932,65
56,False,22,5.5518273111646455,56
13,False,2,17.42777577811626,63
10,False,22,9.175528258507669,66
51,False,22,12.247082804436554,81
20,False,11,30.083040370064182,117
53,False,17,14.119241964631918,89
13,False,14,13.228934784452308,47
27,False,14,21.92081789804493,98
11,True,19,20.8269829688313,89
40,False,1,22.810585428060687,106
56,False,0,37.90402090571328,149
11,False,1,24.885570301117337,88
18,False,1,23.625963029267016,85
29,False,22,2.211234248151868,56
18,False,19,24.359461503328657,103
58,False,10,34.54830642408194,160
47,False,15,31.85814552147397,149
58,False,2,26.85673050867513,141
16,False,16,21.643803461926083,60
43,False,9,18.091927747712287,105
31,False,6,39.79770141070001,143
29,False,22,7.893599090931755,54
31,False,20,32.99332439650854,126
18,False,7,18.0571537648191,67
41,False,23,21.73579166333722,106
57,False,3,11.585863140032586,69
43,False,17,28.683057400072585,104
18,False,21,4.504061392307648,47
60,False,10,28.83577630002637,132
38,True,20,21.33394457093649,98
31,False,17,33.29137849178323,120
15,False,9,17.369095348092713,70
44,False,17,28.49715142999725,115
35,True,7,18.91036218209669,98
12,False,18,35.67669234112358,113
15,False,4,0.98606690655526,42
11,False,5,12.172207211265995,63
58,False,4,12.686024441801877,96
32,False,23,2.396158932433732,44
21,False,20,35.48091659830271,115
52,False,18,2.66468037653425,69
41,False,9,37.54604376102108,143
41,False,3,2.845734118990513,77
46,False,4,22.618529089890995,108
52,False,7,28.64180209036259,133
21,False,12,9.404304476597078,47
45,False,12,11.763009850289922,80
6,False,13,12.128752469041824,56
11,False,8,0.50899471723268,40
21,False,3,37.72532753455696,136
9,False,13,32.84856630290027,109
21,False,14,4.8490079644778135,57
51,False,11,9.52805380384962,90
5,False,12,25.1781461673176,81
56,True,1,9.207278024702042,89
31,False,23,21.090951862555286,109
49,False,16,39.0222835965039,173
37,False,19,39.75469608780766,142
52,False,11,15.137125717363876,96
46,False,3,27.73878789079844,103
5,True,5,15.327952398139246,40
59,False,15,21.58312332719538,111
10,False,13,14.55762964418286,83
9,False,16,9.969269815403951,66
38,False,3,27.4478032571565,122
17,False,1,35.067334551125505,126
39,False,18,12.990448406285177,83
38,False,22,21.74740574394488,97
39,False,16,13.808256020900258,89
27,False,22,12.868148287154511,64
24,True,22,38.25822397874153,117
42,False,16,7.529848618496893,86
56,False,3,14.124596022456512,101
11,False,14,27.68770149682159,95
14,False,6,2.3380864855673344,31
21,False,1,31.632885945955348,98
28,False,11,14.62871158588082,72
33,False,7,24.802829371270903,86
17,False,6,11.65163417385923,38
45,False,11,17.411227114959956,98
7,False,23,38.87561394663531,115
42,False,6,17.09767601058536,106
24,False,22,28.24591505244253,114
18,False,10,34.114178097967226,109
59,True,0,25.96271464381635,123
44,False,2,13.600532968407933,82
23,True,7,6.462737856846781,77
58,False,12,15.96313648023207,99
26,False,9,12.635963294978287,62
29,False,2,39.89080359350605,142
39,False,0,11.284375927511755,74
14,True,12,15.960605572697006,83
46,False,19,23.180030568957108,114
36,False,13,23.15448663456361,102
8,False,0,20.567310090943646,80
29,False,2,0.7758206504807359,30
5,False,10,17.576333061618772,66
44,True,14,37.4414971849388,139
28,False,17,13.584064415644828,64
15,True,3,29.12920169532812,115
37,False,21,22.728019768121555,89
20,True,16,29.467769468924686,113
50,True,19,2.220044405006748,43
47,False,19,26.81203714499724,138
44,False,17,6.216139972205747,48
50,False,12,10.070452807054057,90
51,True,20,27.55124482009226,125
47,False,17,39.473354736715386,156
40,False,0,23.01763567238392,105
7,False,22,14.338917397114374,70
48,False,15,28.342299928851443,134
42,False,23,10.287785168652478,96
5,False,5,36.84384915071144,93
53,False,6,23.23864521215892,114
45,True,8,14.348684932530965,76
33,False,10,16.982220140894,87
50,False,12,1.5511612688359229,72
34,False,6,2.732183633687276,53
19,False,9,33.09975473185024,106
54,False,10,38.60093573822992,148
54,False,22,5.516874987027836,83
33,False,20,27.665558643284896,120
40,False,4,29.59121847661696,119
9,False,19,7.110930960715371,49
36,False,8,19.7347453250172,95
48,False,10,30.57418522548927,121
23,True,2,13.667785273850464,49
37,False,19,9.334163385830497,69
51,False,23,37.40400896816285,153
43,False,18,15.064928190363968,97
56,True,5,9.787860317623954,83
42,False,12,37.74458825396135,149
37,False,2,23.43824300580364,107
58,True,19,20.37593174602313,115
28,False,15,23.446706426533964,106
30,False,23,34.08771076028456,109
16,False,1,28.616905309659742,90
49,False,9,29.79815012134962,147
10,False,14,6.417643037783789,42
56,False,22,25.53357864295037,128
55,True,0,17.457993847701267,98
60,False,22,26.637971530987627,111
12,False,7,31.47035339832636,96
14,False,16,37.84927888645144,129
16,False,8,12.967329085306805,76
6,False,23,1.204211489858766,25
6,False,8,36.92703190533221,119
59,False,12,2.253778152106048,70
60,False,9,31.5891045688979,154
37,True,18,12.114210762222466,80
31,False,0,17.532817983731956,74
24,False,6,28.76154167037311,84
39,False,17,34.15715783148617,125
11,False,14,22.97552411399733,87
52,False,19,27.54337705375665,119
22,False,12,10.68165495276372,61
46,False,3,5.686901808469879,72
53,False,19,21.51096356556822,94
10,False,2,33.07251364577996,133
17,False,3,0.4649974416604583,31
38,True,0,23.708631289092768,121
17,False,21,2.2652996901177915,30
59,False,20,6.713476989570103,69
31,False,13,5.723211897648817,52
35,True,17,19.16278006913868,89
54,False,8,34.09153374189945,141
18,False,21,33.59749104656736,106
18,False,7,0.7058896529179908,26
10,False,16,28.73715145674588,93
12,True,8,16.354530994063595,80
52,False,4,24.02449520095669,124
25,False,20,13.560317046197913,63
31,False,0,8.878505590745315,73
15,True,15,39.35456490556152,129
27,False,4,39.04677543132261,138
16,False,20,23.39511288104992,105
22,False,11,18.240528840911043,82
52,False,15,3.9746870849787177,90
6,False,12,21.8512527759528,69
14,False,15,23.36263352763952,94
55,False,13,1.6799445316261974,81
59,False,7,28.47126855226361,131
5,False,1,32.83911494682412,76
25,False,18,29.29906877716073,130
44,False,6,33.88573899563277,131
35,False,7,4.553907462757175,59
8,False,22,20.569852323376256,61
12,True,18,15.877874159987703,75
19,False,0,33.75482148506457,122
48,False,2,13.69458446325569,69
26,True,11,31.40029611638544,125
7,True,19,18.19559514864974,69
56,True,6,22.434861671495845,116
41,False,13,38.62081316834856,165
24,False,17,9.145549493366005,45
29,False,0,0.3634895802683814,36
33,False,12,14.941819090994445,86
16,False,12,32.91976999481076,107
17,True,6,27.541601776041475,113
22,False,21,20.971577644118472,94
10,False,2,18.173819288450225,65
14,False,10,18.164576342239013,56
37,False,14,27.280664513465613,115
42,False,8,7.343330493578417,66
20,False,16,11.565867381265496,59
23,False,13,0.205837472466253,38
22,False,8,9.235163104306777,69
37,False,17,24.70394410333809,97
53,False,0,6.566502418967194,71
22,True,15,21.510991356163387,74
44,False,7,11.725078461432595,85
35,True,18,32.89875588989873,132
33,False,19,0.8882938799891522,64
7,False,8,24.93217578168253,86
26,False,20,24.14479581040092,93
48,False,7,13.478028939584762,84
33,False,6,32.482936955431946,118
41,False,1,36.4485406210224,137
26,False,13,22.74593516978568,99
37,True,14,6.970179733077769,75
6,False,14,31.84484518890669,98
41,False,7,23.838676433059234,112
21,False,15,28.897299072931546,100
11,False,2,5.355269426503056,45
54,False,12,16.2572841616658,118
12,False,18,24.2812749159626,71
41,True,12,8.193346223370161,79
47,False,19,20.605602777491093,96
31,False,3,21.629000600773733,89
40,False,11,2.2507449512220568,50
24,False,15,13.843538869039282,37
6,False,5,21.168924847313885,95
34,False,0,37.70934132350318,132
21,False,17,0.1118349911562875,29
32,False,3,29.57537317018779,130
15,False,20,26.938139861909367,83
14,False,23,31.23602250053642,104
9,False,4,36.19322647473987,126
21,False,8,21.87381715279385,82
50,False,4,10.115249393515104,68
13,False,14,26.9545014587922,91
34,False,15,39.7228376339221,142
55,False,13,15.172733866651798,111
42,False,21,7.986928051552192,68
25,False,22,15.506564713959476,80
51,False,11,9.325603618535828,88
10,False,3,7.1480090812150126,27
40,True,6,28.43709185655369,127
42,False,8,2.260119942167598,53
55,False,7,8.645478028337678,67
19,False,16,10.16671369848058,60
38,False,19,25.06023422082452,110
10,True,21,20.75066184602397,69
45,True,5,25.50309143119308,107
25,False,23,8.519019321135188,70
14,False,4,20.05601334841156,92
44,False,17,8.899513431877725,82
60,False,16,34.525269254744394,160
38,False,1,36.95774399878802,125
20,False,23,19.1535356053338,70
51,False,6,1.9378274622679863,65
33,True,15,28.65113424059254,116
8,False,14,9.66218997428762,60
15,False,21,25.38652562997401,108
38,True,23,23.84871975637221,93
14,False,18,37.45179776973515,118
11,False,13,27.7954402884349,105
53,False,6,31.59769947562154,126
14,False,20,0.5931809828905769,24
53,False,11,17.537151176271063,110
59,False,3,33.031029444375136,145
31,False,18,26.12000675115124,120
49,False,13,35.790688704446616,135
34,False,15,25.542445531561807,112
37,False,17,20.576062398547418,105
32,False,10,33.049414600750225,132
37,False,7,10.707399185870743,85
58,False,5,15.497057951305193,98
56,False,9,27.48546345117287,123
34,False,0,2.163470141831689,48
18,False,8,17.21516706378617,91
30,False,7,21.77230199300539,118
60,True,22,35.04279106211504,159
49,False,18,39.54541849614833,164
29,False,14,8.713052960243148,51
59,False,12,11.816166656934556,91
7,False,15,4.88906327017892,15
56,False,16,7.091057004243259,73
57,False,21,20.6217412705854,130
40,False,10,11.71929978967794,68
31,False,19,7.573860294553738,69
18,False,6,19.94084140141935,89
53,False,3,12.801541445900268,101
25,False,1,39.75037741435128,129
36,False,16,21.411927879026376,96
30,False,16,3.5471312331817537,61
43,False,2,2.680116087915593,64
14,False,1,4.91717553489,45
46,False,4,8.088972273221607,58
49,False,14,26.591257451183903,105
56,False,10,18.73771304463211,123
14,False,11,18.42754077225049,58
57,False,19,17.913911840234373,116
19,False,20,5.267437102527561,43
56,False,19,8.79958443538255,83
56,False,22,7.585100704606926,104
43,False,4,38.41123374106176,138
55,False,13,4.247344607029819,73
41,True,6,13.809381781423903,69
30,True,9,22.630239917036768,108
55,False,13,7.877502416775727,70
59,True,8,10.554915804852593,116
34,False,4,33.89966932989654,138
22,False,4,10.990971977766124,75
32,False,15,22.7816475090906,110
13,False,0,34.42334859567426,112
15,False,19,8.823583995460158,62
38,True,13,7.955139080272665,82
24,False,20,29.274563610505727,123
27,False,2,11.828449167868314,97
13,False,19,3.5241007788342458,49
6,False,5,25.554253333096696,73
30,False,16,8.998872708961537,56
7,False,2,24.87554120469395,92
26,True,0,19.666216601558343,90
20,False,1,12.727159191070983,68
31,False,3,39.97840267153572,125
15,False,11,35.58999166348916,108
14,True,10,29.44527469124408,101
29,False,0,4.729114674049938,60
6,False,10,26.4749406836674,87
41,False,14,24.206825911665028,104
55,False,16,17.991083150540106,112
54,False,1,16.277821978028605,89
59,False,0,29.88204907199252,135
20,False,9,10.76491280491808,64
38,False,7,24.537727490199018,105
24,True,5,8.173579752018163,57
7,True,23,30.68790119521393,102
13,False,23,7.545800965945208,62
11,False,17,20.67720822856764,81
18,False,19,24.811037677537104,103
57,False,3,16.948913222790054,107
51,False,21,12.767744495103765,105
46,False,1,7.22128020666058,78
36,False,2,13.16195770530087,95
35,False,1,33.40814995983531,130
15,True,11,33.607030471259016,123
39,False,14,12.22132291922238,91
36,False,18,16.088695077400697,85
40,False,8,15.061151297818403,94
30,False,19,28.412845317189166,131
60,False,7,26.92847062943399,137
7,False,0,35.25589337614621,102
20,False,22,29.871778502316765,112
60,False,18,23.05952025506156,111
34,False,17,16.054532289659722,74
50,False,15,38.93931977293674,152
38,False,16,28.53444597703724,117
51,True,7,35.79114097214356,154
30,False,8,20.9289261122064,112
38,False,14,6.9089298785017865,71
10,False,14,8.37072301073881,35
59,False,13,33.15011467520099,146
19,False,23,13.811612628320008,78
15,True,0,37.10715784207682,122
20,True,8,9.75277342802333,75
30,False,14,18.63312340858839,85
23,True,23,0.962545033298144,37
49,False,18,0.2276564332897083,81
12,False,13,16.15695716813197,81
33,False,1,13.354404749354698,66
28,False,9,31.617119400901966,116
46,False,6,9.240710302587631,60
51,False,8,17.761264442950832,94
57,False,7,14.028718545942825,113
53,False,22,30.94630075347826,159
52,False,10,19.56537522349406,114
18,False,18,23.810275993348498,81
40,False,22,27.37779829964177,112
50,False,4,17.41584057116092,124
60,False,8,10.837510327860423,104
10,False,0,18.476300774646017,64
33,False,20,30.36587080302865,127
40,True,0,10.491093839465574,71
36,False,5,10.820105501927785,65
58,False,13,24.1012321100758,117
23,False,23,2.9857687302577243,75
42,False,21,16.578195125874014,117
28,False,2,10.008435567552349,74
18,False,0,38.30303973169104,126
5,True,7,24.35792065746438,87
7,False,10,33.72057361595414,93
23,False,5,38.98893688603695,141
5,False,23,32.640281112978954,95
57,False,18,16.12226839376481,88
13,False,1,2.1685091816500326,15
42,False,8,10.37647464276282,98
34,False,16,33.58034900093226,136
28,False,16,17.11502600377767,89
27,False,3,5.1551259330070645,73
9,False,18,37.79668104530705,124
27,False,5,11.577796371385327,64
37,False,20,23.095034753613746,102
7,False,10,11.334272564777812,57
56,False,23,12.781104957810133,98
48,False,22,14.003337679261982,89
7,False,5,7.930663352326684,39
6,False,17,27.01132125687648,95
15,False,13,5.050318646645353,42
53,False,12,21.740792262161776,124
14,False,22,35.21562384329906,116
54,True,18,25.79082296468537,126
43,False,20,10.656737450509812,73
17,True,15,28.906744596044632,121
40,True,22,36.38528386544631,129
31,False,1,38.48654497358952,140
32,True,19,5.229222833587466,53
22,False,13,36.535168158211874,134
20,False,11,8.862774309077254,67
28,False,21,0.6767529322930995,24
20,True,4,7.720158349697387,44
6,False,0,35.45478161798818,123
47,False,5,11.415785815456765,102
60,False,16,33.40338697280349,134
47,False,4,34.850876249838386,141
31,False,17,18.553728791849352,85
57,False,15,21.06249625490898,126
27,False,18,5.421640643481372,39
22,False,18,19.588250838706923,79
57,False,14,25.810498956940272,131
20,False,2,31.217239249998336,112
14,False,22,33.68350554791583,105
16,False,16,39.64222519260516,132
55,False,1,12.317249722535609,95
5,False,23,1.82828852473668,21
5,True,4,34.34352682888272,98
29,True,8,3.516691175207119,52
46,False,11,11.99532491117164,91
15,False,14,5.286354002066832,46
16,False,19,7.009787423848196,32
59,False,16,26.78015494452013,116
10,False,14,38.40471905614999,133
43,False,17,16.35118347611627,83
18,False,14,4.936770068008093,55
59,False,11,2.1877111682477173,75
24,False,14,16.509314810575678,98
5,True,23,25.727703669775405,90
49,False,19,37.4733514170585,149
11,False,17,29.63247383817753,78
12,False,11,19.732659438141024,90
9,False,1,0.8353806681736909,23
38,False,12,16.919046565587895,82
8,False,1,35.085826120587846,92
48,False,14,11.02371694118368,81
34,True,19,10.146917991036764,69
15,False,0,27.92027611122784,128
38,False,22,17.381397444011306,103
49,False,15,31.920877117101465,147
47,False,1,17.882262930361062,108
10,False,13,31.82655983258173,126
32,False,22,23.94546900483864,98
58,False,11,35.92608314460065,161
39,False,0,38.33070676528624,139
48,False,23,19.423828597469587,108
30,True,7,10.285337394528216,61
58,False,13,18.13795385547308,118
57,True,22,10.143672821828112,72
26,False,18,31.189609111872915,131
5,False,18,31.701856701114234,90
49,False,10,27.030697986679925,121
15,False,15,8.515385196743962,47
24,False,0,37.72532518519018,151
11,False,22,34.962082308505806,132
33,True,0,17.603716860336526,87
29,False,10,34.30763980056062,117
19,False,4,9.896108000380996,37
39,False,13,14.649642341725563,84
55,False,16,6.972666687291424,90
6,False,10,2.331938407172429,28
33,False,17,3.360367673673015,61
40,False,12,3.013911595038484,56
12,True,9,26.310625062616428,93
21,False,0,33.40527021508505,108
54,False,18,20.37679549861868,121
16,False,7,10.967349259521294,50
55,False,10,2.1194683137207107,68
57,False,3,25.97818834651567,134
43,False,7,35.85132933133399,137
12,False,21,2.441150971339154,42
57,False,23,27.730845022109733,142
55,False,11,38.59058138580333,163
9,False,13,10.609805843214954,47
58,False,23,31.46826862245329,142
30,False,10,14.669485064778636,75
40,False,11,10.172685642294184,57
14,False,9,26.71180997182648,103
43,False,15,1.32900057729801,54
13,False,0,33.50783109632377,104
35,False,14,30.390882133415552,112
23,False,11,12.037961618090998,62
8,True,5,10.637069188666002,53
40,False,17,30.14881784828183,131
26,False,7,23.05993673530648,102
45,False,7,18.044333962090708,117
26,True,4,16.788546645310365,97
51,False,6,14.844946394617288,96
59,False,20,2.0537650332275152,65
32,False,18,16.001024813545012,55
55,False,5,20.42664889925595,107
59,True,4,10.681467610978215,114
45,False,19,2.550536160423261,75
46,False,23,26.816465359932124,119
56,False,13,17.654529602533735,120
24,False,21,38.86219989160261,133
23,False,12,5.172592231473,25
43,False,16,35.330280236622364,143
31,False,3,19.006788680422144,88
57,False,13,9.64327176905269,93
15,False,1,3.3029498774846853,52
19,True,14,34.64356962446028,120
53,False,6,4.132896250948922,60
26,False,18,2.601997945332959,43
59,False,7,11.897289510233511,93
16,True,5,22.10635882577408,87
5,False,17,25.629086461947303,85
11,False,7,22.83557448738929,102
52,True,21,4.08265945759751,58
48,True,12,31.170302349931813,133
9,True,9,9.890432090875494,41
17,False,2,28.16296523948357,115
13,False,8,5.528452936340256,34
56,False,13,31.009011562884247,147
55,False,22,38.34668800218375,177
54,False,5,12.162328202711782,65
60,False,6,36.1030721043922,161
17,False,17,28.779113909933013,114
54,False,9,2.33089572834488,72
59,False,17,39.191812502153965,176
26,False,17,7.046341870655472,82
50,False,0,29.242576880302806,128
31,False,8,25.63836911474485,106
39,False,15,29.667128169575555,114
11,False,5,20.682261049916363,87
23,False,22,39.6072962967452,135
21,False,20,28.228843094571992,100
18,False,2,6.478357920000469,45
41,False,1,19.05383933305841,84
48,False,23,34.01114170424193,131
56,False,0,24.39648434403496,123
51,False,11,32.846235440178646,146
52,False,8,24.580581201678783,116
8,True,12,28.95465576583611,102
53,False,22,16.84021216836074,93
40,False,5,18.22340851961787,99
52,False,19,27.174489544433712,136
60,False,18,9.16992228840458,92
11,False,13,8.481621688985038,32
15,True,20,23.582026619154203,90
57,False,1,7.146468273576185,99
12,False,21,14.812190322231393,68
47,False,7,9.974427568817102,79
56,False,9,34.80281552310431,144
57,False,4,34.06955965279627,132
21,False,17,33.89593662241631,118
59,False,18,25.223007876414176,126
28,False,17,7.465508216448056,76
40,False,7,30.425136700033352,107
53,False,20,5.58152765139302,81
48,False,10,29.04320523026417,144
42,False,20,14.490352649015817,89
58,False,5,6.1275152005121445,67
22,False,19,36.48888115248892,140
12,False,23,4.463254786825647,42
47,False,9,3.2814903275782865,64
25,False,19,5.295177830387024,46
5,False,22,35.3313817778703,98
12,False,22,36.53363752356099,123
33,False,7,33.0315533093635,126
12,False,0,5.602055308323116,46
60,False,1,36.03303581105365,156
42,False,4,10.13111453996013,101
25,False,9,12.157248264122613,60
20,False,0,27.931709461612183,108
11,True,15,23.287556385546267,82
21,False,12,9.85739884602279,71
11,False,18,38.96974408446028,130
29,False,7,24.0402123086541,112
56,False,2,31.93854438471445,148
34,False,8,11.777008755442283,67
32,False,18,39.2624441528789,137
6,True,6,19.610704338410383,65
46,False,15,26.656083186646764,129
30,True,17,21.444395647616417,77
58,True,20,28.365007946955703,150
35,True,0,29.26146757181296,100
54,False,22,7.009456147012244,83
60,False,11,4.651520535145728,67
42,False,0,34.81899654364058,134
37,False,17,24.686270868523664,96
7,False,16,31.11235452117252,66
10,True,8,39.033190278311714,118
38,False,0,12.60376966128089,66
55,False,8,18.631082918628994,97
9,False,13,25.78258713738253,116
14,False,7,8.653720855300751,47
40,True,3,10.67912033001024,76
9,False,9,38.2668894254392,113
44,False,1,4.870914505130939,45
20,False,16,19.75716991728141,66
55,False,20,33.58420163672462,149
26,False,21,0.947129738203055,40
23,False,10,36.77023238842837,130
58,True,3,31.810626644731137,148
58,False,17,2.384605088515805,65
56,False,15,32.175236157723056,129
59,False,19,28.624308877105,142
37,False,19,12.266110215318347,76
11,False,17,8.115935163594227,38
41,False,6,38.43026517981366,149
33,True,18,11.979755543353386,67
41,True,21,2.601984120365169,47
33,False,9,30.735941456292142,151
58,False,0,19.116951019915703,96
48,False,22,36.33476556094891,158
26,False,9,29.06467345162279,106
25,True,20,30.35503472029852,104
44,False,17,38.58363868195861,162
53,False,1,26.18292621971888,123
22,False,7,6.579693452101616,51
36,False,5,26.17303470746963,125
10,False,17,0.7333657216837763,20
7,False,1,19.583523742255803,71
55,False,15,25.794591637419163,128
11,False,3,11.356961833254418,59
48,False,1,16.351188399858767,94
20,False,0,22.35403189112668,102
29,False,6,8.47355508452383,33
27,False,13,16.9169847875943,97
43,False,15,7.371381808508406,78
48,False,4,36.27838430449221,152
17,False,21,9.102002295701578,37
34,False,17,35.80080754967216,129
5,False,16,18.644921035596862,80
30,True,10,27.667522426625183,118
38,False,23,12.499527505293536,88
15,False,9,28.132628165388866,103
37,False,3,2.9099124083957983,71
48,True,19,1.8603005578632268,69
16,True,4,4.473690225131115,41
5,True,2,6.655919287004826,32
46,False,17,24.22552228508048,112
18,False,10,30.14860204494086,107
41,False,9,11.60840476939278,63
12,False,12,39.96061380607932,119
49,False,6,35.06409900777281,134
21,False,2,9.485858491551715,52
6,False,5,13.835565835510463,56
26,False,8,25.04890499406784,121
28,True,14,35.67389751641216,131
6,False,7,25.099352789173807,97
25,False,21,38.47004881263494,139
50,False,11,38.31142635197264,179
35,False,13,35.5690633255702,129
16,False,4,22.85129901865465,84
50,False,16,23.98369735817924,118
37,False,21,0.8577109852443668,29
10,False,11,3.449429806294388,47
26,False,23,19.960592736456903,96
46,False,3,3.633198332614924,57
41,False,11,25.597519214101283,111
48,False,9,24.21947225521016,127
6,False,13,23.61449867405772,68
7,False,17,17.0101249807201,56
47,False,20,15.850802453410417,102
32,False,5,32.41289589788493,131
14,True,1,0.6983571102353703,25
9,False,21,9.833861759473836,42
27,False,8,8.796463035834474,44
24,False,22,24.102505707651364,95
17,False,10,16.423821333809293,67
50,False,15,31.395309591340883,128
44,False,16,9.883409867467211,68
36,False,14,35.02667208260267,134
31,False,19,22.838550640928883,96
51,False,14,7.080341927908629,84
49,False,20,27.90347258385968,145
35,False,13,35.643748207726425,133
59,False,17,0.2386528576655399,52
43,False,3,3.833150616915997,70
48,False,17,16.10427226050345,102
24,False,17,5.567879761902528,58
59,True,14,0.4861880793337227,66
12,False,20,16.355384151584563,65
13,False,5,2.2246701079047875,14
33,False,13,17.075142732623604,78
24,False,7,12.918053044286983,49
7,False,0,22.82500497410151,91
30,False,4,10.190422993045855,82
24,True,2,20.98020104521819,97
39,False,9,1.6191565578951688,48
22,False,6,5.16217242685329,49
35,False,10,31.5163040785247,140
45,False,3,15.351825963687206,102
25,False,0,0.5618731938203445,26
37,True,10,27.14560777101292,120
59,False,4,36.61917549632926,159
53,False,17,37.8606595605436,147
22,False,19,15.179572331078376,92
24,False,7,34.978234388265186,122
7,False,20,9.208840912417903,40
31,False,5,39.68939863292592,130
44,False,2,8.686331310987248,88
47,False,13,33.655275081495496,120
58,False,0,5.529652647259461,86
41,False,6,13.36698673441259,77
48,False,11,32.15211502435791,141
8,False,15,27.82223583126853,74
14,False,17,39.45196427978064,119
55,False,0,32.30464343862194,147
46,False,18,5.343721519853257,70
16,False,8,39.0963526637408,148
27,False,19,29.748287384822035,91
16,False,18,36.924267869147286,127
24,False,7,20.538643529528088,93
36,False,5,12.707280610634225,82
27,False,14,2.4567477621690963,33
58,True,18,5.886740914471911,72
23,False,9,35.85455477476767,133
16,False,16,3.0165601403304745,31
37,False,4,39.54930453574744,157
55,False,23,11.129553535157534,115
54,False,6,6.369061860590181,71
6,True,12,29.128446212362707,96
13,False,12,12.074606813721005,58
17,False,4,18.691668067354104,81
11,False,3,37.315954731162336,132
39,False,5,2.874888904244608,40
32,True,15,7.386021367621412,60
30,False,12,35.59761682106927,156
45,True,21,14.539863783600468,77
43,True,16,35.03915875989973,140
54,False,2,39.48407602026265,172
44,False,6,31.97944586098452,146
30,False,18,17.63201742527835,72
34,True,23,24.23122859965089,105
47,False,2,37.35850424870824,153
44,False,22,28.83387067581927,125
54,False,20,28.99433504386374,139
52,False,23,4.987620804141968,60
29,False,16,35.501075008038846,119
25,False,23,30.08726394322429,124
20,False,10,22.218173478687863,90
28,False,18,22.93949862124208,85
27,True,15,27.346674027700185,110
16,False,13,8.449827410874716,45
34,False,3,27.574471922605305,98
17,False,15,10.8745982416804,45
18,False,12,14.738684802656572,66
31,False,1,33.81939205792638,158
14,False,12,29.003068272411284,95
31,False,12,2.66834790408334,24
5,False,23,34.4135394185007,83
40,False,10,1.2993344550671535,50
43,True,0,18.71184375159292,106
37,True,9,6.610150197645276,64
6,False,15,8.069783242635973,34
33,False,4,2.948724724337364,62
42,False,17,2.570598100367007,65
56,False,16,28.950244677381296,144
8,False,5,7.425373545267312,37
35,False,19,32.57278077382385,142
17,False,7,18.81767437778676,61
38,False,15,12.573524114604906,68
59,True,0,31.50447521004256,137
57,False,10,23.82511885551478,115
10,True,6,7.405926346088015,50
43,True,7,27.179580118965468,106
37,False,4,33.64600653238193,122
10,False,23,7.031864680757948,35
45,False,17,34.44261635743489,149
46,False,17,18.52981324219085,104
19,False,23,1.115663742164949,36
22,False,23,0.5404906426628386,44
7,False,23,19.212177958382853,62
50,False,18,37.78696486570254,170
20,False,6,9.68515450547936,64
36,True,19,33.12566085386629,152
37,False,22,27.75777614801984,145
31,False,3,35.949546542837005,132
27,False,18,19.33814044266437,79
42,False,17,3.3820750629260385,73
44,True,1,18.809092637402514,98
49,False,14,24.69057063829605,113
47,False,12,8.250963493024136,70
26,False,3,7.243765876905269,67
46,False,17,27.44099684656739,136
32,False,6,14.542030695042229,64
49,False,2,12.142561915831774,88
47,False,13,33.93463243006791,154
15,True,9,11.417361891611044,58
6,False,13,2.871458698853598,27
55,False,10,8.175946673313094,89
31,False,10,33.387458667058866,136
6,False,7,38.47390524364682,116
27,False,11,36.378539785949854,124
20,False,19,30.792310535287697,111
44,True,19,5.0223719580545945,60
27,False,3,17.371412946635576,93
50,False,17,16.75879046702706,98
58,False,16,29.83191972970077,118
30,False,7,5.593250508319769,60
56,False,8,24.7012160529198,122
44,False,0,4.214589525644607,69
15,False,17,24.5596815318552,80
41,False,19,28.82653660714982,121
50,False,0,35.56247203809215,128
40,False,18,0.2442058648309095,50
30,False,14,22.264223294882,77
19,False,2,28.533498950908555,111
6,False,8,18.83090687667488,63
41,False,21,16.62961720606472,99
44,False,16,14.109605724464306,87
42,False,12,27.632731557201733,102
13,True,15,29.06997159817016,103
49,False,1,23.12322928755468,127
33,False,10,17.25706449841713,78
13,False,11,29.13363400419648,119
52,False,16,18.50754401979645,112
10,False,18,4.2262670321521645,32
53,True,23,26.05875636459453,128
26,False,3,2.214723822724713,64
45,False,0,31.77165943948248,148
11,False,20,34.95058809573499,120
10,False,20,23.94451632670156,93
25,True,15,2.0205223132316545,27
51,False,22,29.95457278324284,146
46,False,2,10.23789452486711,83
14,True,1,37.87474442107241,123
45,False,9,1.4278840782515607,46
46,False,14,31.782141204889943,129
19,False,5,6.586730234242614,44
55,False,17,36.29393914605427,144
39,False,17,4.814801684143492,55
25,False,10,17.41259771728481,75
34,False,16,30.399540827904826,108
35,True,6,37.45137222761486,144
23,False,13,13.91386395926286,53
6,False,16,20.06262507446989,73
31,False,2,8.84584625141243,95
9,False,7,39.047213061568456,125
34,False,23,1.6188541878617075,63
46,False,12,18.223415177024464,98
8,False,20,38.850796974779406,123
12,False,7,36.88888318011022,106
40,False,9,29.835204334991,107
37,False,8,38.93005779879167,115
53,False,23,13.052714710343206,89
59,False,10,20.078760685901653,109
13,True,5,38.944134280443365,125
10,False,4,13.759413467957163,66
40,True,3,2.90691969653745,46
35,False,18,31.933584171982485,125
29,True,11,13.28066838093426,66
36,False,23,11.970989824648468,70
35,False,9,24.907361760201407,92
46,True,7,32.95224403035972,141
40,False,11,2.4087280140091734,65
30,False,3,21.512520448819263,102
23,False,8,32.05866688944769,131
34,False,19,31.37342875156561,132
36,False,0,17.8532961749793,99
48,True,2,32.74284578972387,133
25,False,9,20.882414684901185,101
38,False,4,6.125893128963359,73
9,False,23,31.87989031346965,85
41,False,6,14.847105413978936,73
33,False,16,37.31240051953585,159
45,False,4,20.22482338614544,91
21,False,17,14.3551349359298,75
59,False,18,13.04020314258222,101
40,True,7,3.5580324741740625,69
26,False,17,24.4760358683892,108
46,False,2,9.29955664101032,82
16,False,22,32.25398727167784,102
9,True,7,26.62468778592101,94
18,False,11,5.106132135231454,41
39,False,10,28.43560264666047,94
23,False,19,18.787420154117942,92
25,False,18,30.15065235962961,104
57,False,10,34.074710402531444,153
33,True,11,14.529647685104798,81
59,False,6,25.19996394284188,129
32,False,1,6.117056196687396,46
46,False,6,33.90755726945201,138
38,False,11,9.761710651483623,79
44,True,17,35.878704839343875,141
11,False,9,11.06825603736176,52
47,False,12,32.32688643639753,135
30,True,16,38.43158346071243,142
11,True,9,29.641761440209883,111
42,False,2,30.79575763662908,161
40,False,1,30.38340803320189,125
7,False,23,13.415520822093562,64
6,False,19,18.29013193052133,72
58,False,8,14.31387042348065,86
34,False,0,14.106315059498256,79
16,False,21,14.99308859613688,61
22,False,15,35.081618350430055,115
37,False,2,27.07315985624804,115
51,True,12,12.979800302320784,112
41,False,9,22.447116418788536,106
46,False,3,14.558669313365195,93
57,False,23,24.87700313240273,127
59,False,10,38.247628194541925,157
8,False,16,19.3454791876242,70
6,False,1,28.74007472439513,111
15,False,6,25.602702062131364,102
47,False,1,36.72289163973869,156
22,True,13,9.037980107376372,68
39,False,12,8.083176574855775,78
56,True,20,3.219061883049968,80
31,False,11,39.74377053820884,134
38,False,21,18.7773391319854,93
55,False,10,22.4386070955703,121
15,False,0,36.59578872218342,111
44,False,1,20.57583253673211,98
27,False,10,33.9992770330018,143
16,True,5,10.452878143555315,42
51,False,20,16.181609505989986,102
7,False,2,32.32516226488299,103
34,False,8,26.62843885770619,120
45,False,14,8.244960080514835,75
6,False,4,1.6518168864139908,34
48,True,14,8.872656244915095,85
8,False,5,10.763642045114684,58
46,False,13,20.73269375684081,106
54,False,1,22.96000571935902,133
8,False,20,34.00481683639062,116
8,False,1,11.59411125735005,60
25,False,15,39.82555647827365,124
25,False,23,36.12730991138762,117
8,False,8,37.6781747531752,108
43,True,7,10.586196427435512,85
17,False,7,3.897635250290392,29
46,False,18,9.030104835847178,88
33,False,10,31.11840743162055,127
59,False,19,11.218709457320152,94
60,False,17,13.093482544406974,103
23,False,8,24.06324545883116,91
40,False,8,8.140998496634316,99
60,True,11,11.37964491969854,102
45,False,10,39.91700685988432,151
35,False,20,22.592577602916048,111
44,False,17,38.04430697320284,155
45,False,4,38.27624676151489,142
54,True,23,1.7403139235904892,64
47,True,12,11.334548509288515,96
33,False,11,17.78609350150863,104
54,False,16,18.28253765323333,93
49,False,10,29.74124415914089,136
24,False,0,17.17534551316738,84
11,False,17,19.39079977783141,63
44,False,12,2.611903455771561,48
29,False,16,9.818582452100802,85
51,False,15,11.41059353886129,88
22,False,21,13.135488700249148,74
40,False,13,17.59101273545282,83
51,False,14,27.35944463826092,131
13,False,2,15.39241136420152,66
38,False,23,37.58854913627966,132
43,False,23,8.425862362258234,78
21,False,16,36.514267365477394,114
44,False,6,36.56042761937225,163
23,False,15,12.91330175700562,74
19,False,23,37.34475072909943,130
26,False,19,29.69897161614016,104
51,False,12,31.51147853418352,124
14,False,11,33.12882188699138,123
36,False,1,27.96854166032697,126
48,False,12,27.549557227146547,141
28,False,1,0.8614714425156474,66
38,False,2,27.678775836429843,101
45,False,8,33.93904832015107,122
52,True,13,3.0380787588953595,60
16,False,7,37.945015553074185,119
8,False,3,11.65631548008376,37
54,True,6,3.854219936756437,66
25,False,22,37.297529235306925,130
55,False,19,27.319400467974177,118
43,False,21,35.838347229833175,138
24,False,12,25.06025663408845,90
45,False,9,7.716335818498929,46
45,True,21,22.322450411146225,129
34,False,15,37.44181458222953,139
54,False,19,21.39898624866253,119
17,True,13,0.9587027269818952,45
14,False,20,2.8088708731996377,42
25,False,17,11.30823476211127,64
25,False,15,15.139015289292448,54
52,False,21,17.404125466168782,124
26,False,15,38.71924541261989,131
26,False,20,38.85236943282778,135
20,False,5,10.746372879816796,66
60,False,10,16.45566941102099,114
23,False,2,17.314689928910294,86
17,False,1,34.96988720928653,140
36,False,5,10.503576486524585,77
27,False,4,19.450945527384047,91
35,True,19,11.915471259661295,80
9,False,4,24.099655750046303,91
33,False,3,15.392083933490746,96
47,False,1,18.84108568349961,86
59,False,7,11.992604379066956,104
58,False,8,4.546940534306845,97
38,False,23,30.52393059784624,141
52,False,12,1.279852358330477,78
40,True,13,3.5557306717275887,68
25,False,8,29.36031157796017,110
17,False,20,3.781530826301667,38
48,False,0,6.894513772928272,59
41,False,5,7.338762976042786,69
29,False,19,32.06137679245577,114
10,False,18,21.83590774990149,90
47,False,21,17.723173283098202,88
8,True,14,36.87570909980048,135
17,False,21,1.6420774538205594,34
20,True,23,7.340889390879751,69
49,False,3,8.050814712498193,83
7,False,14,2.2564351144705244,41
32,False,22,24.21709323824868,79
32,False,10,19.81588287312911,100
31,False,14,29.00322632564872,103
51,False,15,29.61944649170136,144
37,True,7,35.21643078488907,141
37,False,7,11.416160970187793,67
17,False,7,29.79266882606399,100
5,False,3,2.4734740197797827,10
37,False,17,8.659042112396406,78
10,False,13,36.12869366162705,131
36,False,22,17.477231736150994,100
51,False,2,17.44106359068378,116
11,False,1,29.4410713173198,87
16,False,3,20.928097224092053,74
45,False,13,11.139334871396011,81
40,False,17,34.775016088806225,145
8,False,6,22.130681019037464,85
38,False,22,12.159603713468856,69
19,False,1,19.26924850440693,102
18,False,9,26.123516341056803,102
51,False,19,33.71343011399861,134
44,False,4,18.497287141883582,103
59,False,18,30.98980300159959,147
47,False,16,6.28565216087853,75
42,False,22,24.658059698522408,118
49,True,7,23.9395991871795,122
11,False,11,15.63268174434085,75
14,False,0,1.7861468019408957,36
45,False,18,4.3664587570085605,69
45,False,22,20.01374234894404,110
60,False,21,26.990794169883934,130
47,False,11,25.939591157888536,110
13,False,7,30.641870676528296,119
46,False,13,35.870277586459515,139
37,False,18,25.03800152161948,99
33,False,11,3.961233089210176,49
48,False,20,36.10895630085668,146
42,False,7,39.29182564786568,139
43,False,13,36.25702364501798,132
46,False,21,26.2035850257757,121
58,False,1,35.368808454729795,159
26,False,16,30.5763061616537,114
39,True,20,32.06472866901742,123
45,False,15,23.004181084063585,144
43,False,13,39.93839327093152,144
42,False,13,31.505678993971465,129
28,False,11,3.872474949255813,50
34,False,12,16.07687714512524,86
14,False,14,24.7564937469151,85
41,False,15,37.09770599914772,152
20,False,22,28.409913029109788,126
9,True,22,16.981347906532775,57
15,False,2,9.881656689751278,44
26,False,15,16.243011195718744,62
38,False,3,23.62315942618868,112
31,True,8,37.21734786592033,142
60,False,14,34.18666669923267,153
19,False,0,21.14595029764016,83
24,True,18,32.41667752400287,109
49,True,15,30.006232982440743,103
40,False,23,29.751754050892902,132
37,False,7,31.05744561365599,115
16,False,1,33.081692549821824,121
34,False,9,37.16870455478218,114
8,False,10,2.438906275118555,20
40,False,10,14.247574503514407,84
20,False,15,13.876471188731673,64
49,True,10,38.81202196158426,148
29,False,10,16.144833042853087,75
41,False,22,4.2827913187250335,65
32,False,11,23.55955239635481,107
27,False,8,26.31074607268724,125
55,False,13,27.60978479839062,120
6,False,19,23.20973051999432,77
10,False,17,35.98063167075207,94
24,False,15,11.921848189496934,51
30,False,11,2.9516163243280245,40
38,False,10,37.32750198264332,140
8,False,3,19.243695522726604,70
56,False,0,18.92757919778189,109
27,False,7,2.956405526805586,26
41,False,19,9.633070005976482,97
42,False,4,27.20583445364823,94
27,False,11,36.20653101107916,138
43,False,2,17.937255899444512,88
6,False,9,23.82368571350696,89
38,False,14,2.9286761051840142,55
5,False,6,10.501552369827094,40
24,False,4,27.81235971812119,106
34,False,17,24.30397811147405,119
27,False,19,1.8245662448409297,48
9,False,16,19.23205836901579,75
60,False,17,29.78079158466213,139
6,False,6,34.12306093597879,117
27,False,22,31.0116695823177,122
13,False,21,3.872865362064859,55
40,False,6,37.94659430124644,140
60,False,10,29.46527021005349,140
19,False,23,22.94984374581059,85
17,False,15,0.553866972350484,27
24,False,17,31.25656296450296,110
26,False,3,19.06271306399369,82
25,False,14,23.731585739398827,99
12,True,8,23.585857039101874,96
38,False,16,10.649817062515512,75
56,False,16,8.520397892105663,80
29,False,23,16.44464940519963,103
16,True,13,39.60989868248255,150
6,False,17,27.823423268072005,87
20,False,8,12.49834336854954,67
30,False,21,14.56264015721155,70
21,True,11,8.50873825673441,67
5,False,2,31.294435074699265,105
8,False,16,35.931379483178134,124
31,False,16,15.734521869292722,82
5,False,20,13.455057901854005,64
51,False,8,8.892638606252184,86
43,False,11,39.87963462569569,162
50,False,2,27.73280042322793,129
30,True,22,29.79303049153081,115
45,False,21,35.958628137082016,140
48,True,11,38.68898417913338,155
60,False,2,33.24828553854246,137
48,False,6,26.718325444903737,116
38,True,2,39.32341531124469,145
32,True,9,27.10105706392343,119
36,False,22,29.96699200362225,119
24,False,3,15.253569294564606,58
12,False,15,27.684885989656053,101
34,False,17,10.779051003787774,80
23,False,16,8.189715807417201,55
20,False,16,27.16969833846561,112
30,False,15,19.18069078792629,104
21,True,20,20.266435187736,72
33,False,8,22.8153646442489,104
19,False,13,22.979916224527287,83
23,True,6,1.3765896308658243,35
15,False,4,39.20807996523554,129
34,False,9,26.79488293610705,102
38,False,14,3.8084543280929006,63
14,False,0,21.994792645380656,81
51,False,10,28.161498781277167,134
56,False,17,3.058907897067321,61
59,False,4,4.967866276133959,95
11,False,20,24.98576931170694,92
32,False,9,0.5642817722354495,34
40,False,0,27.839628939466376,112
51,False,3,5.592616099217308,84
41,True,4,12.22603773765388,103
49,False,13,4.172423024585604,78
24,False,6,35.60012553747954,140
22,False,0,21.17514612527223,80
45,False,10,1.2616439736059033,64
20,False,19,24.13366482108975,100
53,False,12,9.274888741390573,82
42,False,23,18.409881747653973,99
15,False,13,21.83667541776053,81
8,False,6,30.529020653597904,98
35,False,6,0.2990700914414873,58
29,False,18,37.09353308204127,132
54,False,8,21.03317681550564,134
58,True,15,3.1519259346194826,77
55,False,2,29.82672336343631,131
19,False,10,27.00456177711252,113
11,False,13,5.216364685520186,20
59,False,22,17.905744340954882,102
30,False,22,31.92834414017382,143
15,False,22,0.1030864140431895,38
48,False,23,4.743678694025497,81
11,True,1,1.0378532432955825,25
17,False,23,15.929804783903084,78
18,False,5,28.89298328219736,100
10,False,17,9.042056701174184,42
40,False,1,20.02119005064822,106
58,False,15,32.35483465162627,169
32,False,22,25.10601439869817,112
39,False,9,3.315166451666192,58
37,False,11,36.313996230342525,123
48,False,20,20.592491804199422,108
42,False,14,32.90196526290551,128
28,False,1,26.7894224658448,111
18,False,23,9.839830127370115,58
44,False,8,5.970298978564919,70
26,False,14,3.043350473736578,50
53,False,16,26.01833151183225,129
17,False,12,36.981235997676414,150
51,False,14,5.438609928456313,75
47,False,3,1.7955016542790316,50
39,False,18,2.870686902837692,52
22,False,10,37.22905835832162,132
8,False,5,1.8519560987521,31
8,False,2,9.86974996044806,44
52,False,15,14.823097828454667,79
24,False,22,1.1718762303143595,35
54,False,8,39.29818510416664,148
15,True,13,14.363174862144026,66
26,False,9,39.51964735437573,131
27,False,7,39.89749807798144,145
12,False,9,20.30488808541179,76
18,False,19,14.472457108156808,61
56,False,11,13.848017563467696,86
51,False,22,20.975637504200108,116
7,False,10,20.07310749881664,90
13,False,5,7.513843827211557,49
35,False,13,34.852156182429766,132
49,False,10,10.614742048316032,95
23,False,2,36.4996762910344,116
56,False,9,28.00701358568946,122
52,False,17,26.59510575006539,131
25,False,5,14.412157980906557,72
12,False,8,10.20471524440824,55
33,False,19,14.617310191402778,74
21,False,2,23.419574746953945,110
38,False,6,8.214700525010368,82
15,False,5,38.53868206739604,145
39,False,6,31.38337580757077,117
50,False,4,29.737211098971933,116
37,True,13,36.43162912867754,121
9,False,14,0.2028700033598599,34
54,False,3,30.496576452418683,130
27,False,2,6.402594209757244,50
23,False,11,35.21432811176536,124
20,False,18,13.935556989552005,57
50,False,17,4.576189873920366,74
16,False,9,38.53429896883097,124
42,False,11,34.310430322127175,149
7,False,6,30.46210420487918,96
57,True,0,24.844644706476203,122
44,False,18,17.406726602773617,104
47,False,19,36.10286137977173,149
38,False,8,0.1320049019686091,59
26,True,18,25.50621281627778,96
16,False,19,39.12001805863466,125
20,False,17,11.024035705427815,75
40,False,10,14.864943866554428,105
16,True,5,23.63856024579844,95
40,False,1,20.98198460847449,90
21,False,12,24.81053763945364,88
37,False,3,30.641400857697075,149
49,True,9,12.803494561420388,89
9,False,11,28.75984753172873,101
50,False,7,0.2531029551508224,49
27,False,2,3.655707288624436,37
13,False,9,2.9920731326555807,53
52,False,12,22.18861375561873,127
49,False,8,33.863331903448824,149
52,False,11,8.76205055471925,89
44,False,4,26.516625750484693,114
13,False,21,37.067364247947474,113
14,False,3,15.692597001464048,84
54,False,5,31.3237016878782,143
23,False,12,21.28075867289936,88
10,True,0,34.34917831762672,121
54,True,7,11.88395180773224,76
43,False,11,30.99868813937215,145
34,False,20,27.034904071886142,116
26,False,16,34.323290705239785,139
25,False,21,5.726796451296901,74
21,True,9,12.25587285391644,87
28,False,23,10.94513362210398,82
51,False,19,36.59039180038185,140
43,False,15,5.02695152905558,66
28,False,7,30.334358035605018,115
41,False,14,17.78866883051183,105
8,False,1,20.31601668334773,58
7,False,7,28.581458490582687,82
34,False,14,15.574576858645866,79
41,True,8,3.6596998175870943,50
60,False,2,0.1058168047300762,63
9,True,3,5.279433109793957,37
20,False,7,10.001643773917154,55
36,True,7,1.0343744162710606,39
32,False,16,29.714036693927905,112
7,False,16,9.008775050183631,42
20,False,6,3.896268013909444,45
36,False,10,33.56292904421355,142
55,False,2,2.0105568237249325,71
37,False,22,17.473110933520932,89
13,False,13,13.13996875265049,38
57,False,20,30.833794493917345,130
51,False,11,33.75863052482494,168
56,False,2,25.356064198030506,139
38,False,16,1.605780372307897,64
17,False,3,14.191575689327175,61
5,False,5,37.50980723809021,117
52,False,11,27.140011791017898,133
18,False,10,34.86401568314431,113
48,False,18,8.027482242380392,97
11,False,20,1.0854997421827932,47
28,False,19,29.869575243339376,111
5,False,2,12.36221001657854,47
24,False,18,15.171410401295322,71
43,False,5,5.605931923586971,68
37,False,23,22.63819258279557,97
25,False,6,35.96902686762349,127
29,False,2,25.04357623212528,100
16,False,5,25.52122431579159,102
51,False,3,28.265799186625607,129
15,False,6,21.639991574144133,91
40,False,7,13.044263008731406,94
5,False,8,20.040129903195943,72
35,False,2,22.81558275753614,115
12,False,1,28.50013302819095,98
18,False,20,15.63855502362796,64
53,False,2,20.93662921411632,106
60,False,10,22.04588410855096,119
57,False,11,10.58431101246087,86
19,True,8,37.72905617876117,114
31,False,7,37.68409106703852,154
9,False,16,23.963718170533063,87
58,False,10,39.41087806065871,175
27,False,2,23.58551479531556,115
12,False,0,27.38183954304218,95
55,True,1,7.427351245931321,84
12,False,21,31.47686210808657,105
28,True,1,29.90418352287879,119
60,False,12,8.327161089307994,78
59,False,20,32.58808352881541,141
10,False,16,27.795369441661208,129
54,False,12,27.65406747347124,132
8,False,10,21.45419251236532,70
14,False,7,34.58653702113893,133
15,False,19,10.751962029974722,34
32,False,5,39.59223440152178,146
53,False,4,6.669684051897164,75
29,False,22,14.101993352748048,64
48,False,4,26.82538569048436,130
57,False,23,21.65463064451645,119
55,False,14,27.60116104462774,135
18,True,9,20.01311047278801,83
58,False,22,37.335927654009694,155
38,False,20,15.175261984500292,93
27,False,19,27.06476938680993,93
32,False,0,3.0545954382436413,43
24,False,15,27.00995726244816,109
23,False,1,24.717289700806912,94
30,False,5,13.169509023398051,91
36,False,0,8.919041552410713,84
34,True,6,35.04641121998812,142
48,False,4,16.472890834494414,92
27,False,16,16.229832341152655,96
34,False,23,28.293907792095503,109
25,True,8,4.382150388432142,41
42,False,23,33.11394298631691,127
35,False,18,31.204165950166768,128
54,False,8,21.783644485811333,114
9,False,15,7.207002661275776,58
34,False,15,29.92507582083641,115
60,False,11,20.95913545636976,114
25,False,19,35.30043627708873,120
46,False,4,18.271859232724943,95
56,True,5,1.864094374121385,57
57,False,15,23.49265942866587,127
9,False,17,19.014919112634992,76
27,False,12,18.02094315546956,87
17,True,14,7.101643701335847,55
47,False,21,17.93413339008494,105
30,False,13,28.619608040295,105
7,False,2,28.244930257304016,73
41,False,21,5.537439117456194,63
32,False,13,1.0817540660814642,51
57,False,7,17.092926164753248,109
7,False,10,21.85095949877915,76
19,True,1,39.50495381445122,148
44,False,7,25.76344742995072,112
5,False,8,2.83889055077969,46
24,False,12,26.63991396720373,105
24,False,16,28.918806410251428,122
50,False,12,37.3131672970138,146
60,False,13,35.25926476976449,155
57,False,16,26.525963485476,135
53,True,0,24.836013883939422,120
47,False,14,22.654727210275333,115
48,False,20,32.314604156507855,148
5,False,4,20.70254330050033,58
48,True,20,37.71307067668235,141
47,False,20,36.26386941732301,137
14,False,2,2.275754203646163,18
53,False,12,38.18864989124519,159
9,False,4,30.16763406589356,92
55,False,9,25.279335507275377,127
50,False,5,17.47303506331241,103
22,False,16,37.0509118169252,150
9,False,18,35.33382625477565,105
59,False,8,9.855411528537465,76
18,True,3,8.92646981860093,64
49,False,23,27.17606999219641,131
41,False,9,30.39175369647545,123
49,False,6,37.35043925160104,141
39,True,14,14.960210187523076,106
31,False,9,28.56740484103447,104
41,False,8,11.770842658676909,74
25,False,14,15.422781755138573,74
51,False,3,29.510694909422416,120
54,True,13,4.948069255589237,69
60,False,7,32.54879227729228,130
24,False,18,18.661447907254104,92
25,False,0,34.81401995933236,119
28,True,10,2.285550853927355,34
32,False,8,14.891874967299117,82
47,True,19,31.427039939250985,145
31,False,20,4.236934109465499,33
39,False,14,39.48432289152927,135
32,False,7,2.192001113242976,39
14,True,21,13.071703100782086,71
39,False,21,20.40736380548417,119
47,False,8,39.527525420239286,174
15,False,16,10.572110433701711,57
19,False,18,14.01316928172654,59
52,False,23,34.4901156302204,147
55,False,4,2.0840467481256777,64
57,False,4,35.89953716577943,127
48,True,14,34.83050559930774,133
51,False,22,8.274692690502798,79
14,False,20,32.500500059474625,95
7,False,22,5.145225019329391,30
10,False,2,30.70756982799501,100
41,False,17,15.470398494053391,94
8,False,16,2.0027394877015148,17
20,False,16,28.291110890079725,94
56,True,9,34.86477115751352,143
12,False,12,1.2647586562786943,49
26,False,14,7.987856017276112,44
20,False,21,23.132672588487168,92
8,False,7,10.992275846833971,44
43,False,1,17.181988951635095,100
58,False,22,33.66430101964696,145
55,False,2,3.569480316498632,75
23,False,4,5.911421203856164,55
55,False,21,32.302659303844976,137
23,False,8,17.285432404958776,70
25,False,3,6.894978900836128,64
21,False,21,31.26019941978236,112
42,True,1,12.723759646658038,89
25,False,7,14.254048692754154,73
43,False,10,21.281739371313137,104
54,True,15,35.35616839813967,127
49,True,18,33.19964181764409,148
59,False,11,9.951034269545838,91
8,False,7,10.111151247114782,53
28,False,0,11.625093999419924,74
38,False,9,18.06214988021536,100
29,False,18,0.7627356807669441,49
30,False,17,7.289326610435949,62
44,False,19,13.068034541000866,108
14,False,14,11.901730764281352,64
18,False,19,6.462662209504439,40
24,False,5,31.59066527715396,108
32,False,9,20.495493769786123,74
23,False,11,9.807649978652435,72
42,False,8,37.82852516804637,148
41,False,23,21.565800182649813,109
50,False,10,33.09711852113422,137
36,False,20,16.056613580575423,88
53,True,11,25.51440896743682,120
7,True,2,20.47474915855607,80
41,False,23,26.625659350839616,115
44,False,4,6.811384212408758,45
52,False,18,14.880543787027586,87
51,False,22,20.41066561372717,106
40,False,2,36.55759520243241,125
60,False,19,10.491152370798526,94
26,False,18,28.523857456078268,94
27,False,2,26.671965234526752,118
43,True,14,13.604923513795578,78
37,False,12,13.63413748639208,89
50,False,20,35.658446450175816,135
17,False,18,27.717650011321155,88
10,False,20,20.408640348914897,64
17,False,17,38.68885408159566,139
45,False,1,5.2413313725847335,59
41,False,3,8.326013169276369,65
41,False,1,18.30694233824264,94
52,False,0,5.869064785360237,85
58,False,11,32.91204622491856,149
9,False,8,35.04811886669766,101
25,False,0,5.003148372416022,61
49,False,3,29.09315524220869,143
22,False,16,8.525948924848485,68
19,False,11,36.05978504820951,129
35,False,18,38.13038704093798,147
41,False,13,18.891498394221287,78
35,False,14,31.54779204514444,131
13,False,7,15.859714953666046,59
52,False,10,39.89575637018817,166
43,False,18,16.46515014958276,86
44,False,8,2.408270289161317,45
41,False,15,18.51590187445141,111
27,False,6,17.523139262552984,65
39,False,16,37.74993004860358,132
22,False,6,36.92264565073399,119
20,False,12,3.299019334909908,34
35,False,2,27.58425602874683,121
51,False,9,37.82235828180544,150
41,False,5,31.992207697364943,128
32,False,4,24.80461014469528,92
7,False,12,17.860818284433748,53
11,False,15,5.766559089892091,29
37,True,9,17.853282037588112,82
29,False,7,39.55889053827652,140
6,False,8,11.776563775405991,46
52,False,6,31.798926757073858,127
32,False,1,31.09706730078728,136
20,False,23,28.216924795905925,107
37,False,5,29.623205283004523,105
60,False,13,33.461006934511346,145
60,False,16,8.758776606194909,84
50,False,20,5.705296970734216,66
34,True,20,33.76259348221925,141
16,False,7,31.9272988460802,132
35,False,11,13.820530636622768,68
55,False,0,5.725650533967637,77
5,False,17,13.568249706420026,53
45,False,19,24.5256043408357,111
55,False,6,20.52648233646516,117
41,False,4,10.094226502263815,62
28,False,1,28.560402191496355,102
13,False,5,2.375254850372017,59
24,True,21,25.37658782652731,107
15,False,9,39.30529151790206,129
31,False,8,23.41311268120209,108
28,False,23,17.77461312067903,66
28,False,13,1.2739218276261857,40
24,False,17,9.554149744168775,59
50,False,23,16.864167023622297,108
31,False,19,25.04190815590392,101
51,False,13,3.974669772220509,65
42,False,17,39.785720850735785,164
48,False,19,32.876665790691604,129
53,False,18,33.36929751559593,143
25,False,2,14.094818890633425,72
41,False,21,38.4595959604755,149
42,False,18,10.266109229563048,76
59,False,4,17.31199959122272,108
43,False,1,20.551152581152703,115
28,True,8,9.54599931505338,54
35,False,12,6.701615868194707,62
54,False,23,8.016249476930806,75
50,False,15,30.7998114945985,134
20,False,9,25.979497809079465,97
23,False,7,38.307843174138085,109
5,False,20,3.978319737580593,22
27,True,20,0.5050918744037934,30
30,False,19,28.666612965725044,123
46,False,13,17.423656963963968,90
39,False,11,32.61766833173605,129
58,True,10,6.567098876494184,79
5,True,18,11.101561267962223,58
49,False,19,30.9881268242044,135
31,False,15,19.435840876828127,83
55,False,8,37.83494096396043,160
45,False,3,0.5265468668120296,79
57,False,22,17.588178617849202,92
31,False,17,23.14850270870112,109
51,False,23,17.05077844331219,86
38,False,23,19.790014521346844,122
26,True,21,39.17001953536678,111
26,False,5,24.08540054848013,106
8,False,0,13.49406211750448,63
17,False,19,30.59703155967953,105
30,False,23,27.884606078362665,109
19,False,18,5.103361256772667,51
37,False,10,3.0676216906713587,32
19,False,4,14.301559786819992,79
43,True,9,11.786222406428642,77
12,False,1,7.230228713026444,48
59,False,13,1.8664628894992377,67
46,True,7,10.707865547313014,83
28,False,5,24.096199571409645,96
33,False,8,24.659403880072773,114
41,False,15,5.836795490049469,75
12,False,22,3.013929409249008,44
43,False,4,1.7272625785078053,72
25,False,4,21.086816370653025,85
35,False,15,37.93501855875553,161
56,True,15,27.91258590640241,135
42,False,22,2.491122094797438,49
22,True,19,29.473166712800424,113
32,False,0,9.376247259642884,63
36,False,6,31.83555779721447,126
18,False,1,2.6136245921094554,27
53,False,3,14.808580050636062,86
42,True,16,7.335979518312673,81
6,False,5,18.22033446603031,56
58,False,13,4.503754040634775,73
5,True,3,14.62447156148871,47
56,False,6,28.326831453428635,139
34,False,17,33.52885018240975,125
13,False,9,17.163468676920726,66
10,False,23,9.101907811577838,41
25,False,11,28.149169999941723,93
32,False,4,37.95554368184951,144
39,False,2,0.9779683283849456,55
20,False,22,6.292336141774588,70
37,False,13,0.984465494780806,49
25,False,10,38.85607507623589,138
48,False,10,36.54117309033426,150
40,False,21,30.81645749090936,119
34,False,23,1.0183622273760766,39
59,False,9,34.77766200076081,152
52,True,17,27.975831753288684,126
49,False,6,6.494882777389576,78
20,False,5,27.54588307317194,101
41,False,12,0.4697178429880593,48
7,False,14,26.59229156472012,120
10,False,11,0.761128363896372,30
46,False,10,24.764316480455264,122
36,False,20,11.429398086428192,68
57,False,21,26.044891102022245,118
59,False,22,30.64112616731289,129
43,False,16,12.453155171567447,89
22,False,4,9.593981006941773,52
8,False,11,35.08199683868223,93
49,False,4,7.5305226275066115,65
48,False,10,10.610275906524535,57
12,False,15,35.329921639357394,117
49,False,20,39.35312232735628,160
54,False,1,32.01111127972013,141
28,False,3,7.414503733561784,78
38,False,15,29.44796866088389,103
34,False,23,23.87118416350894,107
17,False,0,15.173248049592104,64
18,False,13,23.48142805872948,99
15,False,22,13.372142009508698,58
46,False,20,12.303801242856675,96
58,False,9,38.216490322822985,151
11,False,8,17.190719823040187,70
54,False,7,10.671634092243792,84
32,True,23,26.151762947625347,121
35,False,13,36.99539042700556,131
51,False,4,37.76542033333424,152
58,False,4,27.377435949334227,136
29,False,22,20.05346733017821,100
27,False,10,36.84413500342145,111
6,False,23,21.522301800812507,72
15,False,15,12.724233767969404,68
47,False,16,33.03516403971251,123
16,False,14,22.0495730066576,82
42,False,5,30.187800493381005,149
8,False,14,24.86960400802188,83
45,False,19,16.419177715662844,71
48,False,17,4.173180302112822,68
49,False,22,5.973506887812958,86
49,False,9,38.16704756760976,170
8,False,5,2.1969976204497663,29
12,False,2,12.775805027974789,70
59,True,19,32.473590143282976,143
42,False,2,12.515360875361154,81
26,False,2,10.110156256754273,59
22,True,7,14.146647150763998,72
20,False,6,9.545640700928365,54
55,True,8,4.86519829892274,69
40,False,17,19.289656651464178,97
42,False,15,39.85607986371002,136
23,True,21,10.04106687221188,64
49,False,6,38.46065212801325,159
38,False,6,24.34882845423645,102
30,False,17,36.5157395950512,120
30,False,14,22.436573216027256,104
50,True,13,19.189486382336543,113
49,False,9,39.332786997320056,174
60,False,18,33.60714852652361,162
20,False,1,19.11973782241979,91
39,False,22,36.28928613582424,130
60,False,22,18.2043135598018,96
42,False,5,24.29710762112951,106
5,False,8,4.802495418416003,36
10,False,21,14.225593104559197,52
59,False,6,16.14598941155917,121
60,False,4,24.245377479766017,118
20,False,20,28.79139228164572,93
36,True,19,30.06494556923576,117
38,False,9,30.437723201531,123
32,False,14,38.1148295049162,126
42,False,21,26.86438581018153,105
14,True,7,28.943799119467126,121
51,False,4,2.421907602113249,52
60,False,0,5.565925575564175,64
56,False,1,37.820008496004746,151
34,False,8,3.301204210823792,65
14,False,23,13.109179087941747,48
14,False,7,20.36183432291356,79
60,False,16,25.305654902144084,132
43,False,4,32.83694231653493,128
15,False,6,28.54418092995365,93
42,False,18,1.728503187817039,62
9,False,19,21.017248085081462,79
18,False,17,26.566272120549268,102
14,False,12,2.493539536612212,34
55,False,5,33.59134077247677,150
19,False,8,17.843850852090743,84
11,False,1,11.525897719576236,70
6,False,12,37.01388006156831,101
16,False,7,34.97995562643873,115
23,False,4,32.37032513178915,106
7,False,9,11.908680607721047,70
16,False,19,18.9531769250782,52
23,False,0,38.34871867765319,125
9,False,12,36.975240211373205,117
60,False,11,35.58687189361207,163
14,False,22,34.64157157233584,94
29,False,8,12.759626689210364,69
44,True,8,23.92643893806355,120
46,False,14,39.4090132744203,163
36,False,3,28.16508518892183,113
11,False,22,2.067548043458453,41
55,False,11,38.03931390005384,134
8,True,8,25.48544372472973,73
46,False,16,18.622949007311263,97
44,False,23,34.07132968015304,139
19,False,20,8.207192128110146,53
45,False,22,17.408830564450625,102
40,False,21,19.08708314772592,103
56,False,9,10.294768711227274,57
41,False,11,25.371926224306137,121
15,False,18,10.50887957813584,59
32,False,20,33.11957807981256,115
19,False,12,38.44561066819171,128
9,False,10,9.177786275480726,31
43,True,18,19.98298263271113,102
52,False,11,24.71427140613672,130
49,False,4,18.537947311342645,85
41,False,4,1.6150222552125857,45
53,False,11,26.88193552056855,115
48,False,0,16.562019975934746,101
47,False,0,5.821706793110005,77
57,False,19,22.346943411718588,115
5,False,5,1.4705871668950798,43
10,False,6,19.44130762739229,90
17,False,2,12.06452427805889,55
8,False,12,0.1607654641155098,21
15,True,5,18.05713296246158,68
29,False,8,6.370599587157359,62
30,True,21,14.826507465685856,104
30,False,0,22.450243936100545,62
35,True,21,1.6221073902759324,61
56,True,3,8.505454566323086,84
57,False,3,29.63885855991785,144
17,False,3,35.22410238308737,100
50,False,12,20.192321438490417,121
16,False,5,7.663383437037961,25
50,False,23,24.994924070804515,132
60,False,10,0.8322664104262381,61
14,False,3,12.102450069976785,45
46,False,20,21.706437250006964,91
59,False,22,24.79811648616202,138
28,False,2,22.182064857154167,93
42,False,21,37.44243731108173,148
52,False,20,32.06252114192133,125
10,False,15,19.375897715723443,64
42,False,2,1.4354722100152069,66
57,False,14,23.221919645565023,105
48,True,20,2.4098519494009105,64
51,False,15,39.01008168554051,156
29,True,6,15.173262545556511,73
33,False,4,1.6630581929478665,60
32,False,5,39.09351893314937,132
25,False,7,6.936860250278472,50
46,False,15,34.13089474045036,136
47,False,3,4.736766284172832,79
18,False,20,22.18345564911908,78
38,False,22,15.103715416048123,82
28,False,11,20.578591227654183,100
21,False,15,29.20430253367381,120
39,False,22,28.81937231004786,95
41,False,20,26.522582387900915,124
19,False,12,2.3510531655082176,39
37,True,20,5.798585284435494,59
32,False,5,19.627837447893345,86
35,False,22,9.583872802520904,74
48,False,19,0.3342587182911283,35
18,False,18,9.424405043207583,62
18,False,6,2.2810536350090915,39
7,False,23,34.555369498137395,89
36,False,18,20.83515075214219,99
34,False,23,9.64858166620747,90
56,False,10,22.40845338985672,122
15,True,13,11.953428178517091,51
26,False,20,6.057602843189919,38
53,True,21,12.062817705296697,93
47,False,23,31.697624186447538,121
13,False,8,12.40358128923056,67
17,True,1,9.150336726665774,49
30,False,20,27.00333883395425,103
42,False,13,17.887821398966906,98
48,True,18,25.21716048255142,123
59,False,13,2.087084201797528,70
27,False,12,12.544450641326996,60
51,False,18,14.364385992928176,87
26,False,17,13.439962699099691,70
29,False,16,22.804674533522302,108
55,False,18,27.75367886234308,118
48,False,8,31.8599579834377,131
53,True,6,31.749455067090725,138
6,False,2,2.7235971756367707,30
58,False,19,19.865712568001616,111
50,False,3,32.40690471695282,138
19,False,13,17.80084936615186,60
37,False,4,37.01071950131646,157
22,False,5,13.086259285875318,57
17,False,13,27.597853873925093,105
50,False,7,29.48457210398952,139
46,False,3,32.94998266158716,131
51,False,1,32.85592263211197,146
25,False,8,15.86292744558906,75
16,False,17,26.492752287211264,93
55,False,19,36.97315942459484,157
30,False,20,35.32447760791975,137
37,False,12,17.6037855372697,84
24,False,11,32.76917819900215,126
59,False,9,9.653046363709622,100
32,False,0,27.98053930890297,110
7,False,9,14.76821643979767,67
31,False,2,23.455604897030067,97
10,False,23,30.75410314059638,94
31,False,23,22.696364322596523,98
45,False,4,9.9479911718666,74
25,False,6,39.41498184418444,145
9,False,4,14.712112251520187,48
56,False,11,26.823309289286303,114
17,False,12,2.2345217927871817,32
57,False,0,27.969965292225258,132
24,False,16,20.005500177187336,91
27,False,20,32.7592960909445,128
45,False,16,0.91020313305186,33
31,False,19,28.95861087629697,102
12,False,15,21.23575939386089,79
52,False,4,17.582968392117454,103
44,False,21,37.77185315679555,139
45,False,13,22.771924646719366,134
12,False,11,10.468139294747786,45
37,True,11,33.56213993243851,145
40,False,2,23.595541807736755,96
28,False,21,33.88434998731529,116
53,False,1,19.68104661865065,129
9,True,21,4.635512173315903,36
52,False,9,21.90036325769435,111
53,False,11,27.625587840750352,128
43,False,10,5.171599028248472,58
12,False,8,36.46153948965984,108
45,False,19,24.598539376748224,117
18,False,14,18.99455766051577,78
48,False,20,33.01384978626381,127
25,False,13,13.14973519613836,77
42,False,9,39.97890883604283,162
58,False,19,14.991335561975172,89
18,True,22,6.518303045502072,47
46,False,21,2.7537844180026347,60
14,False,0,1.3956976928431746,31
36,False,6,8.826474788453039,54
48,True,13,34.75233010970884,142
57,False,13,20.09136320514741,99
44,False,22,34.31340896979825,147
13,False,0,3.2265391514280672,45
17,False,20,36.15258710935953,133
37,False,9,6.301306203913248,56
47,False,4,30.648140564531825,135
10,True,15,21.036757796966626,109
6,False,10,26.74983628793744,101
51,False,4,11.601003078210326,82
5,False,23,8.975901292603933,43
48,False,0,15.73825208730256,95
34,False,21,20.404375933179136,78
55,False,7,2.947814827635828,53
30,False,22,19.96402618273629,90
29,True,22,36.767280786989126,143
40,False,4,11.276686308888747,65
30,False,23,27.39963904348495,122
25,False,7,20.636920792490564,78
57,False,12,22.38462310487312,98
16,False,18,6.949544304696149,45
19,False,20,37.783545909161575,125
18,False,8,31.3268591567131,101
32,False,1,35.27848064967443,134
46,False,5,31.86497669978412,140
5,True,23,20.90724234890881,77
42,False,18,27.70910304646705,120
41,True,5,5.855957269140961,60
26,False,19,30.36020245043428,118
56,False,7,33.04397364354308,142
30,False,0,7.35965072644638,40
46,True,19,5.454784126223607,72
26,False,22,9.414475921975871,68
12,False,20,32.7122928426471,113
32,False,2,1.5622829655982886,34
60,True,14,17.62848735295003,126
36,False,0,14.867486929228525,101
16,False,4,0.4454009341576447,36
49,False,14,15.00161686227304,93
46,False,15,24.43150267545336,95
44,False,21,4.770851317079713,60
60,False,18,3.7128419804034745,84
60,False,11,2.812126940340782,82
20,False,4,35.4570345711805,129
34,False,1,33.954614508514034,122
36,True,12,13.967746779170923,70
43,False,17,9.944004610542672,70
60,False,12,34.1636294589117,167
17,False,15,21.108416775713376,73
28,False,16,13.85363674961182,69
54,False,20,7.075944411466725,87
43,False,12,4.438600460534633,44
47,False,21,14.437433160016903,78
17,False,5,20.63048576901433,84
13,False,3,33.47522879142663,90
52,False,2,32.95087109348182,153
34,False,0,4.335852623000863,53
32,False,23,21.74192638079087,94
25,False,3,9.978078513907962,51
60,False,0,22.421463380606696,110
24,False,14,38.084128096584045,137
49,False,11,25.49249658664573,111
46,False,10,10.859061814091378,70
13,False,8,10.99212097809716,70
41,False,10,30.48131080297567,114
17,False,1,39.12216875285218,126
58,False,15,3.800331166881557,71
21,True,0,2.5398806492303816,62
50,False,1,1.4528225114615,52
56,False,12,29.43224357238564,142
34,True,4,7.56779286835078,71
9,False,6,28.68561668331725,90
34,False,6,26.74808082726384,113
58,False,10,13.923529658709043,84
51,False,1,14.591753220281303,90
21,False,22,2.0728520270288784,33
31,False,12,14.437804108699275,86
43,False,8,9.191606403912983,81
39,False,22,4.403549174766608,60
18,True,20,1.3305026863341975,34
27,False,1,3.8521992849859927,46
58,False,18,2.4244516771127325,80
33,False,7,22.67972524036504,103
51,False,23,11.008118401428913,118
49,False,8,29.69292011467516,137
36,False,0,30.79265961301921,119
12,False,11,33.04350544437019,114
14,False,14,4.4051741501442985,49
18,False,12,35.8490859106082,124
44,False,2,33.26193987578653,150
43,False,12,18.955620550042504,89
24,False,20,30.57478444886592,127
30,False,20,36.39589413947394,156
37,False,18,22.649008985658128,110
18,False,17,35.54537297184199,112
7,False,23,21.65314542694968,69
23,False,6,10.68328007498341,69
23,False,14,3.9529224396662346,36
35,True,3,24.3183562636837,112
38,True,9,19.819406395034363,110
10,False,18,17.663619537253737,74
49,False,1,38.42265596255782,146
19,False,7,7.474886690529299,70
31,False,4,16.855405255307716,85
16,False,9,8.145397606748066,45
60,False,10,7.4430553938439985,77
48,False,8,2.4620579542103305,80
6,False,1,28.94817122252693,82
42,False,12,5.732816202385268,75
28,False,14,6.2694254637546445,59
37,False,14,2.6616468336466097,38
24,True,13,32.26103204324155,140
45,True,14,10.959905856885076,86
41,False,19,16.39504689822284,87
60,False,11,37.83980609110363,166
27,True,7,15.45374451740382,81
19,False,23,15.105728327222511,64
6,False,14,10.794489997033196,59
48,False,6,15.191500471710643,89
46,False,16,16.39452875065039,112
46,False,4,23.96681311680064,110
60,False,8,14.199345707901124,91
30,False,8,10.934528374875706,78
34,False,14,19.40760747218816,81
29,False,22,28.854840590201825,123
58,False,14,17.922951708564312,112
44,False,14,1.4443798794270406,55
14,False,12,2.385525061834622,28
60,True,21,10.831947281439374,86
40,False,3,25.58845732749464,108
41,False,6,16.78946797997106,95
51,False,16,5.912356523881484,79
21,False,11,18.10546274476087,68
15,False,6,32.3279556164185,115
58,False,18,38.62631409895833,152
39,False,19,38.08038923076085,161
24,False,7,13.283803904806176,70
26,False,22,7.276050260649361,60
19,True,19,9.267829876490977,49
54,False,15,15.896407348555512,102
20,False,0,22.232618068997866,100
47,False,17,31.22309344428671,143
54,False,6,16.971221199569655,94
22,True,9,17.11324847354875,91
27,False,17,22.535537489099404,94
46,False,8,17.302308602572452,95
20,True,15,14.9953741589536,75
48,False,20,22.1436404977949,108
47,False,20,12.842441090140923,98
16,False,7,28.164828385453585,88
51,False,3,33.77051373044992,161
46,False,14,11.535890249784162,68
41,False,13,3.688290152058402,66
9,False,11,26.46880630104896,88
49,False,21,5.555489995285713,72
27,False,8,12.808370582922445,54
57,False,8,27.64682729660985,126
46,True,13,13.721911174021574,88
12,False,2,30.77692451753064,110
20,False,11,6.9782728153813975,42
29,False,1,29.014378407492508,101
15,False,8,38.55681203942648,113
54,True,9,29.388916394865447,134
15,False,13,10.966341451626311,48
51,False,15,13.229540235226963,92
53,False,10,12.537135190172744,106
41,False,23,31.96800141015117,141
40,False,18,14.269351592215289,75
38,False,10,39.32150789611494,163
6,False,19,9.710975823799926,44
54,False,6,9.178388370491204,71
33,False,10,16.91779654507031,77
16,False,11,31.99644849375908,111
16,False,3,19.09158573458605,79
59,False,18,5.121397065374082,74
38,False,18,32.98208408594945,136
57,False,19,13.277385879641391,101
34,False,1,6.231080459376863,58
40,True,14,5.530468597102386,66
31,False,13,36.327884224640265,133
40,True,23,5.690273384721232,62
5,False,1,14.892618671092956,55
30,False,8,28.00850271251625,100
17,True,23,20.46884768291954,87
51,False,19,20.35364345374682,116
39,False,4,32.24172999844247,130
39,False,2,4.763566533544489,73
27,True,2,8.379821207074789,65
31,False,1,6.866706291940023,67
48,False,7,3.4583942554082805,58
58,True,7,1.897143317044904,65
26,False,5,30.968951158382865,121
56,False,10,10.212133021808588,75
38,False,2,13.148948296653147,72
42,False,13,13.051328621566954,95
58,False,22,10.117611313368272,91
20,False,22,13.04897163061026,73
31,False,1,33.017474870816265,137
20,False,3,4.203762666914687,36
43,False,6,7.572003539218249,67
32,False,7,32.601010427057346,120
47,False,14,23.13458485898525,115
33,False,18,35.19889703921247,121
12,False,2,33.04981156247105,113
23,True,16,19.72561275281368,86
45,True,3,32.9076118638269,124
49,True,18,32.866387422903195,153
14,False,6,16.736159510012904,66
25,False,2,34.59711054905705,117
51,False,3,3.0657738857412893,83
41,False,14,14.130584624531352,76
45,False,7,13.691979722319155,74
25,False,1,30.401397389888075,125
50,False,22,18.79292881242231,101
33,False,13,15.276614399052251,66
30,False,7,10.02253496123717,65
21,True,18,31.20310370104584,124
59,False,1,27.15196980500865,127
23,False,3,37.7548256523282,133
44,False,15,28.262796843862503,126
15,False,3,32.41689065144756,103
44,False,18,32.28185903602069,129
45,False,19,24.069256676308623,110
5,False,15,36.43249480543677,118
25,False,0,12.79564096406496,80
43,False,21,22.778178465724405,102
40,False,19,10.68167716069381,64
58,False,21,38.41058032212226,173
41,False,16,9.924974884116269,80
23,False,6,5.622137573743255,48
57,False,18,12.986801894147636,98
36,False,19,8.18970395226716,50
43,True,1,3.6529767242773294,65
58,False,1,4.804712989696275,72
21,False,5,20.280975604989475,94
44,True,23,10.41122070075786,54
48,False,17,16.108438644182197,99
13,False,16,17.19638734680253,62
22,False,6,38.26558184173523,137
48,True,23,3.091331814065809,57
54,False,5,10.614193565212087,84
58,True,16,39.53947100554689,159
19,False,14,4.1712237437734485,42
32,False,6,35.94142142127841,107
56,True,14,3.834137297051024,91
53,False,23,18.91469195757291,92
36,False,1,4.43295061581557,58
60,False,14,13.448285233566612,121
20,False,23,8.898832056048313,59
30,False,18,20.540236273534845,94
47,False,21,33.375201136650205,143
8,True,3,11.387382940937169,52
56,True,7,21.50039929026126,115
52,True,11,8.947630505826739,60
40,False,9,26.10187310664368,123
8,False,21,30.11873488331232,87
44,False,14,0.7527196613512833,54
17,False,11,37.07003397701329,132
32,False,10,33.41599452628968,142
23,True,21,19.73177672027651,93
58,False,6,17.345228125769957,126
43,False,18,8.699843812076486,66
47,False,5,8.510995361936326,101
26,True,10,34.49547540749232,135
49,False,6,14.768447397577235,101
19,False,4,16.465769618099493,67
48,False,7,3.908652793916961,57
17,False,17,29.03625684287308,93
26,False,4,25.32197175868304,92
11,False,11,4.165934954483709,38
20,True,11,30.852699351207203,113
20,False,12,6.433193210394687,37
47,False,20,10.13905315384426,75
45,False,12,28.080300616358283,133
60,False,0,39.74158857598108,163
38,False,18,37.08861584056918,139
7,True,6,19.29668640532105,85
17,False,13,21.344595178394083,81
15,True,7,22.08802777319465,84
45,False,16,26.159939209286545,113
49,False,18,30.90958341010248,128
44,True,10,32.04427635171513,145
9,False,15,33.20099151514597,109
24,True,23,10.777782274422949,54
50,False,21,10.84109420958778,100
24,False,0,27.034915506940592,95
43,True,8,28.42214382092609,113
22,False,11,9.657879141581503,66
50,False,13,8.967723262414971,69
24,True,3,6.237995940648452,56
44,True,23,14.572569127503645,86
28,False,4,10.800252808288132,50
15,True,3,12.10157581643603,50
55,False,23,25.42747456184861,124
12,True,14,5.248799625473745,26
28,False,23,30.50809468523469,112
20,False,18,14.956649956942226,60
45,False,9,20.731320119361698,92
60,False,23,9.810453395775708,83
34,False,10,2.0628703177413774,55
30,False,21,35.72430145600163,123
30,False,6,8.35899035834701,65
16,False,11,20.58920040742508,95
21,True,8,29.230604220941764,105
12,False,14,39.61769076335207,144
40,False,18,35.06540283631434,132
41,False,23,22.71403956252932,104
9,False,10,20.296794609058136,80
10,False,4,28.32521510488416,99
12,False,7,17.409877922986386,70
23,False,21,13.108973720459677,63
44,True,22,19.24581302048012,108
20,False,3,16.855453570552502,68
5,False,22,30.14538109369941,96
11,False,12,8.919142256106712,38
47,False,18,15.064581408760478,87
30,False,0,27.88842363569003,104
41,False,9,10.073361656493455,79
37,False,3,14.114151877270707,73
24,False,15,19.728594420565496,79
36,False,21,18.4700037664842,87
34,False,23,18.58005490191772,84
9,False,23,3.0723500627971347,36
50,False,21,23.98406207506219,131
47,False,16,25.11496314203709,93
21,True,11,33.538015293967455,118
55,False,7,39.83297363346464,144
33,False,21,21.18867514623695,81
23,False,1,26.610661163297586,99
13,False,8,4.885229094559029,34
53,False,22,30.388931089997048,150
23,False,12,22.329798475576272,101
60,False,13,20.615389212013216,146
51,True,11,6.335586593724207,72
13,False,19,20.063561188656355,82
36,False,19,25.137873332302632,122
17,True,3,4.499356258923886,47
28,False,0,8.39239626420473,57
34,True,16,12.86832606415729,64
6,False,13,11.844819896575247,40
32,False,5,39.72267506340141,166
56,False,1,27.68976822962988,135
56,False,14,12.305164081414611,100
29,False,17,25.45951282634804,94
21,False,12,17.953618555052685,93
11,True,5,6.94818809523003,34
49,False,13,35.73604486570532,149
29,False,13,31.53559957763517,132
25,False,22,16.837903222921977,73
38,True,7,32.21951841097286,146
34,False,20,31.17994626251884,121
24,False,15,23.21140018769719,89
49,False,13,28.77072650233776,125
19,True,8,19.424081320426584,69
5,False,10,3.0351480828363058,10
12,False,12,9.66511308365454,35
12,True,6,27.49055662510456,97
52,False,18,26.154799895491934,114
59,False,1,37.071191296953856,158
29,False,18,27.690242512587663,108
40,True,7,13.595274443019235,75
50,False,22,35.70301437226189,134
17,False,1,30.3890618168484,110
6,False,1,36.0440751455007,115
11,False,2,33.31852737996702,106
9,False,1,14.949732605693862,70
30,False,4,31.23439735653869,126
39,False,11,4.498715441732098,54
60,False,7,38.253644303487455,169
23,False,18,21.61781505931699,92
58,False,15,18.300188937919653,102
47,False,8,9.089436231282171,84
16,True,6,6.577650067322913,66
16,False,17,12.863114773447167,79
10,False,2,29.36327928161488,100
39,True,20,13.225028545233789,100
32,False,6,26.153293636194764,100
41,False,2,24.025144571777645,124
10,False,1,22.19083152778784,71
26,False,6,15.840671503661277,79
9,False,13,1.756194728078751,39
27,False,17,20.834900234336526,118
9,False,3,31.21176115155752,108
56,False,12,29.839799702711748,127
24,False,10,13.354445635352164,78
46,False,4,35.42966312976618,143
15,False,9,38.89983316166671,142
51,False,11,36.4385502451396,133
17,False,6,18.94899145862116,69
33,False,13,29.761971929325032,117
24,False,20,6.238760725966277,30
26,False,14,2.524512299360323,32
36,False,12,27.833303398221403,101
28,False,9,3.4852012354255866,45
7,False,17,15.12684270859666,45
18,False,11,28.281151559574283,83
48,False,2,8.142334198186775,69
7,False,3,24.40662482729701,67
32,False,22,17.21619868402178,96
9,False,8,12.269415442144677,83
40,False,11,28.07297535097541,126
59,False,4,24.196534099918765,112
19,True,21,21.60379461558881,97
48,False,16,36.31503592459669,151
49,False,5,26.036356153184656,125
58,False,3,22.768749551912048,135
26,False,8,10.147809944790568,74
24,False,11,8.713034081849543,51
25,False,22,20.20344894954125,65
25,False,20,1.716068543410963,40
58,False,20,27.617380017398176,111
37,False,14,30.454499628398604,134
36,False,1,8.256472211338536,53
57,False,1,19.241149954347925,107
47,False,4,16.609060253562458,105
57,False,9,0.2336521183071093,58
58,False,11,33.357043249011284,151
55,False,18,17.23712110017008,114
29,False,8,37.1308212335292,130
41,False,9,36.456392504111925,120
40,False,22,8.339418430786006,81
26,False,5,35.51838121817258,104
52,True,0,18.107513339874377,114
29,False,8,29.205267380655386,101
10,False,12,13.349119322884972,62
13,False,22,26.28869230012996,106
50,False,3,32.27785138950512,137
21,False,8,35.03293758369312,136
12,False,16,26.28527662206197,83
58,False,21,14.464353452619028,104
42,False,10,20.96253074259705,110
11,False,10,32.33574141720508,95
16,False,20,18.055524199092336,94
26,False,22,26.89739567432316,125
35,False,5,10.953287647383888,74
42,False,0,35.00906366295678,140
60,False,18,17.681098678254077,110
42,False,0,14.145637320714252,95
46,False,19,29.75745279025785,129
17,False,2,32.319458184610326,110
35,False,19,35.94690212791973,144
21,False,19,18.505735166562285,75
60,False,15,5.579390133941832,76
18,False,14,17.140048806996813,82
57,False,16,15.691578705004709,105
29,False,20,33.655257809310015,134
24,False,10,39.15856461971559,137
60,False,22,39.3661969957026,154
13,False,11,28.37820195419644,120
56,False,15,19.344654042990445,101
10,False,0,24.71526729786904,100
52,False,15,20.52559145837957,121
47,True,17,39.29189913015296,149
41,False,3,10.02899026487754,65
46,True,10,1.1165208116477088,69
46,False,7,34.767041150017015,163
10,False,6,13.480362648223512,52
45,False,9,29.82128068033128,141
50,False,5,32.240021344424214,125
38,False,2,10.31270298595817,74
60,False,14,24.89327197720321,119
16,True,22,7.310471076858819,57
11,True,15,39.72455957869821,141
52,False,10,38.41369094919616,155
10,False,15,35.218321549303006,121
58,False,20,37.88155300653694,168
52,False,17,37.12506839059751,167
23,False,11,21.386643543558204,101
38,True,0,32.57586330782297,153
16,False,17,2.182733670788961,50
48,False,9,4.779144753177143,69
8,False,10,26.1554678333857,91
6,False,6,31.785048821238465,124
34,False,6,13.78413516085948,95
60,False,21,30.709277746929995,142
57,False,3,30.71256927375364,150
33,False,16,26.63060899065102,100
10,False,10,10.870128178254234,48
39,True,6,30.840256514662173,127
29,False,16,4.956329421978931,44
5,False,2,15.120250907817065,48
53,False,18,32.837382037739665,154
17,False,3,20.287563679427507,66
22,True,21,5.3604941552821375,56
11,False,21,26.349128334192567,96
21,False,17,6.133766619395733,38
55,False,21,2.012658818942368,53
53,False,9,22.347164494790466,109
45,False,5,12.53343009112789,73
35,False,23,26.956857861864005,134
36,False,4,37.82884479271807,140
51,False,12,8.8220603646776,95
25,False,7,22.048858000916727,96
9,False,15,4.966483286386012,28
31,False,11,29.808119799874703,113
51,False,7,34.243830998851415,139
37,False,15,20.029126959339177,91
24,False,5,6.678769773982588,55
54,False,4,16.759212587472263,90
33,False,19,13.87144292555222,86
13,False,3,33.69240939360406,127
13,True,23,37.28130892285605,123
14,False,6,26.45885454553234,104
12,True,0,26.078372393701592,110
53,False,17,14.86658637403026,101
15,False,3,36.46110330124589,123
33,True,9,10.296844220027747,79
49,True,8,26.271187515535843,133
32,True,6,35.301953056103606,140
35,False,5,32.63131466157339,132
8,False,6,0.5334643302670422,22
56,False,17,17.511520057031053,100
31,False,3,19.708974036752803,104
38,False,21,19.55170335192714,95
23,True,8,3.999046951914006,56
35,True,4,38.82773460441754,156
42,False,16,33.29764825982634,146
50,False,20,9.60061530374703,71
16,False,5,3.3047710476587087,55
10,False,10,7.598144483738122,51
44,True,12,38.79026367476724,130
21,False,4,24.50097011074197,98
8,False,22,26.78707149418782,100
58,True,4,31.66880873626765,145
54,False,13,2.2821488946524258,67
17,False,18,35.36134449989429,101
9,True,23,37.40454139805651,137
23,False,15,38.894417354359256,114
32,False,10,3.740465480935257,67
29,False,0,36.9203738797062,142
51,True,18,16.623464535628987,118
26,True,11,35.48951087974253,111
34,False,2,39.166395677083095,155
23,True,10,19.650375848204103,91
11,False,2,24.583769159663262,86
27,False,22,29.25061140876958,109
7,False,22,30.39475767305807,89
23,False,10,4.611297292968241,57
32,False,17,39.56588829697614,140
22,False,11,23.39805817910741,76
31,False,2,13.547907987620135,73
18,True,5,16.722403598231693,82
20,False,10,33.304256511957334,118
59,False,2,22.13111113341838,130
25,True,16,2.1051570348484496,38
54,True,18,13.191303991846226,86
57,False,11,1.473287688240128,79
21,False,1,35.384686821422775,108
12,False,13,10.150776468904112,61
8,False,10,37.50091836619002,104
20,False,8,27.563015086112227,113
15,False,14,20.32527716639524,81
34,False,10,19.50773651293577,74
9,False,14,34.60643385916705,115
24,False,1,31.796190624709947,106
5,False,6,6.782559284664333,34
21,False,6,26.115888779988225,95
9,False,19,0.2851769668547866,18
47,False,0,13.492326957634036,97
29,False,3,29.790104062384007,103
48,False,13,38.5607827041451,152
51,False,20,11.757872696317785,72
31,False,3,29.399224872981804,115
33,False,8,28.359882370181605,96
51,False,3,24.076401262463445,112
33,False,8,13.971342445431882,89
38,False,17,27.71644134543569,118
16,False,0,18.393560300317063,80
40,False,10,34.3201218184632,129
22,False,14,19.650651623951912,75
23,False,7,39.64287359963887,129
59,False,18,4.567894871988488,63
18,False,7,2.1500030747888603,46
21,False,4,27.92216129136549,86
35,False,20,14.840305060541825,78
40,True,8,26.18195248697437,102
16,False,16,20.67607744972355,90
19,False,16,3.0738720972894544,51
10,False,1,16.124670000138412,60
6,False,18,34.36209245632032,106
19,False,21,36.511234335022,95
9,True,8,16.766958617467907,68
10,False,14,38.85278490454176,130
23,False,2,28.446950504537025,132
38,False,15,38.200365130556285,154
5,True,22,20.91026972065682,83
45,False,19,8.46528377768719,79
52,False,13,32.42254274314016,134
5,False,7,9.726161537187734,49
45,False,0,34.65240373187491,165
25,False,8,23.83472767673774,93
59,False,2,4.509628458007547,62
12,False,19,23.49124073778781,75
43,False,9,28.70335100194302,127
6,False,20,15.435432448087807,49
30,False,9,2.4264841518680664,71
45,False,13,30.056378745098616,133
54,False,20,35.46683303362276,133
9,True,13,34.488793327719,102
24,True,9,29.42116479736649,117
43,False,19,36.06937862336626,122
60,False,21,10.11504850778546,93
35,True,15,27.625040824805865,127
57,False,9,27.31413831635859,117
43,False,17,14.305386683989116,89
50,False,3,9.877650213641918,73
24,False,5,31.624230356375065,133
23,False,23,5.182464715842976,47
27,False,15,3.1454924492836405,50
28,False,9,24.837127392504453,114
38,False,9,10.688183653960472,61
11,True,17,22.871978139080323,91
22,False,17,18.961887011370106,91
42,True,3,25.51797662639397,122
60,False,8,17.046916222654435,112
40,False,10,7.6548258773798,85
47,False,11,28.454904613268496,142
43,False,20,9.500105515595846,72
45,False,10,11.586611400905,74
38,True,22,27.17086400728141,109
39,True,6,18.31491744587857,74
48,False,6,30.839937562858687,143
11,True,1,0.5554797958653059,52
57,False,16,25.1734432082752,121
5,False,18,23.42381221702691,88
11,True,22,15.628402279927217,43
28,False,13,26.211812292586696,102
33,True,7,9.07687682716369,64
53,True,16,23.77245487962745,119
15,False,15,0.6405650428253722,35
60,False,22,8.08345515073966,100
40,False,7,39.685335558252696,169
27,False,11,10.873524021637422,55
21,False,21,24.98747225561745,97
27,False,4,3.984496804583676,52
56,False,5,18.18496816048514,118
14,False,10,12.379699623041189,62
22,False,13,0.4964873462675317,53
26,False,2,31.14036860651375,109
36,True,9,19.79209482877313,82
36,False,23,30.892764400171007,128
47,False,10,6.331977990654618,77
52,False,12,3.608069632770513,63
11,False,16,7.586006366351273,61
28,False,16,38.816606436831535,138
56,False,3,8.460073080109488,81
43,False,20,38.24022191406392,162
32,False,3,29.330205218552813,124
25,False,5,0.3434871073786123,28
46,False,14,26.51510478605711,106
34,False,2,16.489844450647325,94
32,True,21,2.5685580951588416,33
6,False,6,17.729880653564052,75
47,False,22,36.982795116098,134
39,False,3,37.9744929313719,143
55,False,20,27.09389308669873,149
57,False,1,22.83001646577631,121
53,False,10,33.09589899436882,120
38,False,13,12.51567609024817,103
24,False,21,28.31893292157749,107
21,False,9,33.82361968760386,119
21,False,19,34.656222839329004,122
12,False,14,17.650804714629455,85
12,False,23,34.608490308127024,94
24,False,6,23.649403597025525,98
33,False,15,26.06158993237269,109
48,False,18,24.79896830464069,124
41,False,2,27.76878593321601,107
49,False,0,20.83775031217354,121
13,False,5,21.40346334499452,77
30,True,7,1.3820669819755704,59
10,True,5,24.271679038242628,71
29,False,18,20.866750695901445,85
44,False,2,3.988180224185145,82
22,False,11,18.39975744291246,82
23,False,0,1.7636128167508105,33
53,True,21,39.01464680932049,161
55,False,20,25.569234229804906,123
31,False,1,35.65485910706211,144
6,False,12,25.276816916458795,85
14,False,16,0.8616848257546089,22
38,False,16,32.19490340781785,138
44,False,11,23.91135642804277,128
56,False,11,5.137229991574828,53
13,True,8,24.203457164603915,92
7,False,1,35.406309961174074,99
55,False,23,35.017028922383986,149
58,False,21,18.87238289750245,106
32,False,11,17.265773791999507,93
37,False,16,6.166745717809043,64
44,False,3,36.74504037355923,138
42,True,0,9.127149624814376,64
24,False,4,19.06755668544041,83
6,False,22,26.80075416633292,75
18,False,3,21.31047595795292,106
38,True,15,38.66028363482655,145
41,False,4,16.386302765089837,95
7,False,20,8.205830494980104,61
37,False,8,39.33226650681758,155
31,False,0,10.202851383674428,45
46,False,13,7.830101769839015,76
45,False,7,19.961070212663014,117
18,False,0,5.500962697394622,46
54,True,3,3.10928943377222,67
38,False,2,27.10775743238672,126
50,False,10,37.64548200229119,154
20,False,12,27.98990910767646,105
56,False,4,33.953233101966696,136
28,True,14,1.9590697125465648,55
48,False,17,18.08824534393208,101
35,True,22,39.40036264547579,149
55,False,22,2.915810127943699,81
40,False,1,22.956162718774063,103
5,False,16,14.821222349795484,40
15,False,5,37.76837920872704,119
46,False,3,9.38012741687647,75
37,False,8,8.169181326277203,56
31,False,3,26.154708816799225,107
26,False,0,2.6060479836400736,53
12,False,4,20.188758566740187,69
45,False,17,36.932863429501474,149
14,False,9,37.76603840804986,153
23,False,4,22.93491065795293,79
21,False,4,6.6964730047561245,60
11,False,14,14.552512655048458,54
59,False,8,6.390452557942076,86
11,False,12,27.14459805503544,86
20,False,21,18.989013935077217,73
49,False,4,39.86656981189542,157
33,False,15,19.31120127919656,88
7,False,3,10.159033024869697,46
29,True,6,25.60189173855384,92
6,False,17,23.86855281113944,70
55,True,2,5.4586556442928105,88
41,False,13,18.354790938185403,91
23,False,12,35.25067732244955,130
48,False,0,25.716495173649843,123
32,False,5,29.191019294837137,127
48,False,0,22.26765502648388,93
31,False,6,28.55271352376645,125
42,True,4,34.89470646830503,142
18,False,0,21.34867357163188,83
54,True,1,31.15036143992344,138
38,True,21,22.49824011263931,94
6,True,7,10.781553955398127,59
38,False,14,31.07212602299286,129
35,False,22,12.713301964114772,78
52,False,11,26.727569968864515,115
12,False,18,30.186380154129505,84
41,False,0,27.24163211035508,104
40,False,8,7.9443653445023665,76
22,False,12,20.444538811155624,75
33,False,16,13.132651250020508,76
47,False,4,3.3491288070800813,55
47,False,10,39.09110905102586,161
11,False,17,36.02396505313188,103
8,False,4,21.369285411022744,47
11,True,10,27.44735932177037,118
50,False,19,32.61257269939158,132
19,False,5,32.159894863380664,105
15,False,9,25.558309550086587,88
53,True,10,20.53715814969201,125
10,False,2,22.720098215122945,89
9,False,3,34.00896517888303,103
40,False,9,16.553102199864547,69
16,False,8,7.331428280863248,40
18,False,13,29.486802790612018,106
60,False,22,13.911266759250188,95
22,False,23,24.003475229470368,96
21,False,18,18.638809396226467,91
26,False,10,38.23299726124291,124
59,False,6,20.10454252419333,130
32,False,14,25.521531291288536,112
10,False,12,26.404170451770185,92
10,False,1,30.33542002953241,97
8,False,8,23.416855765724243,90
16,True,13,29.720361626848973,106
13,False,23,33.83874770454618,101
20,False,9,2.9388256762107097,45
34,False,4,11.873694612612791,80
40,False,13,31.33164002402528,127
11,False,17,26.422837358529296,107
27,False,22,17.990986698206815,93
29,False,17,8.902836682608173,59
22,False,6,22.20118297283643,77
24,False,10,11.049737326689158,67
20,False,11,8.085263424234762,50
47,True,5,14.14789721213258,117
41,False,7,36.90375040665867,164
42,False,3,27.40131678109096,135
24,False,14,9.384948377091618,77
9,False,21,6.320169134749137,52
23,False,5,22.01839071437336,75
51,True,12,33.96787008438256,139
28,True,2,15.431935129710975,79
25,False,21,11.831072256985056,68
60,False,14,6.063486974547011,73
51,False,0,10.674184399612273,82
14,False,19,21.06384550889937,88
25,False,6,15.85842726763858,92
35,True,15,38.084783068511,147
52,False,18,11.357797935216452,69
28,False,15,20.689306274322995,92
55,False,5,14.50035138270428,82
59,True,12,12.97754832546254,97
57,True,18,23.707205759647216,125
25,True,1,1.227800588844866,34
48,False,4,31.7352338552801,119
14,False,14,23.12904646854722,74
9,False,16,4.93856756142613,34
25,False,8,8.189760716387163,54
50,False,1,7.115268250395815,72
34,False,19,23.157448021427555,103
23,False,18,14.016152305758784,56
30,False,2,0.6085130049413281,40
14,False,15,23.14584475131196,64
9,True,16,9.745850134047997,60
52,False,12,38.10693937552064,153
34,False,20,32.12130953105535,139
8,False,18,26.876799299509525,99
19,False,7,32.18476840738071,121
12,False,15,27.8532248969038,81
31,False,7,18.03494577581261,87
31,False,4,27.100156103725567,102
44,False,13,13.962311643750551,78
25,False,5,26.15928715180174,121
55,False,21,35.41045731492508,155
41,False,5,18.07790397412889,107
13,False,2,22.79696034797314,65
52,False,11,30.599212788657155,132
31,False,13,6.878245824150829,53
19,False,3,1.745465845431691,38
18,True,8,17.730589279537266,63
55,False,13,12.131965163317028,76
22,False,10,23.922890892983407,77
41,True,16,8.104257855496359,71
30,False,18,4.478867429313592,65
31,False,20,3.954202439002799,60
11,False,1,39.55980955458929,126
17,False,7,11.48081447499514,47
22,True,0,5.695225270816425,45
37,False,12,37.43185323499356,133
36,False,14,19.167471719612312,92
31,False,8,7.042919578128158,48
27,False,6,14.39555587052346,71
12,False,18,3.128513437802257,35
11,False,21,10.243399292396902,55
10,False,14,12.463715676591107,51
37,False,10,16.512231959484783,95
10,True,23,15.179714651351505,73
30,False,6,3.1950365086767167,54
56,False,15,19.20682434963805,128
31,False,9,16.53253485740863,64
56,False,22,32.151429821028,164
28,False,14,27.72179089832526,93
52,False,3,31.67925850479877,141
27,False,23,34.956885408460884,134
15,False,19,15.957218354819544,57
59,False,10,19.13357416645757,114
47,False,21,39.08640692322575,162
5,True,17,21.594772142744624,67
59,False,16,13.139305665125477,111
7,False,4,28.631414888056376,74
57,False,9,7.730095229828214,71
13,True,18,36.34109837520384,132
16,False,21,20.971595330371127,72
31,False,10,35.69062971187867,133
32,False,4,23.543804951737545,85
59,True,3,18.405419218313263,113
59,False,13,31.203797541242725,136
12,False,2,16.758931227188402,74
36,False,22,7.49163070390392,71
17,True,13,2.6217720324610467,36
18,False,9,32.47491296215886,107
13,False,1,35.264147281965315,127
48,True,3,2.3250472320449265,77
29,False,11,8.829892606058463,64
9,False,21,23.28007136640168,89
6,False,16,11.808789877092718,43
21,True,21,16.8910804335858,109
16,False,1,1.4919285565280864,29
29,True,8,29.95809732397224,114
18,False,20,0.4898474221259155,41
27,False,18,27.271078398615185,113
46,False,5,15.943289373325294,106
36,False,22,3.929123903159733,54
47,True,16,12.945338356665513,91
37,False,12,12.375608557307766,87
31,False,2,4.905782031109901,71
21,False,1,10.247165578889796,57
9,False,10,9.064389872118706,51
55,False,9,8.652986171264669,86
30,False,11,33.989970012805124,147
20,True,11,10.444871095646215,81
43,False,11,9.020872755339491,82
27,False,5,10.681656005242122,83
58,False,5,34.872081431071365,155
48,False,2,26.9493876772136,110
36,False,16,29.43318826440652,125
17,True,2,33.361842493664554,108
58,False,0,38.09944465449371,161
37,False,17,1.991937460488317,53
6,False,23,26.86185938678036,87
24,True,21,27.80576518465464,108
37,False,16,37.14033742550042,145
39,False,1,37.945320478016285,155
38,False,15,22.479805940001164,110
22,False,7,7.343674856286913,45
27,False,2,19.62093962315787,64
32,False,14,35.66349424937538,131
49,False,17,17.98549748442503,106
54,False,14,16.174062858404934,90
51,False,23,31.43565566340961,132
19,False,16,34.61675207765616,107
46,False,17,7.262918603246375,57
31,False,20,13.971521134540003,82
49,False,23,21.875507673708302,114
11,False,9,32.82626074340716,114
60,False,23,28.424455598190104,131
15,False,1,24.30658475885559,96
41,False,6,17.987920763289324,86
51,False,1,18.653723979579773,112
16,True,16,32.188507735626374,113
49,False,18,1.4860210688601154,62
45,False,21,2.2400760749956428,60
27,False,18,32.16500894648955,126
5,False,17,33.99221392910936,100
30,False,18,11.331295257563514,59
18,False,16,27.51580760245016,80
13,True,15,31.024569930796385,113
30,True,13,22.54972346836709,101
11,False,22,10.638413919243783,44
28,False,2,10.947769153213727,56
57,False,6,11.357445823460212,103
58,False,11,17.789852573534407,113
36,False,16,25.553918795594505,105
6,False,5,19.656011941227,69
35,False,18,15.037558374356518,100
46,False,20,7.057720622863425,65
15,False,21,31.0891580068547,105
46,False,7,11.433789234110565,77
55,False,3,3.152496990910054,64
17,False,13,27.925297479906984,84
7,False,16,21.00097631318809,87
28,False,16,33.945910695070665,114
58,False,2,19.017490962774296,90
41,False,15,9.912172494283782,73
46,False,11,8.622548690613447,76
17,False,0,8.582283504809153,58
46,False,3,15.100829924435574,101
5,True,21,13.135881241777994,66
58,False,14,17.50412169809083,109
24,False,14,21.61655889206843,75
51,False,23,38.80036682141256,166
10,False,10,9.26429750110544,64
5,False,17,0.6127461186762735,18
26,False,21,16.59176812238472,71
31,False,13,17.703896063772017,85
13,False,5,29.09056010148656,94
29,False,20,5.056050211935258,50
43,True,16,35.2971186356299,135
45,False,10,11.267325438428609,72
37,True,19,18.938771777361403,87
20,False,21,7.150567962779174,42
60,False,7,10.636250941008656,104
37,False,13,32.840211283690294,123
21,False,20,5.341076485868741,33
42,False,20,6.650187325163924,73
12,False,11,9.153734856412049,45
51,False,3,15.851754629979292,92
55,True,23,36.40776404929158,168
32,False,19,15.837089842751638,78
50,False,7,11.048509199061291,84
5,True,22,20.06885080602964,71
16,False,14,20.802150929763783,68
19,False,23,35.29418906976406,112
28,True,13,33.39918741609866,153
49,False,20,25.29519223870812,102
51,False,3,10.555787070947158,81
57,False,17,8.744387677819102,79
11,False,21,38.23905545977812,115
8,False,6,9.85240736963642,62
42,False,7,1.87735155850688,69
28,False,0,9.80597306673031,59
26,False,18,17.618732186901266,67
12,True,17,8.664562816693026,44
37,True,12,0.3046175552197506,45
57,False,10,30.088566402779865,162
52,False,1,4.193197086531979,70
24,False,21,18.87693156870468,75
37,False,4,33.6044311757028,140
22,False,16,21.71609653219384,80
56,False,21,15.501232629383487,120
21,False,9,17.580089742296384,85
54,False,10,34.50773647288989,147
47,False,0,22.42101017621144,114
48,False,15,10.243146094966482,77
55,True,8,38.82219067353832,141
40,False,2,31.520639236413963,131
56,False,14,2.6617637483146583,64
36,False,23,3.151408097663228,39
5,False,12,27.47642935402368,106
21,False,11,31.35698100348514,113
13,False,17,15.805421165957126,60
35,True,11,9.84352597870296,88
52,False,6,24.032229110298893,123
30,False,8,11.901289839433645,75
41,False,15,31.318463063254764,132
36,False,13,37.446892589665325,136
24,True,5,36.03027478352164,119
15,False,7,37.02753013573831,106
35,False,0,25.210294146899507,89
43,False,7,25.62151743733638,130
46,False,16,9.31025577293584,62
14,False,12,15.832136525887648,77
38,False,4,11.25550622274486,70
45,False,7,14.038712280876744,87
11,False,23,9.599695495631895,45
60,False,16,15.013924114094213,125
14,False,16,22.61405545001948,83
40,False,18,16.1244302632628,74
33,False,1,37.92277012817144,144
36,False,8,9.972307901633757,54
24,False,14,25.33173153352787,100
7,False,2,28.26378227675291,90
44,False,19,11.1864655379229,87
60,False,2,29.4405212381688,148
56,False,6,31.201803733137776,125
23,False,9,10.29251761667815,65
22,False,4,9.495327966479424,47
58,False,0,5.514770131816824,73
54,True,21,39.6084408252719,165
11,False,3,33.17379504828734,111
11,False,6,30.293903838652007,88
16,False,0,20.679903535783605,81
43,False,19,11.470784038849034,87
19,False,0,4.313170278374948,37
46,False,6,28.494947496006773,135
26,False,12,23.594568906102587,90
37,False,21,13.908046512977174,93
24,False,22,7.847547226165095,49
5,False,19,32.935305502938746,98
42,False,17,12.73461325593337,85
59,False,19,14.966494487292165,89
28,False,5,36.25572072630907,130
54,False,17,31.29678810487845,135
57,True,19,39.074568651330914,170
58,False,19,2.238564104301869,69
18,False,21,11.6892083090127,59
22,False,1,21.68281665275386,67
8,False,9,25.28692069739688,97
18,False,14,22.051585540411896,92
10,False,1,5.628841783861548,44
54,False,23,6.49027112823116,85
55,False,23,36.73223277452769,166
50,True,1,20.19680637630963,102
34,False,18,28.65096246014384,118
18,False,8,0.2270253827418873,33
10,False,6,19.123055448906754,68
44,True,9,38.03014297615876,149
56,False,9,6.105861839733774,60
33,False,16,18.057482661502764,108
14,False,22,30.568430516722405,112
51,False,16,28.67160091843293,137
7,False,17,14.777388685628909,45
30,False,22,32.147752629488984,110
37,False,6,12.546870924106384,55
40,True,0,22.200823472016644,106
44,False,11,34.49177777182241,126
33,False,4,8.58240888607109,68
28,False,20,1.3785507223256828,47
51,False,1,6.091914792761094,65
6,False,13,31.0023726707281,82
44,False,21,16.077432769613694,103
48,False,6,35.30674993671652,151
11,False,22,19.36996458003238,86
50,False,5,33.776197097379395,133
54,True,16,30.493668573012947,155
56,False,7,26.983232062078653,122
34,False,18,22.31366160070951,99
51,False,7,25.078217801710963,108
59,False,1,23.73995007103257,129
51,True,10,1.9882956656334945,54
27,False,2,8.638247082326965,64
22,True,14,20.944765917849026,78
40,False,10,31.209013265504407,124
45,False,10,38.91280825598767,146
21,False,9,27.512864864750604,115
50,False,15,11.817468945460806,87
47,False,15,21.408062709312976,98
56,True,23,38.8548780005824,167
50,True,2,16.517993284333958,101
37,False,14,22.18927509435493,103
47,True,19,2.7657054007659663,69
58,False,16,2.5521855817148142,82
58,False,17,21.51314916120021,125
9,False,15,12.917343978973706,41
38,False,20,5.2824695357763165,64
55,True,12,17.756167086254315,84
49,False,7,6.1003093785564575,89
13,False,10,7.596483310542296,53
60,False,20,34.65225391202759,141
24,False,2,9.280502324616355,62
25,False,20,27.961831977916088,124
46,True,1,27.27796919202058,119
27,False,16,33.19154317115168,118
37,True,9,23.640437291128084,106
38,True,4,14.51512471228954,98
49,False,21,9.125824801461698,104
60,False,18,37.31043632548684,156
59,False,6,29.61972503990796,135
7,False,2,17.38935719241052,69
15,False,16,14.74148113192757,78
30,False,1,35.96941261508172,124
58,True,4,29.94915546378629,130
7,False,7,29.77357810168849,98
48,False,14,25.56049949784305,125
39,False,2,33.1975587702683,132
9,False,8,12.250175683715632,47
56,False,11,30.675016198986626,142
7,False,6,1.6923752575816122,16
15,True,9,30.96746178528721,101
26,False,10,22.47710306230257,92
11,False,6,20.82997687155596,76
33,False,14,6.032482620173504,56
14,False,1,2.554847299297231,39
10,False,20,25.797888842815343,63
52,False,21,34.35509599280162,149
48,False,22,25.437207299971845,98
36,False,8,29.22055947376592,126
43,False,9,23.42972486120752,110
7,False,16,2.9436991148215075,10
18,False,7,14.220474638194618,77
30,False,23,11.066980130374452,66
29,False,14,19.72540549387549,91
7,False,10,4.816808487424867,40
17,False,10,18.35479084183752,72
28,False,12,1.2117992205035395,23
41,False,18,19.219837120421907,117
54,False,11,18.453553391822105,95
22,False,22,16.182046484937814,77
39,False,2,15.911198143135442,85
41,False,16,1.684699583557769,45
35,False,2,8.371713928601554,83
38,False,7,11.730970262562336,62
56,True,7,23.532354706192784,145
12,False,16,8.107033897498923,50
48,False,8,38.02928457552587,148
6,False,14,26.123645524053355,64
46,False,11,30.611438690264976,122
39,False,6,22.562285070348672,118
34,False,18,12.29223845762238,80
44,True,14,9.709327995337311,86
52,False,12,19.904975346322825,116
29,False,3,10.592260104506424,84
21,False,5,29.556549672571823,112
41,True,4,37.35531325903662,145
50,False,8,13.825601453408188,100
49,False,18,23.91193844874765,125
58,False,5,19.702331864245927,119
51,False,7,25.86046589313659,135
25,False,1,37.74157056117335,138
58,False,0,37.326922647280256,163
57,True,17,37.00417386527312,152
22,False,11,32.87017432846253,111
40,False,23,6.568697756226474,77
49,False,17,1.4613982365456677,67
9,False,18,10.806656373500468,43
58,False,10,20.1149963583694,137
50,False,23,33.67808788689184,149
32,False,3,26.305566620515314,119
55,False,15,29.158912682420592,121
19,False,2,39.647264065834015,107
17,True,10,1.6900786147718787,49
10,False,20,7.05821500405465,42
27,False,12,7.93793208959389,49
59,False,18,36.12033615856149,148
12,False,2,13.315398818339442,66
28,False,20,6.43555690461374,74
18,False,2,1.9694869978690936,45
24,True,7,2.26323945884562,32
5,False,21,2.6158352234238147,21
54,False,9,30.168226613336945,130
26,False,12,35.10999205307288,105
18,False,21,11.913216968045475,69
29,False,2,7.559152250314639,63
6,False,0,14.351404231511392,63
49,False,13,27.84508256498112,107
6,False,12,21.86436170734143,66
60,True,18,38.0550314474627,164
58,True,10,14.358788451498931,116
31,False,2,23.627234737362944,102
8,True,10,32.45017882334703,112
58,False,10,22.902439923590425,112
13,False,19,4.500371337029304,61
27,False,6,35.79480310623405,140
56,False,5,36.15277959946329,157
25,False,9,27.76606163748472,93
17,False,13,6.25275113170931,35
34,True,6,36.7582499626211,121
34,False,19,20.484310260040736,99
57,False,5,25.24683128312977,127
34,False,1,26.393203869325504,110
30,False,13,11.333836318160088,74
55,False,20,31.58648754565771,145
13,False,13,33.706684830522406,126
5,False,11,35.73023052795327,100
42,False,8,26.667916213622032,120
9,True,0,15.76139583099616,81
7,False,11,31.27107129982917,96
15,False,2,20.94215126338557,93
59,False,0,14.01256363462471,76
29,False,1,8.791264567735778,58
16,False,14,17.722589595901177,66
33,False,3,19.203040296203508,84
22,False,11,12.25257520495786,64
45,False,2,13.293993354501508,105
18,False,5,25.623687314259914,86
57,False,20,3.2144925211310675,70
59,False,14,29.550699846965088,139
48,False,16,30.357713600861025,137
24,False,7,36.63660669936382,136
21,False,14,25.89043164048301,94
49,False,11,37.7503144140435,157
41,False,6,15.771234676448662,100
8,False,13,13.959794642355902,54
36,False,5,9.86842266358075,66
45,True,3,13.94600883611426,83
44,False,13,37.62921329908651,144
48,False,8,7.881754239913137,65
28,False,0,28.63611438358063,144
5,False,17,15.743150340349104,61
51,False,21,1.6869331022097425,58
60,False,4,24.27328030638145,125
20,False,1,32.499060627754915,119
9,False,10,3.7879872431947343,34
54,False,20,22.559310045071005,108
16,False,7,21.1422515421618,63
26,False,17,14.059112894877291,77
45,False,12,23.149119221665,103
36,True,9,14.982226235344294,92
50,False,23,30.92931824776853,135
43,False,14,10.766951535269742,82
37,False,11,24.16343738489318,107
13,False,1,10.61637025383726,61
16,False,7,14.007549665363063,65
23,False,16,34.127790485436215,133
20,False,3,21.5810775692327,87
10,False,8,13.618410216092323,53
10,False,19,36.90564904838548,111
45,False,0,39.53049924779112,152
19,True,16,34.12976072102303,132
6,False,6,23.7101377384496,84
14,False,16,17.514474385514106,71
16,False,10,15.541576442567903,77
40,False,8,36.09364685130526,144
23,False,6,8.389218952163134,57
7,False,16,14.360523453907875,57
31,False,1,38.23866677109373,147
24,True,17,2.537254209109577,31
31,False,15,0.6909945145237792,57
59,False,7,17.066660992998848,130
51,False,18,20.65221095660725,109
24,False,4,7.265154869046454,50
51,False,13,17.813508931017733,110
15,True,18,29.272791180509547,89
33,False,20,26.498956669649964,115
28,False,3,37.35459240921124,157
45,False,20,12.88318599172213,74
10,False,22,9.961578642775432,38
12,False,6,10.166749433483467,48
36,False,8,10.473863953490854,84
44,False,10,28.10556008006775,121
57,False,0,21.24003510103749,113
57,True,20,14.02800114238622,89
37,False,16,13.485637833509312,70
18,True,18,2.758745899186062,23
12,False,7,26.855037018100184,110
53,False,10,37.71185668945682,162
6,False,7,3.4880112241805974,32
44,False,9,36.09738472404821,141
56,True,6,11.515940724498783,125
44,False,19,13.36601446418054,80
34,False,13,32.384667174474124,109
27,False,1,21.45699104053451,84
60,False,17,25.780261023208247,106
33,False,10,21.076332319116435,90
25,False,17,1.4075712822665023,41
24,False,22,16.124177701206253,86
56,False,1,11.152019816368158,76
20,False,7,12.431170557204943,48
44,False,0,5.2682547166442095,63
18,False,1,6.8877229179528445,60
53,False,4,15.744772957122692,94
9,False,1,38.57419365502055,137
45,False,22,35.76845198242636,154
51,False,9,21.19983170855507,110
42,False,8,12.701328800350623,84
5,False,15,7.614713110177341,58
9,False,3,0.3712834942589897,16
40,False,1,34.51386791816001,128
53,False,17,10.12622078505215,77
27,False,18,22.133420467270746,79
37,False,5,30.014101819141256,140
10,False,13,15.567336278982424,52
51,True,9,13.394711681428369,86
19,False,10,5.343369505747304,42
14,False,8,13.099924546289534,56
7,True,17,27.856059906630808,76
58,False,3,0.2965696607604928,70
57,False,6,16.102831542522228,95
51,False,5,29.45639335534752,125
6,False,9,2.919258445858689,10
23,False,0,23.05119629148354,81
27,False,15,30.034946526116347,118
45,False,7,33.55245032769468,131
15,False,3,3.580113215550256,42
31,False,23,37.9877750518405,143
12,False,22,9.845226055558742,53
19,False,20,0.803102751972491,26
56,False,21,22.096769931854706,113
41,False,18,21.311361190235303,112
21,False,11,9.79121996749572,57
18,False,10,1.3232576600676234,30
44,False,16,39.23149202892211,141
9,False,19,32.41219153269822,118
18,False,22,1.216416918205776,40
36,False,11,16.360971152793276,88
39,False,5,18.84054475625588,88
33,False,13,33.49338764493225,124
5,False,21,26.6388280825842,67
38,False,16,5.625046540870179,64
30,False,7,18.4231506835674,98
44,False,22,13.381880860884582,88
15,True,20,26.924879383620954,93
8,False,0,25.56985822495011,82
10,False,22,15.551874839667814,51
49,False,18,2.6786411986106,69
9,False,17,17.899764598750714,64
49,False,7,17.4708968582404,105
15,False,18,11.43798339518042,56
23,False,18,23.48302177556349,93
38,False,6,15.232545586131575,84
43,False,6,19.7350130689869,110
55,True,22,32.371511301233674,149
57,True,3,28.18658292648212,141
29,False,13,19.905946982247087,80
34,False,20,37.87738815851984,160
47,False,15,12.605171293599064,76
49,False,15,16.84106894630954,80
51,False,23,27.09874618979444,133
6,False,11,7.743689294288441,41
34,True,1,17.94441882328248,89
6,False,16,10.319936947209406,39
51,False,17,29.18487459292565,132
47,False,0,7.729756079073441,79
12,False,7,36.062805196303565,107
10,True,20,33.376616420004694,108
26,False,22,17.09979932444129,74
23,False,12,26.97716829283868,106
21,False,6,3.500045414808832,61
32,False,9,31.63393232865576,115
53,False,11,15.887656434485612,116
42,False,5,36.21589998619457,157
5,False,5,10.362793397686776,53
32,False,16,29.889086845564755,145
34,False,3,19.14049531237809,101
36,False,22,18.69851828212913,95
38,False,5,16.87766281967267,101
58,False,6,26.885577185399253,130
45,False,23,34.216238365490405,155
40,False,0,24.535607457479827,101
25,False,11,5.467908967295827,62
47,True,0,13.117108870467804,98
34,False,20,16.817410933422913,73
33,False,20,27.20252100386881,105
13,True,10,29.397119994772865,82
6,False,16,11.656317843995325,62
33,False,20,37.22458656144259,131
37,False,8,35.614559800259485,126
20,False,15,36.55528001543285,116
33,False,12,21.156908392764127,99
56,False,13,15.330905643726595,101
8,False,5,23.5528843731954,66
60,True,5,6.648788144025012,81
32,False,21,26.53314265923322,95
36,False,3,10.322554202845362,61
29,False,21,4.2375436180038095,25
16,False,11,6.013793583268981,46
41,False,6,12.078116803923894,72
46,False,20,14.9740015488478,94
50,True,3,18.88048050408596,114
42,False,9,17.714023508504024,100
55,False,12,33.943300259724644,166
13,False,13,39.8699614583019,121
9,False,7,8.256500784903125,38
41,True,12,1.411057707147489,49
59,False,21,10.71004439991897,110
60,False,8,27.07536133986204,123
28,False,19,20.29545818647033,70
8,False,16,16.032070882483485,81
43,False,17,26.695893324126285,114
38,False,17,12.859749701502224,69
25,False,1,0.932011948665728,47
22,True,22,25.08818470103608,100
31,False,12,18.49191022665672,88
20,True,12,17.761281113522127,95
56,False,14,9.164903685447886,86
48,False,11,39.624264417189046,147
22,False,7,23.253476810759647,87
60,False,14,23.9767755670684,139
26,False,0,28.0653232047106,106
16,False,4,10.757656286588116,55
52,False,4,37.69079877438094,159
49,False,17,13.126158125118192,76
37,False,12,2.913269139697728,51
54,False,19,25.83763544045217,101
46,True,21,33.06388280936142,139
39,False,9,5.762029880832746,37
36,True,14,23.50323972982823,113
57,False,21,12.846771891806428,100
54,False,1,2.2779492248920383,82
43,False,15,30.30774757806151,108
33,False,4,23.890403584782533,111
56,False,18,3.571249449437528,66
16,False,18,13.217295365871356,58
60,True,9,29.594622992552107,160
5,False,2,4.004483498474042,26
8,False,7,23.72326744662692,78
51,False,18,30.942726275119025,157
52,True,3,32.494260627026144,142
36,False,21,25.921195586025355,117
53,False,21,3.129587074936004,64
41,True,6,36.9159487678581,120
13,False,4,34.81866675399232,124
12,False,10,28.87630241631553,120
35,False,2,13.132904917080358,69
19,False,12,4.699203773232794,48
22,False,11,3.356735174420724,31
46,False,21,31.33122991512604,147
36,False,6,34.88500087460224,134
32,False,19,9.144172673213902,69
37,True,13,16.651614407838245,66
59,False,2,32.31427946246689,133
14,False,6,27.794300599330644,81
59,False,12,6.354887638094568,86
53,False,9,39.846508922495445,144
44,False,16,17.95626150547926,100
37,False,13,11.70916596018278,74
58,False,12,21.0254969417986,117
24,False,15,36.17513994312521,157
56,False,9,29.902850715525872,128
33,True,12,16.84452194980386,72
23,False,13,16.570013515912017,84
27,False,15,34.12882462366461,132
42,False,14,37.71047556097479,139
47,False,5,15.217585861567937,89
26,False,12,8.178088724394152,83
31,False,5,23.29120094563278,109
15,False,15,7.449558379213757,38
35,False,22,7.315436622638837,67
49,False,3,23.035777380388605,107
25,True,2,24.97117546184866,100
12,False,23,28.221811498063666,121
7,False,2,18.53636361002329,47
27,False,3,19.7146289011048,99
36,False,11,21.4059447222208,98
7,False,20,0.4168836140197663,30
31,True,14,28.162585715957874,110
55,False,1,20.59185966906323,115
48,False,9,27.971743273129217,118
5,False,21,29.52930101868424,115
13,False,11,18.406474313093607,83
47,False,16,38.47492305402678,141
33,False,9,18.867825500150243,99
25,False,20,13.33228233054811,80
17,False,16,37.01956191010856,119
34,True,18,6.522307533088861,49
10,False,16,37.49448933655624,116
33,False,10,13.094663431990003,60
24,False,8,24.213473862101218,87
57,False,1,27.00201540748677,135
29,False,7,13.517931393876554,84
41,False,13,21.95256044976648,74
10,False,15,36.474858175391645,111
49,False,23,3.836645265862849,61
34,False,20,24.080580154895607,102
18,False,16,13.858220260947634,61
53,False,14,17.40170049691401,95
57,False,13,26.118935889421767,130
33,False,16,34.75114413748242,127
26,False,7,35.48899601775957,100
58,False,19,24.484222997072884,133
15,False,0,36.12060747579582,130
41,False,18,5.929417635910502,72
52,False,9,16.778755306667442,109
43,False,23,37.15943628339144,142
59,False,1,1.5870187353094476,60
11,False,3,21.89467606046922,82
19,False,16,2.798415069082279,46
58,False,16,3.138678263349554,65
60,False,1,36.1816906596511,147
34,False,1,18.55784828524934,91
44,False,11,18.639824152409343,79
37,False,5,6.357574717928599,50
6,False,13,39.75469193029468,125
43,False,6,30.757543887357286,108
16,True,22,15.255215631533291,74
55,False,2,8.858857455199649,71
14,False,1,7.777317495826961,59
30,True,2,16.950661967056696,115
58,True,21,25.858012010311025,112
32,False,10,6.382875241521396,59
24,False,21,32.04607817685192,132
17,True,22,25.2073349781739,104
38,False,16,11.295201236841391,69
8,False,1,24.17148251958008,82
31,False,0,31.969467906527928,113
22,False,12,36.36289349906419,109
42,False,23,0.3477217549233072,60
51,False,1,0.1619083338927904,62
53,False,19,31.031743146443816,137
55,False,9,20.08700575331901,117
34,False,10,22.315660417620688,96
28,False,20,15.487367547444633,99
6,False,7,27.95666781913499,92
60,False,21,35.07785585727732,165
14,False,5,31.576500835883188,106
14,False,21,17.322247483538632,67
15,False,7,10.504224796661282,61
9,False,22,15.989003269290944,70
48,False,7,21.672674659931243,134
6,False,12,17.618878962735977,63
8,True,3,12.850827918632117,36
35,True,15,34.245662918389456,148
60,False,15,16.114204445638386,87
55,False,20,3.177560747399121,83
42,False,23,9.001300969444221,79
20,True,21,13.343536409758082,60
31,False,12,8.698834344987118,60
15,False,2,25.51036734322049,71
13,False,14,7.645343938943105,41
29,False,7,2.224613344214009,59
19,True,2,28.21509267583404,100
27,False,23,14.07443251225896,84
6,False,14,30.696323653299288,131
6,False,16,12.459683151295796,57
5,False,4,15.01561042345561,35
20,True,19,38.62217761945309,135
18,False,3,25.242904069684165,92
57,False,22,21.13025994513732,121
56,False,11,14.16878005029945,90
27,False,10,39.02429157375202,136
52,False,12,12.219160621331396,96
15,False,13,17.609191189675123,85
46,False,22,23.47201350463559,122
54,True,21,29.901668667552503,135
23,False,19,34.003616456138886,131
52,False,16,13.682295056506687,95
13,False,22,16.96951197216782,94
56,False,6,29.2716162908793,126
47,False,2,14.020474497537345,95
28,True,10,11.401158920536616,72
39,False,10,24.545946950556026,99
54,False,6,17.964683280848202,97
33,False,12,3.919713170421204,41
22,False,14,31.708858211019887,104
55,False,19,10.91986454921017,83
41,False,9,30.489198837786507,119
14,False,3,9.923041582219652,67
17,True,0,5.537300864832737,42
14,False,6,22.42021836829891,86
25,True,19,15.287238677534218,79
27,False,12,6.75398604842836,74
25,False,9,37.33176904765419,127
39,False,3,20.4946850639656,98
39,False,3,39.23732866542056,142
22,False,2,39.55849558988594,150
13,True,4,4.51896110615276,23
45,False,14,18.13106682886276,92
22,False,21,33.94674028115473,130
41,True,11,2.1216525922043794,56
42,False,12,24.363746958030813,115
12,False,12,4.233347792462864,33
38,True,21,10.342175739706365,64
12,False,17,8.674833996539984,48
20,True,21,38.728013407339255,123
42,False,15,31.85671035405248,134
52,False,16,22.7595959534796,116
43,True,7,33.606802627674405,130
38,False,5,35.862560152752735,135
7,False,1,27.61002967117877,97
29,True,19,3.337592698230474,48
24,False,14,11.384093701146222,68
27,False,13,10.706423041941113,61
55,False,22,25.33496241073593,128
5,False,5,10.71680513266173,59
47,False,0,5.423098258596356,77
37,False,22,1.28910687451402,46
32,False,7,19.70225536586201,95
24,False,10,34.811146696649445,135
55,False,10,2.718295817927008,70
51,True,22,9.402185545753785,80
38,False,20,14.713975976026074,97
50,False,22,14.868548264550096,86
34,False,9,9.67858578447682,92
18,False,14,1.165688263506725,35
46,False,0,4.701177378370976,71
22,False,6,11.646386119005422,63
21,False,4,39.35753452462584,133
25,False,7,21.228360287507368,95
55,False,10,8.570487499547925,82
33,True,6,34.14358617978029,140
12,False,2,26.494563190452965,89
12,False,21,28.47221145923948,101
19,False,15,28.223286267632044,131
59,True,13,17.188186499870355,105
47,False,18,25.342318789928456,142
57,True,16,13.2895087356133,97
50,True,0,38.87467131011929,171
51,False,19,16.946637001458797,99
56,False,17,14.082645743406625,110
26,False,21,4.360694238463213,60
31,False,13,39.80265394728305,139
30,False,23,30.82677050167301,121
60,False,11,8.576178176393144,105
38,False,18,14.282813396664045,92
35,False,5,16.625514153991514,70
28,False,17,19.68435394508214,77
8,False,1,2.8918279170023946,20
11,False,5,27.127437249394763,94
37,True,1,1.490106876084207,59
46,False,13,14.75093755324114,102
41,False,21,21.89264974779369,91
56,False,21,5.827168908854345,77
20,False,23,10.340914205204662,54
57,False,2,37.57361601621368,167
12,False,14,3.192300658796143,47
29,True,2,21.9261702382312,99
25,False,0,16.915786190932707,77
9,False,23,1.2003626837857102,31
21,True,11,33.24222874252604,137
38,False,9,28.87134428170185,124
56,True,3,8.585355275612125,99
18,False,6,13.545700364013246,65
54,False,6,35.286308717283674,140
45,False,4,26.36438578195778,122
57,False,19,6.86207244108541,99
20,False,1,33.25491917903471,104
34,True,5,33.219114925895205,133
20,True,0,7.246262452830652,66
56,False,16,39.620995144737,131
30,False,12,9.946585364963571,59
42,False,4,22.40585059191109,112
52,False,23,26.36732385705875,120
28,False,6,2.6445057503394764,53
40,False,14,15.017251041007995,77
10,False,15,17.790857765782594,53
16,False,20,29.931921225990514,127
32,True,8,3.406398209274613,45
60,False,10,2.715406719089334,64
58,True,9,6.59103916355401,81
15,False,11,32.184748134512205,106
33,True,13,11.161886472985998,57
39,False,0,37.13824216532077,159
35,False,12,3.7951381246267246,51
10,False,21,12.05158539655112,57
26,False,1,25.499881315889123,85
24,False,20,31.48396903157234,106
21,False,4,9.75727005039093,45
16,False,13,31.955519025084083,92
9,False,3,39.85590935424745,151
15,False,23,19.350608880627245,76
52,True,3,34.142423880706126,136
19,False,16,14.837935051408316,89
41,False,13,9.277843123579748,87
33,False,6,8.326119418806211,54
49,False,21,29.73046310737661,133
54,False,14,5.76514501942601,66
58,False,1,4.551699113238053,83
36,False,8,29.40276057075959,130
7,False,22,8.777276099099362,55
58,True,11,25.63490957867836,133
60,False,8,26.781320406190268,137
42,False,16,0.5986979348921058,57
13,False,8,9.849803997082525,53
56,False,20,6.249043988164055,89
58,False,12,23.43439208092424,127
40,False,23,12.728683436202848,84
33,False,5,30.73469849223724,134
28,False,13,28.45602341184338,117
7,False,18,5.64440977437286,40
60,False,13,1.299696969294747,72
60,False,16,31.44983588485664,137
29,False,12,24.401849026347225,115
29,False,18,20.401063409628144,86
53,False,19,36.744123037975605,149
35,True,20,0.1595783812173435,52
56,False,10,35.64418101548296,159
54,False,18,23.625781627212053,109
34,False,6,7.991831115681835,64
50,False,19,5.812728916775199,95
35,False,17,4.299932178586097,78
26,False,8,2.56630639322301,50
23,False,3,20.766574099380527,90
36,False,22,8.235514441365197,62
59,False,5,1.49586314905108,71
15,False,4,33.6942026294767,111
50,True,18,2.1700002575337325,75
5,True,23,21.530316566541824,89
53,True,9,24.48746401972712,119
51,False,6,23.19413072326608,129
32,False,20,26.22404522567202,96
24,True,9,10.22335399459066,66
29,True,22,12.67159436173168,68
24,False,1,20.32351415075808,74
38,False,0,17.001297525391212,90
20,False,7,28.103161566622344,109
30,True,6,18.439909465392493,97
32,False,6,13.3303698103989,85
23,False,19,33.880869719559904,123
57,False,22,17.88242218825236,110
23,False,1,6.327944404011574,56
13,False,22,29.09315755686322,106
8,False,15,20.452479797946896,69
49,False,6,27.62214449794624,132
39,False,9,17.023818986875284,99
24,False,0,11.027856657048556,68
24,True,13,11.116447983473694,58
19,False,22,11.099327306275306,64
18,False,0,1.2393135351072715,23
22,False,1,9.79353408002127,44
10,False,1,4.672962023217306,27
48,False,0,30.38087912735616,122
32,False,23,37.31046497250416,127
23,True,21,39.44737905265583,144
12,False,14,32.73333977195995,111
52,False,8,36.77649773300008,147
60,False,5,5.328242806648926,77
6,False,20,32.28975653400826,113
10,False,7,35.36221107189468,112
34,False,5,27.17559657246481,99
9,False,21,1.811882660356124,12
9,True,12,37.44252626343968,126
55,False,10,26.310867404172697,115
31,False,13,8.726999134897483,56
34,False,5,12.945756044653152,94
39,False,17,17.923057430129294,82
29,False,2,33.04461918900411,107
44,False,17,30.465020065823595,122
33,False,19,19.962600336012468,89
21,False,21,14.919921925508216,69
11,False,23,32.86444914544287,112
29,False,22,6.4529920427902265,74
21,False,4,11.48860023786052,64
51,False,5,1.2572220364954878,56
6,False,21,26.48209200875728,97
31,False,2,37.37736805255929,105
37,False,2,9.91214762046033,98
54,True,18,19.00587985221136,128
47,False,13,28.271588759976364,119
51,False,7,4.552816712220599,52
43,False,18,20.00022940187932,98
31,False,20,22.134008701582577,99
31,False,22,2.342990446391744,56
26,False,23,6.796873136609364,42
16,False,23,33.623956493725416,142
5,False,7,23.68773003784422,73
19,False,2,24.922423252679668,114
53,False,1,15.213816691314015,77
26,False,6,32.61748135768338,133
19,False,6,38.18820547708967,136
30,True,2,26.303660119627363,113
14,False,19,11.09744315505087,53
31,False,0,34.92396728323796,121
15,False,9,18.508721650388235,74
49,False,5,32.94883503653265,159
60,False,20,19.8322702265786,130
16,False,15,24.37370945338348,93
60,False,8,31.95277488275009,126
34,True,3,8.448683014750227,82
6,False,3,23.011900670604533,81
34,False,21,25.2574349562522,87
60,False,2,16.88050745984084,92
13,False,8,3.7786831378617687,21
8,False,5,2.424061880638854,34
51,False,18,25.40587765605997,117
56,False,23,36.144241196527226,139
53,True,20,24.829350744543635,134
5,False,3,12.020252254461948,63
25,False,17,22.17003416701954,108
57,False,19,14.99144735289484,83
32,False,20,33.65630854452182,135
48,False,22,27.64944091670244,120
47,False,23,36.72988767061833,161
20,False,13,1.5539347678831614,33
23,False,8,25.435417314416814,109
10,False,1,22.62407215997575,89
30,True,5,7.202601302584847,62
48,False,23,10.944393016590382,95
46,False,12,16.285950205817745,116
40,False,1,23.598370797591706,109
49,False,1,33.55076781656312,139
35,False,6,24.372649591262338,108
30,False,20,8.835127413027989,43
28,False,18,28.24898083238182,117
38,False,19,25.922371159125124,130
19,False,21,9.797508533856163,54
57,True,17,33.44903117677345,136
16,False,18,5.691479841442759,50
23,True,22,2.882481540544261,24
18,False,7,33.31665352002897,115
14,False,19,17.057807735075,91
32,False,0,18.808810836582552,86
38,True,23,8.276971606907743,61
58,False,13,28.470677892287863,150
48,False,12,11.014681842315774,78
45,False,7,18.13347860513786,119
8,False,4,5.928863958835468,56
18,False,22,5.976767885994986,33
28,False,1,6.542947101968039,59
26,True,14,7.9839247735045,55
38,True,9,1.1367617332064928,62
27,False,6,23.14187357272185,87
5,False,5,19.52157006428846,70
42,False,11,30.79643357384248,128
57,False,12,2.1722918941007543,82
7,True,12,27.07765204077383,94
41,True,8,23.90139173654368,130
17,False,2,10.966273402770527,64
18,False,15,29.77236041814936,103
49,True,20,1.146722011018687,80
36,False,4,33.451080169536056,128
34,False,9,35.0661954535939,119
24,False,1,27.446222614308528,97
47,False,19,23.25531224125329,106
34,False,21,18.55313011658669,72
57,True,21,1.6825302766711587,90
30,False,0,16.244643581308985,84
11,True,21,15.33420401569432,66
14,False,4,34.87504680188655,118
46,False,22,3.886560613100724,67
48,False,19,9.705005468667574,68
14,False,9,18.31919835532285,72
27,False,18,34.06089505749171,125
37,False,6,35.06993529396925,121
16,False,13,2.48863706974586,15
47,False,8,33.05007506436087,131
22,False,15,7.500633587115427,49
32,False,23,33.86023872275639,151
21,True,5,29.95079582658515,101
35,False,11,9.326916366167673,60
19,False,21,16.761437614664317,73
44,False,22,6.818408753699086,74
42,False,8,6.098626629469112,64
7,True,23,22.82905183478683,84
46,False,10,14.722556124024583,93
46,False,2,4.19155361346144,56
27,False,6,3.0974125066583764,49
53,False,13,32.7007132498271,125
7,False,2,16.212164330473517,64
20,False,15,11.695545069412129,54
21,False,20,12.314295089390232,58
24,False,5,3.2923064675438773,19
6,False,9,9.379833529260964,61
44,False,3,27.232510350299965,111
18,False,5,26.844097651141908,97
19,False,14,31.46999884153006,104
20,True,12,4.271945664754704,51
57,False,20,6.528951716816319,72
51,False,7,3.780108973947,70
41,True,23,15.355991421572332,82
42,False,12,14.945426227258244,100
35,False,13,7.673389678279289,69
8,False,13,38.91859774139655,119
31,True,15,36.993679956125376,149
52,False,18,2.5601571004155605,58
40,False,13,23.73043539825709,112
25,False,9,12.896531759984295,61
7,True,10,33.78201002049744,110
39,False,1,23.68485507143687,108
11,False,18,22.66413622488277,88
34,False,22,10.776433393353726,64
59,False,21,20.04753477210112,105
25,False,20,2.7333953983889554,49
37,False,16,36.07069058884538,151
34,False,16,15.06357786249581,78
52,False,12,18.12750430103576,114
42,False,11,1.2288584666739808,55
7,False,3,12.308280619108608,59
57,True,16,20.088183400847463,116
34,True,14,6.037583182398748,43
45,False,15,6.268230219411683,80
44,False,9,21.054159989956965,100
28,False,21,38.98244854289107,136
12,False,22,21.637541707437933,84
14,False,0,17.038144248191433,77
35,False,17,16.233674695706032,85
23,False,8,17.81288088300153,89
10,False,9,36.81732477897769,121
28,False,2,17.07284773537448,68
47,False,10,28.032682118337465,124
41,True,2,35.291567661528866,146
30,False,20,18.259805683502016,80
45,False,3,20.59647188091452,92
21,True,0,36.89162158056183,138
35,False,15,2.321657005487898,55
54,False,12,6.771770554958118,88
16,False,1,14.499522304043431,52
28,True,0,7.085002015953204,58
39,True,8,11.180014903940394,83
56,False,19,24.29441352900844,115
38,False,5,10.999256768255284,67
6,False,11,30.75551000225494,119
9,True,9,35.13591467364345,111
34,False,21,15.4320590665542,99
50,False,5,37.26234657353064,164
41,False,8,15.698326175472149,94
32,True,3,29.56440728101075,119
26,False,12,39.015204618561455,119
12,False,23,1.769931731866499,43
54,False,21,39.2331544956765,146
8,False,7,16.6844364199137,72
60,False,12,22.815566883296,117
53,False,14,14.526736798756344,97
59,True,22,39.53090472886249,157
5,False,13,10.223242838318154,56
40,False,11,25.80793285467546,133
10,False,23,21.159985462492507,66
38,False,4,4.33421315080759,40
44,False,0,39.86808355425704,143
32,False,22,34.612302287369886,135
46,True,5,10.21449080909492,70
30,False,1,27.88024400788548,116
57,False,4,17.3742896721752,91
50,False,5,36.20174565609562,145
26,False,12,5.317493007781192,43
40,False,17,24.21107124666809,114
37,False,16,34.7453373295175,140
27,True,23,18.96901859214579,79
46,False,11,5.750096989401802,61
60,False,2,14.486829357237552,109
51,False,22,29.371443618526328,127
15,True,23,4.198081962959635,42
49,False,20,10.99528911712544,104
51,False,18,13.920666154154738,105
14,False,14,17.444093915888494,97
21,False,7,23.58467053573453,96
31,False,13,12.762413941428404,64
20,False,1,37.48645454067142,111
54,False,21,34.949950544750415,167
21,True,6,9.148056800119198,78
58,False,1,23.86791491760959,124
40,True,16,39.71689167802047,176
57,False,15,10.665716393953025,89
6,False,8,26.51258460796413,92
15,False,20,14.220465821438058,59
51,True,15,17.442659746020226,107
46,True,22,2.477268178393467,59
13,True,9,3.009364234511818,36
19,True,23,17.898635405937526,87
21,False,22,11.540673013700868,76
44,True,20,9.779598487137305,78
15,True,9,24.2706935858528,85
34,False,22,28.8190559082431,118
54,False,6,10.476037190550514,89
26,False,3,11.647038117439925,91
60,False,20,36.58979273625776,159
30,True,8,38.88186932896917,132
32,False,17,24.66896557456297,127
6,False,3,11.147580049775518,33
53,False,21,32.376047288537606,150
59,False,15,1.0895157572608192,72
21,False,1,5.317780428484841,56
50,False,9,10.20968913761283,70
33,True,14,32.9286778760976,144
41,False,18,14.980944407193212,84
8,True,8,35.225064852158816,97
5,False,7,5.794585750168682,33
48,False,3,26.595354484531946,118
26,False,5,13.276903542735566,75
53,False,3,3.094959548360753,66
6,False,11,27.5144899820037,82
10,False,22,9.721682108899495,37
15,False,15,6.340047554270383,44
34,False,8,21.011426496259947,102
46,False,1,19.238401044359563,90
22,False,13,38.16477439364159,121
22,False,3,23.811677816978943,100
20,False,15,16.634426974225583,72
54,False,21,27.998061983750542,134
60,True,16,33.40600706141145,150
16,False,0,34.8657569918156,125
49,False,8,27.839074046032827,110
28,False,1,30.44128333652117,121
48,False,21,0.1169177311951587,64
13,False,21,26.461504561030253,104
10,False,23,4.511983079954029,35
18,False,10,2.333307131634304,54
5,False,10,12.517802617725344,58
46,False,7,5.7844193281155,73
56,False,9,35.08189192423152,150
29,False,5,23.18773968145868,112
31,False,16,15.651759961946292,84
55,False,11,25.43432532394806,112
52,True,11,18.45597409233873,98
58,False,13,37.567279958611046,168
57,False,3,22.733125002122453,108
15,False,18,15.447767084707468,54
50,False,15,38.96149086120257,147
15,False,3,17.127484153724737,70
28,False,13,3.337089553352937,60
48,False,13,11.876804935617075,93
53,False,18,23.22048991335712,121
28,True,0,34.26215802872752,121
16,False,1,21.254687329497813,70
55,False,2,37.56415706786452,156
49,False,14,10.79873981996741,95
37,False,21,29.842777752838494,110
45,False,15,7.888652387635264,80
16,False,20,36.35673395199434,124
41,False,19,17.755685774470976,96
41,True,0,2.416771099562249,53
60,False,17,1.9840089086760009,66
37,False,20,27.99529328134226,111
37,False,15,30.244026782864605,117
48,False,16,16.332636528329946,93
11,False,23,29.0883413296921,97
20,False,11,2.745232142456776,25
27,True,13,22.57978766855193,92
13,False,18,1.4131470067061105,37
55,False,5,12.617738868175769,97
40,False,19,9.69002328233953,75
55,False,5,12.976078844047306,78
51,False,10,6.139552657756364,66
60,False,16,30.59147371934065,134
31,False,3,10.279927079441942,51
5,True,0,10.007025581222894,27
55,False,7,28.236631423094543,131
24,False,16,18.332154509562173,100
36,False,16,36.323140704484224,140
8,False,20,19.30070368134083,73
27,False,5,33.88895128112115,120
9,False,0,35.578714590836626,109
38,False,20,37.16364756574293,128
34,False,22,1.4560357828328592,44
56,False,22,20.042264266243823,110
40,False,16,25.83161150909645,100
19,False,19,39.86069633667621,137
14,False,23,21.72369536687332,79
23,True,4,6.570561312342752,61
30,False,4,19.89167305125589,89
19,False,19,7.611605899601512,62
15,False,18,16.69085197845141,62
39,False,18,28.012869707198032,99
34,False,17,36.30758894712283,127
32,False,20,24.861127873609835,81
39,True,1,39.512282886351294,155
28,False,13,22.61831533846156,105
55,False,6,16.005027688162375,92
25,False,6,9.870586884007736,64
43,True,17,14.26401256758036,106
55,False,16,24.62237602114284,114
60,False,14,19.114599214998915,106
18,False,0,15.623370508340397,75
16,False,6,37.73275268001421,107
45,False,3,31.49715931490149,135
59,False,2,4.834130973712511,78
8,False,11,1.296653622462422,17
34,False,19,34.25608849073668,124
8,False,8,15.828093872231417,85
25,False,7,33.38391809434341,104
42,False,18,18.84613956954637,90
50,False,16,15.26905272144378,90
17,False,8,33.83093962163392,126
30,False,21,19.27131984663692,81
54,False,12,33.328722913996586,156
22,False,16,25.47904619045926,92
27,False,9,36.631611381050114,123
7,False,17,6.925230059019004,14
27,False,17,28.910075063953112,90
35,False,3,34.63117484951594,135
48,False,20,30.57834061805995,129
37,False,13,18.11006924740124,95
54,False,10,17.0372957619231,94
52,True,3,13.666442532120032,105
51,False,7,13.824570503866925,103
22,False,20,10.453997834776407,55
55,False,23,10.811216732959936,97
38,False,16,0.3536508325816141,57
13,False,15,26.300764986830902,94
29,False,4,11.213307392056308,55
16,False,22,21.64903489169953,107
48,False,10,14.675905703933417,87
44,False,1,20.856673105937524,105
23,False,8,13.590413159700446,60
44,False,6,17.869264392618817,92
32,False,22,17.707901497112637,90
28,False,0,26.547865973499672,107
9,True,14,3.5265116177735347,53
30,False,7,20.496913625372063,77
59,False,18,24.37674077488133,130
19,True,12,25.81714010241881,79
33,False,16,2.9139600269446344,55
28,False,10,18.35471685509446,76
25,False,6,14.096980811176204,71
26,False,4,23.68495858299137,97
8,False,0,35.76640957922583,105
35,False,12,9.948047164364404,79
32,False,17,32.85054003886623,123
35,False,3,31.98680305277178,118
32,False,12,24.159054144480347,106
52,False,17,31.9694016534368,136
53,False,3,9.91382996415286,81
15,False,15,36.5655284234819,116
5,False,14,3.8135726785222905,29
26,True,5,26.99541470815968,122
52,False,6,38.52920935561927,161
18,False,3,22.71542706244742,84
33,False,21,32.69197396781814,134
44,False,14,28.730797728761114,106
54,True,13,13.698524832750008,83
13,False,6,35.90770687963407,111
37,False,17,17.083889553722646,105
10,False,15,39.878818178259806,134
40,False,13,2.564078336129488,84
35,False,5,2.5858356782196537,41
27,False,13,17.021214576116037,86
45,False,6,9.65661051277542,68
40,True,13,29.51008861862481,122
34,False,12,39.309387489191614,154
43,False,11,23.28033887725853,119
15,False,0,12.1344758793244,75
17,False,3,10.243926233021975,59
29,False,20,36.69668066911489,145
27,False,19,28.228387367666187,120
54,False,12,28.911192781833808,155
17,False,6,17.104204826754284,71
44,False,16,16.935195118745707,108
22,True,7,36.51106481092701,136
41,False,17,33.95519083434875,140
10,False,8,13.372986028902895,52
37,False,9,15.051364689432964,91
22,False,0,1.905646850126674,47
33,False,17,27.2450360378132,126
56,True,5,8.457478553717342,93
14,False,17,20.00105104923716,76
51,False,7,28.14515306277357,111
54,False,3,39.88841202990662,166
15,False,8,23.392190002973813,85
6,False,19,39.06477815376668,134
56,False,12,25.202887458868968,119
60,False,12,3.9617107269715777,71
28,False,20,37.58084554600526,130
30,False,14,11.92090659739938,73
21,False,14,19.087826464071814,71
44,False,8,27.95406754158609,130
26,False,21,4.961153193318007,43
52,True,21,30.99344600794274,153
38,True,14,38.960816493855,141
9,False,15,36.20351634035005,106
59,False,11,12.889190996230672,85
49,True,10,27.424077272360822,117
22,True,1,27.443147192324897,100
24,False,11,35.40434047521575,132
6,False,3,32.49560954947764,105
24,False,8,11.673664272294744,58
21,False,21,21.87091469098097,84
21,False,9,31.92563673512024,118
30,False,11,10.421907802306595,68
14,False,18,36.92523835075977,116
45,False,7,4.038182748609239,39
13,False,9,1.2022953836851342,36
34,False,7,24.70860708953839,118
41,False,9,16.10804042563925,106
40,False,4,30.595190059164352,125
53,False,16,25.532697910413265,119
12,False,2,10.00735589491958,57
54,False,14,24.062828007257057,115
33,False,22,8.30014783358675,90
20,False,4,25.30064200323962,86
57,False,23,14.590722553454212,78
38,False,9,23.39611255080475,96
40,True,22,24.7383474166568,107
19,False,7,19.9441531270832,66
15,False,14,22.037347465374275,77
32,False,17,14.779423237303927,79
14,False,21,18.02123260352906,87
47,True,9,21.690635808389818,126
50,False,4,22.210638305315385,119
8,True,12,35.46781974843171,116
55,False,5,18.36251441005085,94
44,False,13,11.650275637643247,85
26,True,1,38.35424536770154,127
31,False,7,18.63118548029837,79
48,False,14,24.12497350008081,126
53,False,18,8.306169123442404,62
32,True,21,31.715216682918182,124
58,False,13,0.4658041204260028,62
18,False,19,37.6861963914108,137
8,False,16,7.936921016859994,40
19,True,4,14.537217826413556,51
12,False,3,18.540896974688984,82
37,False,2,38.12371454724007,128
23,False,17,17.274973643499994,74
44,False,6,27.45077169164929,134
42,False,4,15.455535240603888,107
56,True,21,21.391728455331886,119
40,False,5,36.22204427529904,140
54,False,1,8.734704369266899,85
38,False,14,17.029744874045544,92
45,False,15,13.195462920493153,85
28,False,4,26.26291686503638,87
32,False,3,14.729582197769558,69
57,False,21,35.939954341714525,148
15,True,4,27.256114375183166,89
12,False,1,9.7092118777776,38
22,False,4,11.040962418764549,59
15,True,18,5.843737119391738,46
29,False,11,2.053692546573352,42
21,False,4,5.730700757937894,33
49,False,19,18.148031377078443,117
44,False,20,23.12348118987715,121
50,False,21,37.18810414755916,157
34,False,9,3.5695733919045005,52
23,False,8,23.22935545730272,74
52,True,10,15.632109425945368,91
15,False,20,29.725124244672177,97
16,False,1,12.484764232752164,58
33,False,11,3.0735037314171505,43
21,False,19,33.336320517857814,128
35,False,5,6.27507664489206,72
16,False,1,19.02091273205413,68
32,True,8,34.38031878207361,127
41,False,2,14.344429500408047,74
12,False,3,33.74067144734776,113
16,False,4,15.814405609456786,65
49,False,3,28.34456909623261,121
42,False,9,13.957157011851647,102
25,False,20,31.93535109769646,124
45,True,6,3.396014860500754,75
59,False,5,21.746765245454405,139
46,False,5,13.38623688153933,88
52,False,9,8.396438688252037,77
26,False,19,32.09360223979874,123
20,False,19,9.999436893555092,70
38,False,17,24.83984384886228,99
25,True,11,25.72376402326336,98
54,False,20,23.48993541987405,120
48,False,20,11.30196123256571,92
60,False,14,8.672179005581594,99
60,False,1,4.012705692067756,72
57,False,20,3.149134745513567,67
29,False,12,29.22711139800052,106
12,False,5,28.081417397351167,113
6,False,14,13.029426792575231,48
8,False,12,5.226545769186653,51
16,False,12,33.359917614641724,106
31,True,5,8.311264751444076,67
8,False,21,2.318595994545112,40
56,True,2,28.56764463822575,134
7,False,23,26.48060601739632,88
23,True,5,38.708358055709816,124
52,False,6,34.686165801985624,148
55,True,8,21.57466784741439,122
40,True,9,28.897275609211416,118
32,False,9,6.172780795846532,56
29,False,1,34.17805013281148,136
51,False,19,16.99923591635472,129
41,False,6,18.204436254385325,93
29,False,13,36.86284168838584,131
14,False,10,39.49088624221343,126
23,False,2,10.822671253335043,74
57,False,20,4.169677870058321,61
10,False,6,7.354123860783175,45
47,False,8,21.55639152491112,112
29,False,1,14.357726718022477,76
36,True,10,12.457202854604684,84
51,False,14,16.935728076818297,96
18,False,1,29.468994263090565,97
48,True,22,20.02306004689732,108
53,False,4,28.434011001740185,131
26,False,19,12.881746019377667,69
45,False,8,6.145953205456717,69
22,False,8,16.981023070396066,69
34,False,23,24.310269282263427,106
55,False,20,10.362729612806705,85
54,False,4,6.498981733685232,83
60,False,21,37.19692256558948,180
53,False,11,39.44370098119939,163
14,False,9,36.96957359393704,126
35,False,23,2.439645484801557,47
13,False,12,2.0337587896466465,25
22,False,21,19.274464310568305,75
10,False,5,20.492509242632764,81
27,False,17,17.46224460811308,65
40,True,10,4.956357589583114,70
8,False,11,2.1507533137297186,26
33,False,21,10.868807524009206,57
50,False,14,33.94231369664902,150
20,False,15,7.743137361697,48
46,False,9,6.796064171254048,70
7,False,23,2.666817541995359,32
29,False,5,36.34023047547051,148
33,False,11,3.852636251133127,58
55,False,15,6.151472038053143,66
57,False,17,21.59199476312506,114
33,False,14,17.949895909161107,84
20,False,6,32.02052575286164,124
6,False,3,2.654759936972106,60
47,False,16,28.11186099385621,116
27,False,11,36.95931013379782,127
51,True,0,38.384221592339486,161
51,False,4,13.184579894308756,87
17,True,5,14.371443174587125,77
16,False,21,6.484906926177511,52
52,False,18,17.410680907460982,100
29,True,5,28.79389447592045,114
28,False,1,24.780948928347755,86
45,True,17,38.63031711401581,151
43,False,13,34.33583486732554,131
39,False,7,36.598878869837485,141
36,False,22,23.001251543845576,96
32,False,15,22.46312378983255,114
57,False,6,6.643718781442857,61
32,False,0,7.466194807091599,53
15,False,3,32.457575608795594,116
35,True,16,11.200375132373622,91
11,False,13,28.91297922371275,103
51,False,12,38.78836704976897,158
38,False,10,34.04991422962903,148
33,False,13,34.25590251648387,109
53,False,21,26.771968230156983,115
50,False,18,33.36145706154828,137
17,False,2,17.817769870559463,89
10,False,0,10.422218983746491,56
46,True,21,25.150626149965262,135
51,False,12,36.98104764242927,142
6,False,14,27.00546944920661,90
36,False,0,38.15530453689373,135
20,False,16,23.128629138267787,105
33,False,9,23.169395574103014,96
11,False,8,25.38142696030278,93
48,False,23,27.76717020213905,123
25,False,10,9.004282937957273,76
17,False,2,34.79695915078596,115
14,False,15,29.702448177503666,114
59,False,19,6.041462110102052,74
33,False,10,19.897303752806376,86
58,False,5,9.912402786689167,84
46,False,21,18.750947935760724,108
6,False,9,2.3417277777588392,31
38,False,17,28.81792035547592,113
44,False,7,38.2436573295084,138
10,False,22,4.994238516066229,33
36,False,3,16.24304385661438,72
5,False,15,17.874026267885643,69
38,False,11,1.8304964352740487,72
17,False,9,1.752821640760695,33
8,False,19,18.823529288490352,76
57,False,9,2.319070937810732,88
27,False,13,34.32720982027178,138
11,False,5,1.845162058169517,44
34,False,21,9.743603386993168,68
55,False,0,12.117359823865836,82
48,False,7,24.527217566963763,123
53,True,2,28.79078549405443,136
40,False,8,21.022280292362765,115
7,True,6,32.831038841159454,117
14,False,19,33.100764764196306,129
44,False,23,31.726075502450712,140
41,False,9,4.694220898944452,51
55,False,14,26.170431880343312,139
30,False,2,31.40496573198454,127
43,False,9,9.387020512367126,47
30,False,0,5.487838161918136,31
39,False,7,30.0085472834869,124
9,False,0,17.103621207410896,60
8,True,20,31.96580885617631,93
15,False,3,37.47746987494839,112
59,False,0,18.97327796716053,126
6,True,6,32.86473370345533,109
57,False,12,37.40777167759894,142
37,False,5,32.14213411047229,121
10,False,2,24.49979127507304,78
9,False,0,15.137044499332,45
6,False,20,9.930745658874002,45
31,False,14,0.7103570470495872,61
13,False,22,17.158826242353445,73
59,False,13,4.625189432956485,77
14,False,20,38.81260841157057,110
27,False,19,29.000316815358023,119
41,True,15,2.1902706706745665,45
58,False,3,25.294802311435184,112
58,True,3,19.70288749990833,105
40,False,9,39.22733461769023,166
49,False,10,26.57457202624496,114
26,False,15,8.285453317774031,51
14,False,13,28.88253190302898,107
31,False,1,16.7997167626736,81
36,False,21,38.15067780499935,134
23,False,16,1.2132142282304883,43
41,True,3,30.154405761064844,127
41,False,21,27.1211460645654,104
40,False,2,29.65198111170029,131
55,False,20,36.08937486700648,150
50,False,8,2.1655823566997525,60
9,False,8,16.375626659148093,63
51,False,11,25.610750546354865,118
31,False,9,39.77044089240971,146
34,False,10,19.52205170750581,99
15,True,13,35.700435510778995,121
52,False,20,25.012370081416325,130
13,True,20,33.436603435578974,108
48,False,5,31.92477479027752,144
58,False,1,15.38019581572922,114
32,False,7,26.141068065919367,115
13,False,12,38.9117523060413,146
44,False,2,12.01133399827276,64
21,False,17,36.69753434680204,136
14,False,15,36.70497927143313,129
11,False,21,28.73615446147546,96
9,False,18,12.707508859859766,71
44,False,5,9.467124219080342,91
6,True,14,7.447280344414073,52
58,False,14,0.104862861299555,78
18,False,19,37.97194242371127,128
42,False,11,21.499434103289545,86
38,False,7,21.373188692964927,96
30,False,0,19.687786963692183,108
18,False,5,13.855710929356627,58
49,False,21,11.7390658713892,86
11,False,7,34.78302461527768,114
15,False,17,10.714482048047705,64
51,False,18,39.50640998460226,179
56,False,7,10.684548785949437,71
14,False,9,18.156067230494354,53
49,False,16,7.744639142721591,78
18,False,14,35.343255775441015,123
47,False,21,16.941381464419635,110
22,False,11,23.36104511206856,103
25,False,11,38.79183890142695,143
60,False,22,16.217248917214317,101
54,False,15,1.6247970400610254,61
21,False,18,6.276098184492973,56
11,False,1,15.739241205231258,52
23,False,12,22.8305569169196,84
38,True,22,1.8691818492050265,64
35,False,18,13.936421478733775,63
59,False,15,3.7082516584603695,70
11,True,13,38.34987587440606,124
43,False,22,16.95506893840377,108
25,False,20,20.01613860958288,104
47,False,12,31.992226666134417,140
46,False,20,26.404837013492976,121
30,False,6,39.88643847239478,153
35,False,1,12.73820667393154,88
26,False,21,11.431486728105025,74
45,False,6,8.992144886567502,85
26,False,5,26.25983984620052,92
54,False,6,13.912142716318842,101
16,False,14,38.58998157743446,138
29,False,4,35.25711099916507,125
39,False,12,30.082278372944305,119
40,False,18,32.600409351509114,150
30,False,21,16.365073051542378,68
50,True,21,8.832391255766968,82
13,False,1,29.90440710785184,95
37,False,10,38.6886463024503,117
54,False,2,10.390654603402988,91
29,False,20,27.92673921524115,128
13,False,16,11.7115295607995,53
12,False,22,13.899703862378884,56
12,False,20,3.5873326568007937,32
41,False,16,22.56494854938329,96
58,False,14,22.39383458616545,116
44,False,9,32.02551049052647,140
16,False,9,3.489059333423256,32
27,False,15,10.529513534689285,73
37,False,0,29.08837822921134,131
35,False,5,24.11061733475333,102
36,False,0,20.9411420079476,100
26,False,19,38.07261665096153,140
14,False,10,6.025391386014421,39
30,False,15,35.70575062674366,107
24,True,14,6.974651672316888,72
16,False,14,38.99909531090304,122
5,True,18,30.816090882186145,85
43,False,4,22.33991814613531,96
24,False,0,3.2380628969288194,60
20,False,14,7.832623079682763,49
47,False,7,11.036041121344468,95
35,False,22,26.58184896095228,122
29,False,11,4.943538422900351,52
5,False,2,36.351618404772886,123
39,False,1,1.0457716870508795,44
16,False,7,0.3914196640751873,36
5,False,7,26.42323864840883,89
37,False,23,19.83547727924022,119
48,False,1,26.277857982816126,125
24,False,13,25.607500239748365,101
48,False,10,1.702040794098838,57
21,True,19,19.98783951741488,81
57,False,16,4.4253146830896375,62
8,False,21,12.451557762779649,63
12,False,19,27.600338005023136,96
9,False,2,16.106678003041853,69
45,False,20,27.11753536707574,115
27,False,7,1.0679763129518214,39
49,False,15,18.57655969215392,101
19,False,16,29.028885670554097,103
43,False,3,4.790130534594488,80
53,False,22,30.41731616778293,142
36,False,6,25.14448037532352,136
18,False,12,11.955520601290022,53
7,False,12,5.784301407496889,36
8,False,2,14.274414468150338,70
20,False,9,7.911085047263071,57
8,True,7,35.91108729668159,118
49,False,3,10.336197716092656,89
10,False,5,26.22162239295241,77
29,True,17,4.5137948739529365,64
42,False,20,12.57276710801161,87
21,False,23,30.54115058463672,94
41,False,9,34.980794415957824,122
9,False,12,38.89323297771861,119
54,False,8,31.147574867253805,143
13,False,10,38.70217223320432,121
30,True,12,1.696357693153626,38
58,False,7,31.929320707271124,132
26,True,18,3.3663352695319166,41
53,False,8,14.76498052610075,90
17,False,22,10.287563570124291,53
18,False,13,1.9708393750448057,31
54,False,18,21.4006822266282,98
28,False,5,17.749461461543685,85
11,True,10,18.495727454737068,76
39,False,16,27.75919671252821,118
53,False,3,27.754089113541497,116
8,False,22,36.21789437075035,101
42,True,2,3.812586153838855,68
35,False,15,7.110865097047558,57
47,False,3,8.790813807271027,84
30,False,0,21.061987996561783,95
28,False,17,21.882627913079144,102
50,False,10,19.654653673286543,87
55,True,12,7.394339839978982,62
43,False,15,3.163852965806472,56
59,False,5,22.33657855249741,122
14,False,10,4.434232575673088,33
23,False,23,38.26801568813908,126
51,False,21,13.96184848158486,105
16,False,21,33.86865271691702,89
39,False,14,20.74623155889444,111
32,False,17,26.95766387398137,96
44,False,20,37.33065237601794,156
27,False,22,19.51373258257812,92
27,False,4,25.151424451595744,101
25,True,12,0.725464312688093,34
15,False,11,13.420841379008392,51
14,False,11,18.957884417294945,71
50,False,8,23.008530406349053,104
11,False,5,19.901811270031857,87
22,False,23,9.369725683007884,75
53,False,15,30.79975077341785,145
60,False,0,33.90545778432944,155
40,False,16,0.2036314570288842,58
22,False,13,0.7633429016505973,20
26,False,10,15.822653595481958,76
41,False,16,32.311118538066225,151
56,False,16,4.215533427304471,72
19,False,4,35.58524450131234,109
30,False,11,29.750852651582743,111
13,False,10,22.89169256426247,79
45,False,14,6.744049529845168,69
59,False,3,12.981648935515867,88
35,False,7,35.57115999387612,150
32,False,11,34.23142204024884,130
10,False,11,12.270580756311253,50
42,False,18,26.652534016041045,120
59,False,0,34.3410005579534,147
19,False,5,18.47020646475318,81
51,False,16,23.96927267725019,113
24,True,18,5.317295907485261,60
33,True,10,1.894929145938414,37
37,False,5,4.874225289338656,42
12,False,20,13.003998466983248,65
58,False,19,6.843188682150073,96
25,False,6,1.5065785086330263,29
56,True,3,14.434152351528576,103
49,True,9,7.908300402965939,102
15,False,12,21.116052439308355,66
27,True,14,36.78731024860569,121
10,False,13,8.72432039100688,46
56,True,2,29.25768607957385,137
41,True,5,38.06670587121171,158
46,False,1,37.57562082675317,145
12,False,17,28.00612135821948,92
58,False,18,16.631791333244404,114
37,True,23,24.43101140386419,107
24,False,18,24.49243155614917,113
55,True,16,14.161945993368256,86
42,False,0,25.88059341835615,143
34,False,10,13.76301431962441,56
46,True,8,4.688931829161796,75
48,True,8,0.1441459783639828,47
37,False,9,9.002342475469057,79
12,False,20,26.471229632075097,87
18,False,14,28.46823959704548,91
56,False,8,31.081937319070363,120
58,False,23,23.820539547565808,134
7,False,5,21.886285277758155,69
28,True,1,18.96315270687406,102
24,False,20,20.442410388890146,84
6,False,12,21.32724646397979,84
57,True,11,32.58439130547147,167
50,True,18,5.398611802151034,68
41,False,12,23.7499172376564,105
18,False,18,15.1824370119808,79
14,False,1,33.909805274418346,131
45,False,6,10.469685395529938,59
11,True,3,0.4846562829267202,46
45,True,15,18.65967647015269,111
8,False,14,33.9582803389714,113
21,False,19,11.5491801122022,61
11,False,11,36.84532451923328,127
29,False,21,7.38382904015045,70
20,False,20,28.16405676749062,101
58,False,16,17.4595348568627,86
53,False,22,39.48427965895599,167
36,False,4,8.08902013820377,76
7,False,3,7.867893536481868,37
23,False,8,25.31230233255478,100
58,False,19,21.019077407061022,126
6,False,12,15.033790465220063,61
19,False,21,36.52825500737108,123
13,False,14,34.57698258397868,117
37,False,12,32.78981318151926,130
34,False,6,13.101529967326242,59
47,False,20,8.985237661574182,79
33,False,22,14.209597951508051,77
6,False,11,9.01366246969905,41
6,False,9,30.567331534572773,91
38,False,17,34.41030382667199,138
47,True,5,9.439000359904956,84
14,False,2,3.436094206761529,30
35,False,23,8.481288078555691,76
60,True,17,32.22608435482807,145
47,False,8,22.639327619799683,117
18,False,5,34.581369456190174,118
40,False,2,11.301324083881948,74
38,False,11,8.002812121561869,67
49,False,16,24.20242545746376,111
59,True,7,31.41154321108633,155
6,True,22,2.9028888372904453,18
15,False,6,19.555595468618208,71
24,False,0,2.949148346557787,49
17,False,0,32.49946943570076,113
5,False,19,8.042109244537006,50
7,True,23,3.5948388953860246,27
27,False,15,7.316811470787572,41
16,False,7,10.290803847113516,51
39,True,17,17.07175211772547,100
14,False,14,31.67187099796091,108
23,False,21,36.64174797724696,126
48,False,11,0.8030209846774699,49
10,False,16,39.93666853543277,142
27,False,11,37.66060609079392,133
26,False,7,17.69457637379856,81
41,False,0,13.479038309977682,72
57,False,5,19.640427582738194,110
50,False,4,20.2606202644963,119
32,False,19,15.56460773791358,90
44,False,12,39.80324783673916,156
36,False,14,10.639374925806417,70
52,False,20,21.10269649961013,115
56,False,4,28.951502312866225,138
21,False,19,15.397128678497424,81
59,False,14,0.1414255790300035,64
36,True,5,26.664889120202908,109
52,False,16,4.548827680599123,69
22,False,6,5.707031069600452,48
18,True,2,11.549118743817845,65
39,False,0,14.771106942546226,92
49,False,11,36.08297234251598,132
22,False,8,35.88508630797341,116
19,False,14,31.87497300924248,115
32,False,7,35.68639770277397,137
26,False,11,27.808442621415946,106
25,False,3,20.013174491591474,90
13,False,17,15.483095211985647,69
55,False,15,39.33943618091843,171
22,False,12,26.94476892589964,98
20,True,7,7.766650612193325,54
47,False,7,9.009281650263716,91
46,False,16,24.39717849706851,113
49,False,20,26.591614026516,136
6,False,4,6.101312161320282,40
43,False,22,10.585373144347296,87
47,True,13,39.03913608483014,163
18,False,16,18.028525565552343,90
22,False,6,21.81270275801776,83
49,False,3,39.619074951566056,136
29,False,0,30.83432311932929,105
9,False,7,28.91233746940833,98
40,False,4,37.1818592110301,131
27,True,15,38.65582866538915,124
53,False,21,35.27104758067907,155
21,False,1,1.970109675023901,28
45,False,18,31.003180639456662,126
51,False,1,29.23953482339309,126
23,False,10,13.153128408759594,67
52,False,21,32.49621799090227,143
20,False,13,10.282641390897233,49
32,False,12,34.86523001967559,128
57,False,4,23.709004839206848,118
9,False,21,24.158636869403256,95
24,False,11,35.387183514031285,102
33,False,18,28.62514050745063,110
39,False,20,6.5228760646614194,55
44,False,13,36.47508879325942,157
43,False,6,3.877413753680056,72
44,True,8,14.617831895082396,95
40,False,19,27.76743032963488,124
15,False,3,22.36273652196128,96
9,False,6,26.06569079542504,96
34,False,11,26.403347551126537,110
15,False,11,25.775900225538468,92
26,False,20,35.831519597203126,123
34,False,1,18.41428248079592,82
19,False,7,3.555727141528425,41
10,False,19,10.46998827704424,58
18,False,9,11.627088230561675,73
54,False,17,11.32919183436,88
35,False,6,26.153115209086177,97
28,False,2,15.216923322801192,76
43,False,18,20.70057994896149,81
39,False,20,34.219873918370126,139
24,False,20,36.06946969187555,132
48,False,6,9.11553042377679,73
49,False,15,29.10224862239433,123
59,False,10,19.66754178680169,118
16,False,14,36.18891871118757,122
48,False,12,28.80864383446617,123
24,True,7,20.340375668778925,81
12,False,17,10.680486791289743,41
41,False,5,38.42117840132849,139
28,False,3,18.37974864674407,96
55,False,23,21.34151991117756,111
46,False,6,6.531994406060021,83
45,False,3,8.989368480861405,103
27,False,15,14.390722385513866,79
9,False,10,38.974399784025415,115
39,False,17,12.684282338558608,88
7,False,18,19.24954103321445,71
57,False,5,18.177775987373675,125
56,True,15,33.71720730862972,153
7,False,1,10.17167825860854,57
57,False,9,27.94827990903985,133
18,False,17,12.836449412259633,55
38,False,19,6.741128654238716,73
24,False,7,19.26099967690302,81
23,False,4,3.06721683695964,32
28,False,6,5.153989621321418,58
49,True,7,32.07684947870344,149
55,False,13,9.820412308705098,83
26,False,9,7.0307863257597285,67
38,False,11,13.648467735262752,93
40,False,9,30.82592293998055,121
42,False,5,20.283232283777792,102
7,False,14,21.559188766176057,78
35,False,11,27.930723918131235,109
8,False,12,20.83321674900048,98
38,False,23,28.206810747627305,109
9,False,13,17.02219536905543,64
20,True,15,8.696284652822476,67
14,False,8,1.4383119803208595,19
60,False,14,22.1894400989981,115
60,False,14,8.768765972010778,102
54,False,22,21.795757026654883,124
23,False,22,6.285574939830059,47
8,False,5,21.41696633137112,90
50,False,6,25.138930341614387,119
8,False,23,34.59915762667107,107
53,False,10,30.642891116645927,133
40,False,11,17.89864389287176,86
42,False,19,0.8341906213636924,52
19,False,11,7.167919543877148,47
42,False,16,20.579876171070044,82
48,False,17,15.386817072840149,95
17,False,17,6.365455369094683,56
44,False,13,30.58058589155745,113
58,False,14,17.15646128852382,103
51,True,0,1.8748426108565697,75
8,False,3,19.53202347860699,94
20,False,8,3.092129579855833,32
43,True,22,17.562985838086448,105
36,False,18,13.586790586209077,86
35,False,1,15.290094054661148,82
31,True,13,2.034591072559932,26
23,False,3,3.4623939582905687,42
32,True,0,1.3610547618302635,46
39,False,5,36.1024770412077,156
33,False,9,9.309370862354202,66
46,False,3,8.023624713425479,77
25,False,14,22.6947757109634,94
33,False,8,23.07454273444693,100
44,False,16,2.47538318424663,66
29,False,17,7.992752519631111,64
36,False,15,12.03641082836696,76
56,False,20,25.517957948306712,124
34,False,10,28.55001183712385,113
45,False,11,35.44137406876804,149
7,False,13,10.18209240262269,49
60,False,15,34.133507588296936,155
51,False,15,1.4835964783970346,38
26,False,4,30.937829001380454,126
53,False,8,12.912368018328872,76
47,False,4,15.666555756062728,80
25,False,11,22.506777481706912,96
35,False,0,14.007452731781084,75
52,False,13,38.12431375408658,164
56,False,8,9.248852547866326,71
32,False,12,8.689112435773728,57
60,False,10,17.12545129447972,81
37,False,6,0.1753904210215605,36
49,False,14,24.95244876688028,123
17,False,5,32.36653956185738,102
48,False,1,37.28576443961999,157
60,False,5,15.957830109373942,121
60,False,3,10.481781052503882,101
50,False,12,34.01238993850124,154
37,False,7,5.7191689726806105,48
48,False,12,2.6718386783450923,65
31,False,22,1.7199005018797928,48
33,False,21,3.619172002070937,30
34,False,14,20.85129215504022,94
23,False,4,21.584921735959725,82
39,True,8,39.07514283123243,149
49,False,1,27.174644126052456,116
20,False,13,11.910546589414212,68
38,False,4,37.27628278890568,133
25,False,11,20.184005434511253,77
39,False,16,36.782590511056135,156
37,False,1,6.809668059130004,76
7,False,0,14.143247210547516,53
28,False,8,3.772386681818392,51
39,False,3,34.673129767467216,140
13,False,21,33.86811904624992,119
18,False,1,16.630879839442816,81
29,True,10,33.39598391662654,124
28,True,3,4.564207664222937,58
48,False,2,12.37362444307349,74
33,True,19,5.07867718451297,52
36,False,16,25.641220710538523,103
27,False,15,35.41126914565959,124
7,False,20,0.3196786997966943,39
57,False,1,28.845006221939848,167
54,False,20,34.85677178802782,145
48,False,14,28.06140494866225,129
60,False,17,9.862695290914486,81
45,False,9,13.277380540175509,101
60,False,17,33.26898400709741,128
12,False,11,4.823282644789339,50
28,False,3,33.72567687294258,128
8,False,1,0.7428573392751048,43
8,False,2,37.658848115708295,115
52,False,9,25.34221798473897,120
33,True,23,21.27285882836929,98
23,False,7,37.6133047193194,127
7,False,12,10.541156400748086,36
49,False,6,6.1893482532748445,71
58,False,23,15.886259805064716,108
36,False,11,21.79252535297476,100
11,False,11,36.58238425396946,109
16,False,5,16.179428253971718,65
8,False,18,3.872255841891444,19
23,False,16,14.468822143423692,59
59,False,22,26.193204500469413,148
14,False,1,24.821681312888416,87
41,False,10,27.04159559098792,129
42,False,7,32.884453344241265,147
48,True,20,23.35221450290788,112
29,False,14,29.158310096645582,115
49,False,4,17.344242090355063,97
48,True,21,32.74484253982647,144
6,False,6,13.112843122864092,62
35,False,13,6.56838934866308,42
60,False,10,9.506506823189122,97
43,False,6,33.476018852029334,129
34,False,6,22.46136665758773,104
52,False,16,32.464939069751004,140
35,False,13,15.71234686761222,95
6,False,14,32.09467359265203,124
58,False,2,27.159912729144143,132
8,False,18,2.3438479317334533,20
32,False,16,19.05113895418991,100
58,False,2,11.431992402050923,126
28,False,22,2.1537015105197685,60
36,True,9,30.94035167316288,108
17,False,3,32.98099729698214,112
36,True,1,6.022300742701915,61
13,False,16,32.83295364508794,115
12,False,15,20.07475433263232,69
21,False,20,32.16456901147116,119
15,False,14,36.06794609057589,114
37,False,16,17.36242903245639,82
16,False,10,35.755489238733205,117
28,False,17,31.511631330492204,133
53,True,22,34.39953642593305,157
35,False,2,36.04460141554052,140
29,False,0,31.681814251272503,113
7,False,2,24.62739161545019,79
40,False,10,13.424104621939453,91
47,False,21,36.64411078829188,177
52,False,0,12.212074794860394,95
56,False,18,2.4752937502101395,76
16,False,23,36.75537558743939,116
42,False,2,33.25331215066238,131
29,False,12,22.19980501876548,106
7,True,23,10.243714367648709,43
20,False,4,9.50006603923172,39
13,False,15,4.772958424358294,38
55,False,21,9.51848947580935,89
34,False,14,34.51435760737656,145
5,False,16,7.410695648994523,46
20,False,15,33.35617677817361,121
29,False,22,8.318380401672757,65
20,False,4,32.434806308540345,113
34,False,2,0.7157078313491069,50
6,False,2,18.06047193358753,76
6,False,20,29.67481665719691,111
29,False,7,30.621073956601187,105
22,False,5,29.505089175032,104
27,False,15,37.517646160534944,128
56,False,13,26.53701706578004,124
21,False,16,28.13155561083673,101
45,False,2,29.715352334873973,128
33,False,5,8.570478385220165,71
6,False,11,22.13779203547112,75
41,False,2,3.549875370068919,58
60,False,10,13.958428759951737,89
24,False,9,36.01593502968438,122
11,False,14,0.5248088233502822,35
9,False,1,7.067998442053337,39
27,False,5,24.24894491228731,107
41,False,4,18.126977240414224,104
30,False,10,38.23827697004129,145
5,False,8,20.085388344564496,84
45,False,14,29.380505641543994,132
57,False,0,8.406171539956702,79
26,False,3,3.5229800161216773,39
19,False,19,24.529007086377987,88
44,False,9,13.207244898317946,90
60,False,23,27.481525868667,129
52,True,21,34.67147215582432,140
40,False,0,7.449479093373945,80
35,False,5,16.461335794684235,84
48,False,17,19.02821357602348,103
13,False,13,2.751778384169089,34
20,False,16,16.75540136874535,72
57,False,19,18.46392884475465,113
11,False,13,38.29984375731149,128
51,False,8,2.060966822802184,71
39,False,0,11.588996105812862,80
20,False,11,18.88198343796523,97
55,False,10,38.38942998342537,166
42,False,3,20.12154799784428,97
32,False,16,15.423420822513544,73
21,False,10,1.480548987656996,44
31,True,2,10.806150618811,67
22,False,16,37.70558091665727,142
8,False,9,15.324387556483485,52
11,False,14,39.37638440438947,118
56,False,7,17.836488698073936,126
28,False,13,4.768913914583751,46
7,True,10,34.58330155957003,115
59,False,22,36.722948840292766,151
41,True,3,8.500234650968258,65
27,True,0,33.79209582890755,110
15,False,0,37.99390422292718,141
13,False,13,31.79137477639981,126
19,False,22,7.004728751724965,51
32,False,22,8.953616385917341,68
45,False,3,38.858036361807066,160
58,True,6,4.546374626102797,92
15,False,18,37.446522759177135,122
15,False,14,24.67947907620293,91
24,False,11,37.18737275904723,136
57,False,16,20.15433433074706,128
49,False,8,1.7642228106388846,65
26,False,1,3.7512043638018615,51
10,False,12,34.39009202622195,103
40,False,6,10.04125830251237,65
27,False,22,21.93845009501256,107
15,False,8,11.75257734397107,67
55,False,10,3.569079640610803,57
50,False,12,17.134922751261147,111
55,False,5,31.39996586304677,136
43,False,18,23.931297632150965,111
52,True,5,20.13563173473861,113
58,True,16,36.13017451134845,157
23,True,15,18.93093476214296,76
34,False,4,15.018957138559797,81
54,False,23,25.36547611269968,126
35,False,15,5.25793988163538,41
35,False,6,24.180227527317367,105
54,True,18,19.004929148025383,101
36,False,12,3.758053308400496,68
41,False,16,8.78513314642526,77
16,False,8,23.480218208283823,68
15,False,18,8.216219322038869,62
39,False,13,25.95795718606785,104
30,False,9,20.07429967960213,102
13,True,8,17.064538591172028,87
9,False,11,18.36039361159029,64
60,False,13,12.47895639230165,110
19,False,17,15.0191802689513,80
58,False,8,32.72366645247392,153
12,False,15,6.166220769649712,49
25,True,6,22.667892468890045,87
56,False,9,8.610367085987551,80
35,True,14,29.490577865487527,124
29,False,20,25.571423890569683,106
5,False,4,21.83355984875365,53
20,True,17,6.147682130069714,51
55,False,3,13.653633481691696,94
36,False,20,24.44951225928757,107
9,True,21,29.73401413842004,86
36,True,16,2.5671714287939533,49
37,False,23,23.24703960641514,100
12,True,12,31.371087321549325,130
31,False,9,20.23169611324041,100
21,False,6,15.599797006986291,92
41,False,18,4.8261990133325625,59
19,True,1,2.2637461346463024,58
23,False,3,14.091502998362522,62
40,False,19,22.216750579619635,101
37,False,1,4.924538265061054,54
55,False,18,24.77987881811337,144
48,False,10,28.21395729421588,118
14,False,13,10.51481748563907,82
21,False,12,18.85839438511218,70
25,False,2,28.66001876776389,108
29,False,0,15.40987290362009,72
10,False,2,30.36451861826839,101
56,False,18,3.240304506736877,72
21,False,12,38.84168804640008,133
28,False,3,4.461008823050356,39
18,False,5,29.68954373028535,104
55,False,19,34.00199319388212,153
51,False,11,3.272273284083156,60
31,False,19,20.877589967700164,87
43,False,9,25.336363790730616,121
27,True,11,3.5799844532046152,56
60,False,21,38.02891997058373,140
55,False,8,22.998946664594133,133
29,True,16,6.899782673459282,54
38,False,6,21.99298689176741,108
47,False,22,12.306493641660174,81
54,False,22,20.67098964835246,90
47,False,10,38.01716304342634,157
55,False,8,1.7672752660115425,77
11,False,8,4.334896677951605,36
55,False,21,32.70936596841384,127
5,False,10,30.9939114532462,75
8,False,5,34.26844806577372,135
58,False,1,10.569222716474329,102
59,False,19,13.000204845046596,94
27,False,14,39.718344183494914,145
23,False,4,25.699125387010803,89
57,False,19,22.67370771203608,113
46,False,4,3.242046072109084,66
32,True,8,19.753978019307382,96
58,False,13,0.8429592841859308,74
25,False,6,10.158874611247745,48
22,False,8,33.86100548616725,113
19,False,17,38.5837149783843,140
27,False,7,37.72584914953794,120
13,True,10,10.13320702170764,73
8,False,3,0.2182601740666203,34
29,False,19,29.10763708627594,101
42,False,11,6.144153055509301,68
52,True,5,6.170010538450136,54
23,False,23,19.14460716962141,84
21,False,20,9.318479057606586,44
11,False,9,11.529665569681232,40
18,False,5,5.204841847384265,65
44,False,6,25.11957254056414,110
21,False,6,21.46200694485024,92
31,False,14,8.316358242332019,58
43,False,9,28.3511693718239,126
27,False,23,6.026817164427527,60
29,False,19,31.165839170707443,114
54,False,9,36.61731579886652,158
54,False,8,20.04969280550963,132
59,False,7,34.067275326152064,155
58,False,11,36.93993865020308,177
58,False,16,18.038308502855685,107
40,False,10,6.988949924790312,72
35,False,10,35.63588225547815,145
43,False,2,20.090870186928683,94
44,False,19,12.645909941020324,60
16,True,17,32.95629352231139,118
51,False,2,6.229519435880437,86
50,False,11,20.80834030322359,127
30,False,19,12.38290154138319,64
44,False,20,4.232693850128896,74
40,False,9,7.916653941239311,74
50,False,9,28.40551433626749,118
17,False,20,16.73437247883942,78
26,False,18,4.666647001489542,45
39,False,15,2.663224337328476,43
34,False,11,10.305878139405356,69
9,False,22,15.328177449317664,58
39,True,8,26.08610675055622,124
25,False,16,10.343217290723478,45
59,True,17,38.36033772222197,165
55,False,6,28.69751880982392,135
7,True,4,29.872354598426927,101
59,False,2,0.8740971726238588,58
51,False,8,37.355618504033686,162
20,False,2,14.518061309420672,53
38,True,15,10.664765532063177,78
8,False,7,31.61519352053976,135
38,True,0,28.92517435035049,104
45,False,2,4.557857529411439,66
12,False,9,23.32650298253323,88
44,False,10,33.01162471930442,119
7,False,19,10.547104979645107,44
54,False,20,33.1021720907563,144
39,False,4,13.83691515127005,97
39,False,10,7.142399174809709,72
57,True,14,31.06381999305309,156
50,False,10,7.104487976029801,63
26,False,7,38.29572379338296,147
56,True,16,32.86485236643087,155
51,False,21,26.08240681425517,113
11,False,19,6.229448865737442,38
38,False,17,18.627743652913377,72
54,False,16,0.1631386737153862,66
18,False,6,27.800209466267948,96
34,False,19,25.90991692001729,101
37,False,13,18.54823257184048,82
59,False,22,14.946673172299976,116
6,False,18,18.173770201809223,76
5,False,17,13.222067301312151,51
33,False,4,20.23830396522804,90
39,False,22,17.416467905611203,85
56,False,3,8.069328399265988,93
20,True,23,2.629160717098823,43
9,False,17,16.542370443571894,54
22,False,18,21.667457298056654,93
13,False,1,29.318808212991744,104
26,False,15,21.269868073923195,87
54,True,15,0.2693870736792105,70
6,True,21,6.16142793846523,49
33,False,2,30.477774683729173,109
18,False,1,4.044145279649233,38
42,False,11,28.333647930067823,128
58,False,23,18.94588957104364,93
25,False,23,11.102548441939565,43
46,False,11,7.982129665164355,70
55,False,21,6.070714663566545,64
36,False,10,22.41398661233865,123
12,False,7,34.631408277525004,93
41,False,17,30.09485854754304,145
12,False,20,9.57655973083293,50
15,False,4,20.37615641652091,86
29,False,3,22.654725835765067,79
35,False,4,20.912061277186453,103
53,False,0,37.58796398696055,152
54,False,12,31.95749929510048,124
38,False,23,5.277578848319348,53
37,True,19,21.90888980668557,106
25,False,1,29.829373422482984,113
59,False,11,31.10989283549687,136
33,False,21,0.4302656043429492,37
54,False,18,11.47593341735387,94
40,False,23,24.52482321297672,119
30,False,20,10.495148768577486,64
8,False,13,14.184847416046722,64
12,False,14,24.85486866872303,91
54,False,14,34.81349587804605,159
18,False,5,3.522592627575204,55
23,True,10,12.878955351146097,87
39,False,22,24.554724622859045,122
58,True,12,19.420226795288933,124
25,False,15,5.740136657780786,56
39,True,18,23.84552070783185,103
46,False,21,2.46570278836241,75
59,True,14,22.61169514723661,106
26,False,3,29.21077237928824,122
23,False,19,7.518404635916126,61
54,True,7,30.01960639278024,135
31,False,2,16.1647569838466,91
35,False,23,11.31826500655215,90
25,False,18,37.00127424986904,125
9,False,2,27.3432618716578,85
41,False,18,25.45085959580036,112
51,False,10,30.42263239749856,116
22,False,14,37.216365669503055,130
45,False,13,16.64283536889273,84
15,False,22,28.25920434354236,108
37,False,0,37.615734503567744,130
24,True,5,2.6486954146564816,33
31,True,18,37.18956116228966,142
8,False,10,7.225988586239489,33
49,False,12,7.573937682291472,72
37,False,6,0.3919970614898992,52
23,False,21,34.157961568476445,131
43,False,9,32.24914602880163,133
13,False,12,10.502088804648006,35
15,True,1,22.57780018822545,91
55,False,20,31.12057768434199,129
9,True,16,11.634388905645944,67
29,False,5,12.530155809870044,71
23,False,7,2.5355050270520616,56
22,False,17,6.935846428513009,34
15,False,8,9.667747626323282,51
55,False,6,36.05628591141804,151
14,False,0,12.494222330608569,64
15,False,4,2.663166015886267,25
50,False,7,17.254286694471073,103
42,False,3,4.414788255897415,68
33,False,6,31.560842142663745,115
19,False,3,35.45672911221132,135
54,False,4,33.91695969639879,131
41,False,13,3.898706151933872,40
25,False,22,4.55963618184265,57
12,True,23,7.137770991570308,44
32,False,8,18.235840216966512,104
25,True,22,8.477339893474396,65
58,False,21,22.58976538995644,122
35,False,0,32.29253070943811,117
42,False,23,28.86425598151704,153
21,True,11,38.728797037898566,115
8,False,23,8.78838303765916,35
37,False,18,27.624905867104832,129
50,False,9,1.6294410824218897,83
27,False,2,26.83247578036317,98
36,False,3,17.544814390246742,91
14,False,1,4.934853884178894,25
48,False,4,2.7620177427338257,59
22,False,21,14.053410901501644,60
36,False,19,10.464462724799288,88
12,True,10,9.927199134663113,49
57,False,10,31.541850547920564,151
24,False,13,4.103821693605258,53
47,False,4,39.814848620657735,162
54,True,5,19.51991973927769,89
55,False,23,16.809854737671746,126
7,False,23,31.72335852181963,102
7,False,21,9.805908429779658,49
54,False,13,9.000170250738675,106
28,False,17,23.614821425576004,90
26,False,0,17.040660339932845,64
48,False,6,1.531987355248842,71
40,False,3,37.710122149985054,144
9,False,15,38.9262198597603,108
38,False,11,37.31456301733885,141
42,True,1,0.1047550201423718,31
51,False,9,12.948717091016103,89
45,False,3,29.4373223170722,122
60,False,9,27.46960425000887,131
42,False,5,23.842359914741483,114
60,False,10,12.94166191004959,90
46,True,5,26.726102875994368,104
12,False,16,11.22320757326778,32
31,False,12,1.1384713215454283,50
25,False,19,39.56340159542268,124
53,True,11,38.42271215765182,160
58,True,20,37.47168836675037,164
7,False,4,2.3135061659110128,45
58,True,15,34.71024613132884,157
51,True,4,30.11340695240492,121
25,False,0,8.619920999261444,56
56,False,16,13.678552291657768,77
49,False,15,19.31806292246237,110
50,True,12,33.62735803307457,127
14,False,6,23.733088152423264,78
17,False,8,7.835622001095907,52
60,False,10,4.967799010745333,66
49,False,2,17.989683537234743,113
25,False,14,22.937015080450585,102
50,False,2,21.62897406726664,110
12,False,16,31.53105134517866,124
26,True,15,38.78973603586231,135
25,False,21,38.21216618464123,125
24,False,0,13.10163712781841,77
39,False,21,12.511746083274607,74
59,False,16,19.57717131607628,101
37,True,3,13.2386616508976,77
25,False,3,29.74737324622458,106
21,False,8,28.852592828261866,101
57,False,15,34.86782008625547,136
35,True,21,22.63474779570763,96
31,False,18,32.96077060136013,137
15,False,2,8.606797925427358,45
46,False,11,13.531517870743452,82
33,False,18,20.75889968659668,112
41,False,11,28.08363412295272,122
36,True,12,23.400017943133136,109
34,True,15,10.8836115384962,78
21,False,11,17.60593465835383,80
50,False,4,37.54983488681606,151
7,False,4,35.266521261300305,101
57,True,18,18.011506013654742,110
16,False,2,28.494002007964514,99
51,False,16,36.63264327379584,134
17,False,1,1.0798510612526584,31
54,False,17,22.58097487617088,109
51,True,6,25.12732346448448,100
9,False,12,30.89117682899504,99
48,False,13,38.3433069467858,170
11,True,11,13.218637140050411,61
6,True,4,15.56636980066661,83
46,False,18,24.48553537773068,106
13,False,17,13.872080033294912,62
37,False,10,11.831304041509158,86
12,False,11,24.59423913079997,88
22,True,3,36.07836412119769,116
11,False,1,15.855852256394051,79
21,False,21,15.856392815470253,79
50,False,15,5.280967051962227,76
49,False,14,32.69230253487963,153
5,False,15,26.158973190284787,86
17,True,2,11.797547666891871,49
54,True,12,27.32272684290138,131
7,False,13,15.214424326003664,62
59,False,21,23.003402954544622,118
39,False,9,29.30633493103827,129
10,False,14,2.5111721060663106,33
11,False,22,19.78754690320162,83
59,False,5,5.827869076072317,90
55,False,11,11.90141524611218,85
19,False,12,28.409071367400426,100
14,False,15,22.34382623980509,96
55,False,21,1.839584561225376,68
49,False,19,37.12829409104104,164
18,False,7,29.195422499096512,116
58,False,14,24.91596162944472,128
53,False,20,8.402515156858424,95
22,False,5,20.98380237032329,87
55,False,22,6.12220127467394,78
35,False,0,6.721410015488956,41
6,False,4,19.65818590050545,70
11,False,3,25.940896022079727,78
12,False,3,34.81263033676417,116
29,True,11,26.385716882426223,111
31,False,7,24.79679912915194,120
14,False,20,31.446646536968867,90
29,False,21,12.799458961174023,66
52,False,18,29.515082687114965,124
25,False,19,20.3125714520489,83
25,False,16,9.829593468611886,46
23,False,11,26.682043793228,116
54,False,16,32.292689135913584,150
17,False,15,0.6609911462650049,35
46,False,23,12.44291651148287,106
60,False,9,23.024042006773247,120
51,True,0,21.397632127676896,104
26,False,5,15.953804673802,82
9,False,13,11.24196386716782,60
13,False,12,3.2395547913741725,22
46,False,6,33.79497803097007,159
41,False,5,2.0317270606118707,46
34,True,19,21.785742188453582,115
47,False,20,13.089085248758046,97
41,False,21,34.11797065325504,157
39,False,23,2.3928988650284744,33
10,False,3,6.558868299193179,45
21,False,1,7.28835304438904,56
9,False,3,29.54232928358476,116
34,False,3,4.205848128564537,57
58,False,22,33.05205922162965,158
21,False,18,15.160724490762371,80
29,True,19,12.59478436964654,93
49,False,11,1.3997507268856924,61
36,False,3,23.04075457795286,111
15,False,12,16.64168653264487,56
24,False,5,37.8692971443726,148
46,False,15,0.6968425505569682,58
51,False,20,4.781879989417333,104
29,False,8,33.662703205603314,110
8,False,9,20.9322912160058,88
13,False,13,27.666321564535355,96
31,False,22,39.491871071211605,119
42,False,9,38.53405466689339,155
59,False,21,2.760095625642934,78
46,True,21,26.410622007502976,112
14,False,12,32.556706278642,115
43,False,6,19.274436869095886,110
11,False,9,18.07825304844432,78
53,False,1,24.968091671444046,112
54,True,3,30.53472117222704,147
60,False,1,7.20630665376035,90
19,False,9,33.67379736586882,115
55,False,0,39.03347909326165,155
60,False,10,36.52871150114581,164
24,False,22,15.07462974866791,86
45,False,2,11.178648891954095,76
34,False,5,16.97893104651961,86
52,False,19,0.7913512859552224,48
39,True,22,36.5549633074717,122
25,False,14,14.925939803138144,52
30,False,10,5.844830445509675,70
50,False,22,36.90080263110218,158
46,True,9,2.5635760199969733,74
25,False,22,33.33327698264978,123
16,False,19,9.829414812563591,50
49,False,18,29.7214344448163,125
8,False,4,10.063276625172328,30
32,False,21,29.213629204115897,124
31,False,8,38.813907140001405,141
57,False,5,14.057054729399034,95
17,False,3,13.08156107138828,79
36,False,6,12.430634350584342,70
22,False,14,28.009905471420133,110
36,False,23,14.526974319875311,73
26,False,18,23.08110142543017,93
20,True,2,4.842430999355657,47
22,False,4,8.810142626309577,50
23,False,13,38.620070557511774,136
56,False,18,31.94667398102165,150
8,False,20,3.289694188102461,21
54,False,23,29.919236642773324,134
12,True,2,2.09219608574213,37
35,True,0,2.465397213469341,61
15,True,12,16.403052099668688,81
18,False,15,16.151478026475864,96
6,False,12,32.704452770309885,107
52,True,4,11.753860413160645,95
47,False,10,7.784007436867976,73
55,False,4,3.504946212370641,58
13,True,8,7.254667747449932,57
26,False,13,13.576290758920424,74
58,False,10,3.1768312586834413,81
38,False,4,14.118120954668056,78
5,False,22,28.882808506953136,69
54,False,23,36.977726857517766,142
23,False,20,34.2717777882027,124
26,False,16,13.79840583955256,70
59,False,17,4.274688779631268,70
53,False,13,19.59809056949474,85
11,True,0,32.98654813745829,109
17,False,12,35.59043954071169,122
40,True,3,4.947050927587285,78
18,False,18,7.768546052543747,46
29,False,0,35.88343638645758,114
55,False,16,31.22005636175836,134
31,True,23,6.945958007752585,68
40,False,2,33.90556062384234,159
33,False,3,15.35228344553011,56
11,False,18,10.724990451765995,47
41,False,4,35.781191548155604,134
53,True,6,37.59447504462443,159
6,False,0,13.281199525398982,60
34,False,21,8.91924368362437,69
25,False,4,29.21941347841809,98
7,False,12,8.043214744297934,52
13,False,14,14.76856184938426,63
16,False,4,28.27568753375517,105
21,False,16,35.33781849628496,120
32,False,2,28.82948905039097,118
32,False,3,38.50241743556023,161
17,False,22,24.60607891244605,103
21,False,12,22.960797618829947,79
27,False,2,30.957432732558782,113
13,False,20,11.898617448809048,60
6,True,2,31.77061999674506,90
7,True,18,14.834638756604598,73
57,False,21,19.735491091107185,126
28,False,17,24.560421578400145,111
12,False,9,27.813850478405907,92
59,True,1,32.52707591195708,157
6,False,21,13.64556182514974,60
20,True,5,15.46978542335122,77
9,False,14,5.524726676818226,42
18,False,21,3.75966134385624,40
44,True,12,1.910126291311039,74
47,False,2,16.354756499370854,91
16,False,23,4.9385385008111164,43
58,False,3,34.27428919019026,153
8,False,18,39.35259294846511,111
42,False,22,25.68145449298403,119
15,False,2,16.049638772354733,72
58,False,23,1.1379386484797192,68
30,False,1,8.596347760986943,72
29,False,1,6.1499451633367,73
50,False,13,7.104877203457577,81
39,False,22,10.178238534431369,69
35,True,8,37.37232546255249,134
37,False,3,13.326569422003228,81
44,False,16,15.958398277498398,85
41,False,8,1.8365157376721,56
17,False,15,27.655837773403352,99
27,False,6,30.939157281168345,114
50,False,14,29.63386503346589,118
17,True,3,39.29022404625498,113
36,True,16,2.863539771211857,57
35,False,8,29.25837124711656,101
25,False,0,13.889438386635836,82
45,False,5,39.8817053482054,161
13,False,11,38.1502192973652,122
51,False,15,35.50586712291443,151
12,False,22,16.177102791633505,69
45,False,10,3.791975719472529,69
12,True,18,4.912664369795948,44
54,False,19,32.96205270900206,154
60,False,6,18.605459570651284,108
31,False,23,16.511217504142813,73
19,False,13,37.47690209863785,147
35,True,1,2.754364492840754,65
51,False,22,39.30272860584335,164
23,True,13,5.702242600588808,58
27,False,6,19.32773790673214,84
33,False,19,11.027737578675344,70
14,False,18,24.204830231665973,77
38,False,23,0.2083855592977405,56
40,False,12,38.48805105402087,144
25,False,2,18.34202858037572,74
19,False,1,30.596737146621585,106
59,False,9,29.40581726861526,118
55,False,19,3.5527151517320523,62
7,False,3,5.596732237476333,46
59,False,20,26.434520429742832,128
6,False,0,37.228167993775074,113
31,False,1,7.544794136001451,52
31,True,9,36.254379574826125,130
58,False,10,14.90691420266198,107
57,False,6,10.259013018865666,98
52,False,19,23.67723308615568,135
47,False,0,19.40741444149215,109
39,False,4,25.37871134272368,107
50,False,4,1.0509416191901158,75
34,False,15,16.267020003555142,69
6,True,21,31.65716528625036,111
25,False,19,9.223814446401189,61
40,False,13,0.96210064364182,54
31,False,16,4.122592435915825,41
33,False,9,28.315667767507083,115
17,False,9,18.57797888195168,85
26,False,10,21.10174700144966,108
42,False,17,28.39423222929224,129
44,False,7,22.266193675149527,107
18,False,10,2.472281425583434,10
14,False,2,0.9118643609631216,48
14,False,2,29.056256138561093,91
18,False,8,36.83256997876333,113
36,False,7,27.72575639179591,121
7,False,12,5.38194314520665,31
57,False,4,25.91708544873601,143
22,True,7,12.30793556396149,62
18,False,12,37.82095453050736,133
41,True,0,32.30228739805756,130
5,False,16,10.187078750137076,68
57,False,2,30.450762450381305,137
9,False,13,14.717427837965449,64
57,False,19,0.3260454009582424,60
14,False,15,23.594982203295928,83
56,False,22,6.018935274165424,70
59,False,2,23.77893594737992,133
28,False,8,23.08067105148178,100
26,False,11,30.16386444290453,113
35,False,17,32.12641256682841,110
6,False,23,22.857277098621363,96
38,False,9,21.87534914902476,103
42,False,7,5.047132265978886,68
26,False,4,18.378179763775723,83
7,False,6,5.115699790884995,41
27,False,11,22.30289676683805,118
34,True,0,33.64578388951232,145
20,False,1,19.20676741743801,79
36,False,7,16.233471237669146,97
8,False,0,14.610439876628496,61
58,False,11,2.626337495278135,53
53,False,10,8.443400116456411,92
59,False,22,11.142321914236415,92
45,False,1,21.20033286000164,106
54,False,6,34.220724005247426,156
53,True,1,8.372275369602193,85
30,True,9,37.36437539105868,157
44,False,19,13.648674956942273,87
41,True,22,35.89652439207852,148
44,False,6,25.462345447017945,115
9,False,2,28.96828093140437,83
27,False,7,12.99841218848257,68
17,False,9,23.97612092544598,115
7,False,16,27.0516523862556,100
60,False,2,0.4165921576206168,72
10,False,18,15.822876401812692,70
44,False,2,29.83436801917727,127
55,False,13,5.395247389331841,99
48,False,15,1.9275307450463752,54
41,False,8,3.4881144595891858,50
9,False,4,4.783472664614708,47
28,True,5,22.288629765998103,84
23,False,18,3.478927315055564,41
6,True,10,36.66667091220951,115
54,False,22,12.447622919580086,106
31,False,2,27.59837786456206,117
57,False,17,27.0862333586154,118
16,True,20,26.85516524842655,81
8,False,4,22.858424449374667,79
16,False,12,36.39398846710654,125
8,False,11,18.522231346301503,69
17,False,20,4.467397515863935,57
57,False,13,0.2306360373909899,65
48,True,17,15.31223801215712,108
19,True,5,23.82680352448808,100
38,False,19,12.62795161051876,62
44,True,2,15.838577049156097,106
50,False,19,39.06843989917717,160
53,False,1,9.840224602516932,89
12,False,4,25.101000601025568,95
37,False,22,15.408105047562175,79
38,False,10,32.80998346901481,124
40,False,8,30.7066209473852,117
17,True,8,26.64907783483441,110
50,False,2,9.32732822867657,89
46,False,18,16.25669322615363,74
55,False,9,36.971939668074285,156
46,False,20,35.315711906203944,168
10,False,0,6.019093838374614,61
37,False,3,28.766035908748748,132
35,False,6,30.089465427968044,105
60,False,3,36.713173073724136,140
49,False,1,22.32041719428368,113
46,False,13,12.847482579351446,96
34,False,17,1.3217818887845216,73
18,False,18,20.82895106487992,89
26,False,14,29.36302364918732,114
7,True,9,38.4221584711284,106
54,False,15,17.932462922838926,119
24,False,19,34.190909895950035,125
36,False,3,11.886527176677756,78
24,False,11,29.850483186758805,100
13,False,8,27.976605115113884,91
7,False,15,38.47351094187971,114
41,False,9,12.54355409153808,77
34,False,15,27.58617215631086,112
59,False,23,11.118746015232563,75
18,False,12,8.280949245611891,41
39,False,17,6.781623393847954,65
56,False,8,38.05463629572524,157
53,False,14,32.850503967307134,145
16,False,6,25.80629864003691,80
40,False,16,1.4323976295807834,41
14,False,6,3.0470162881315885,36
58,False,15,29.124963909692017,151
55,False,15,11.890825620272368,82
19,False,21,30.81555984944896,100
7,False,4,29.39553377743518,82
28,False,15,22.21940307892517,90
36,False,9,25.437664437149262,102
36,False,8,30.974429471431225,109
45,False,20,16.05591544723986,89
32,False,6,9.559913633589437,65
14,True,14,23.79711694047796,82
30,False,10,5.014249763062975,55
5,False,3,38.11083458883997,123
14,False,3,18.99629808552736,67
7,False,21,23.069864201735854,81
46,False,20,34.73769602029008,132
10,False,11,36.18379241049009,109
60,True,13,3.1738292916626185,75
49,False,19,7.12596854825548,75
10,False,10,14.385092557171085,65
6,False,7,14.698993160344797,53
16,False,8,0.4545449958717006,45
42,False,16,4.840455261652338,74
7,False,17,3.668104287095879,37
56,False,2,30.32463754133059,139
54,False,19,32.320177959107845,159
21,False,17,28.38028828458592,117
18,False,6,1.7858869619362288,35
18,False,11,20.52073104379731,84
49,False,14,35.257705738362624,154
25,False,5,3.8527907016297127,46
11,False,20,19.55985811612008,63
11,False,7,31.274019799134667,111
17,False,20,3.6596010286569696,36
46,False,19,38.38115694771331,150
28,False,9,9.877718117921232,85
54,False,12,12.838560503392294,106
46,False,15,24.902534235702788,103
36,False,10,2.7068928394358047,76
38,False,17,12.22414219889486,96
37,False,2,14.340316526225696,86
34,False,7,2.160857031428375,57
38,False,14,23.87664758782331,108
5,False,15,6.955611513732557,26
10,False,7,29.58011421930861,98
57,False,22,15.765240343593906,112
45,False,6,36.93298790131273,138
35,False,8,37.5126838357347,122
10,False,13,29.331184456684504,100
19,False,3,23.11232936242441,86
49,False,10,17.00482408119284,123
46,False,21,23.219612308997785,98
9,True,11,34.76581686614039,113
47,True,14,27.207164757143968,123
21,False,15,31.17572950048191,119
38,False,5,15.769853082323536,109
48,False,1,3.4238031287273705,71
52,False,12,8.752328597825937,86
16,False,16,25.513031834003296,93
45,False,1,21.97312621965081,112
42,False,8,27.521811799996563,127
44,True,6,26.455755183821587,113
19,False,11,10.491309502274143,44
35,False,0,17.767416819459395,94
56,False,2,34.394046382685886,159
6,False,1,13.249075970074973,57
17,False,2,30.63106918784193,101
42,False,5,15.504813649949057,101
34,False,4,4.670766206696209,43
39,False,23,6.73780721494027,60
30,True,13,1.9926627693977008,48
44,True,15,29.84391909612188,103
59,False,22,29.733553579690305,130
52,False,19,10.002629119372353,90
10,False,9,0.4558011482682179,12
16,False,5,38.76748092288741,142
28,False,13,2.418492200438116,31
60,False,11,4.057444379501578,68
59,True,20,23.580735451098125,137
55,False,10,3.966371787418331,71
29,True,15,23.09776494150408,110
19,False,0,28.255559438959764,99
38,False,2,23.83551522248764,112
18,False,5,32.92090729888276,108
9,False,15,37.0018887314566,125
19,False,0,10.866997844539672,57
27,False,15,7.795663793861229,44
37,False,3,18.15257385154857,123
21,False,1,22.652290352219683,76
33,False,20,27.673982673757912,93
31,False,13,33.5852575115572,124
23,False,8,20.07847416765664,97
24,False,9,30.28558903405675,117
50,False,6,5.997425484418321,67
17,False,15,28.07678946340028,97
7,False,6,36.072838978704205,120
39,False,8,17.500257632415774,95
31,False,20,7.188573779331904,78
53,False,18,8.819085146237567,75
37,False,10,23.52492098106864,102
17,False,15,37.90061070940968,128
36,True,4,23.969519498014275,118
56,False,4,39.111647758060975,167
54,False,18,11.916486516074327,83
12,False,0,5.222320696999677,34
44,False,13,30.551561890638503,148
12,False,19,23.999288462068023,63
40,True,13,25.107423997758097,111
59,False,9,32.91012311546699,140
17,False,18,16.340360430019548,89
31,True,19,12.145272685317911,67
17,False,20,16.47705780101433,82
26,False,12,21.613806987407248,87
46,False,5,11.200798972648242,83
27,False,3,16.584036964426975,73
36,False,4,1.9708498588500951,31
59,False,10,39.96404566741548,180
5,False,10,0.7137202745184439,39
47,True,0,34.14859151969486,133
29,False,22,11.14288052305115,75
5,False,4,22.044812799699283,85
14,False,21,13.74985095921588,55
32,True,10,7.427244357475716,63
40,False,16,23.4484906452576,98
6,False,5,18.201244439567706,58
50,True,8,15.993305575779614,114
56,False,6,14.92993650854923,110
43,False,16,32.18201882382314,122
21,False,20,21.34062990153937,83
32,False,18,20.271323079621546,95
27,False,8,28.13259036753336,108
21,True,17,35.28462724901514,129
30,False,12,29.888918986545423,133
58,True,5,17.2949108369528,111
57,False,11,22.45158865596256,133
42,False,22,4.64482076542876,58
27,False,16,17.203646518138026,92
36,True,7,2.629875279715936,48
43,False,0,31.558536357477674,111
35,False,3,38.943538869483774,133
14,True,18,21.97215534542965,76
9,False,12,22.08096740433665,89
24,False,12,21.514011506873874,97
37,False,17,27.55946957873189,106
40,False,8,30.12055944465308,122
30,True,23,35.52868853912865,136
46,False,12,2.5404878690939827,73
12,False,3,3.8487318122642256,35
34,False,4,16.114992776894077,89
23,False,9,20.14939387022198,95
15,True,15,3.191953020104808,42
39,False,14,0.5490495593915515,45
9,False,15,12.578964153902657,60
20,False,4,6.589431667479079,53
53,False,7,3.845888847869301,88
59,False,8,5.808686564143622,79
32,False,9,9.931388753490154,59
24,False,11,25.148980847368865,86
9,False,17,13.4552337726077,49
6,False,19,26.003986061894125,111
26,False,4,21.68686116183517,88
29,False,0,24.32132106416288,115
15,False,13,28.44354009599852,98
36,False,11,16.681281003796823,83
7,False,11,6.986241258000966,56
35,False,17,39.96299257428249,150
9,False,0,13.50876648104746,54
52,False,15,37.64765376082588,165
15,False,3,24.11118322731904,84
57,False,11,3.078146923609469,90
50,False,13,5.913838495375666,64
48,False,8,23.41871059483372,115
56,True,15,18.16992113076629,112
28,True,20,12.106266885256725,51
20,False,15,3.745726290833842,39
30,True,9,39.15511342785198,132
46,True,16,7.438116887714838,86
14,False,17,21.74355110759763,76
47,False,2,35.36473934516438,154
53,False,6,10.098708240442749,98
53,False,23,1.624182575702892,78
31,False,12,20.554576787657275,107
46,False,17,38.16888119282602,156
53,True,8,0.8752290646966593,61
39,False,11,25.05920850758872,118
53,False,16,30.16712678179585,119
5,False,22,38.179879076107234,103
36,False,22,10.935521422262472,67
49,False,10,9.747804402665071,77
20,True,0,13.216286339928551,54
22,False,1,15.524929552396074,78
55,False,20,13.153384840004424,95
51,False,17,26.796749524606184,96
13,False,14,37.61240744055924,113
34,False,2,31.95551560868741,119
34,False,12,14.0381489483992,78
48,False,5,25.493069939382018,124
48,False,22,35.198789429482126,146
56,True,6,9.78978181344624,98
30,False,12,6.0303391942090165,63
11,True,10,16.637122088595124,64
15,False,11,10.512253862481566,45
27,True,3,27.838816967894097,100
33,False,10,34.816693584669984,139
19,False,12,6.520857807854989,64
50,False,0,5.621173845704796,61
34,False,3,31.05505468662654,141
20,False,9,39.28415324879087,121
14,False,12,26.623999614592684,81
36,False,4,22.35632421609148,102
19,False,13,4.692143003571573,59
57,True,6,19.155297527513508,134
10,False,7,18.89965574380233,59
30,False,15,21.774183664487776,89
6,False,20,27.330278355375032,78
33,False,16,39.23157213156054,133
5,False,21,39.05917010095762,127
7,False,8,27.120546784945745,92
21,False,17,7.390744891093431,72
33,False,5,0.1750539561525911,51
19,False,5,35.52158581552609,105
55,True,6,39.09410244035952,164
8,False,16,15.354048949896676,50
41,False,13,4.853646677882549,64
52,True,3,23.91954117124844,133
40,False,8,1.3484215073968209,55
55,False,1,11.682329218047926,82
33,False,10,25.245703594001323,103
34,False,17,2.1260680123158235,43
9,False,18,10.267348318174935,57
37,False,4,31.253173191129875,142
59,False,20,33.66450568805094,164
12,False,0,23.67916755976778,84
17,False,0,19.136823476057145,94
36,True,21,29.47147820977111,127
59,True,10,23.24168155731475,118
32,False,7,39.55946466030817,144
40,False,9,8.25082391351561,72
60,False,8,20.05238406388088,122
25,False,21,29.97742189487154,127
54,False,10,18.571681491206377,116
9,False,10,28.009533065061976,110
8,False,14,9.832513933704714,55
40,False,0,27.561694980201537,121
34,False,22,3.196052447985173,49
26,False,0,5.1646543720241445,31
44,False,13,0.3826147125466661,51
21,False,4,5.9770160429591925,48
37,False,23,28.49262023370937,106
38,False,16,32.80877863606233,135
20,False,3,35.99052776344655,122
42,False,11,24.267077653199483,121
37,False,11,12.862207347935795,70
38,False,8,6.451016031482071,64
60,False,5,34.51838619081227,162
52,False,13,19.296139174781576,101
40,False,18,1.7866838046374889,32
21,False,20,3.85514570076233,48
30,False,2,23.62605615397643,95
38,False,14,16.405768697788517,85
60,False,21,39.90472154809755,152
55,False,14,31.81045345624732,152
34,False,0,31.74996837605045,119
13,False,22,26.57865146323503,100
32,False,1,32.95743838694395,132
17,False,3,26.222284612235423,101
13,False,6,27.555988186967745,103
11,False,11,29.5234445742008,98
47,False,8,3.6414426055297615,71
33,False,0,9.948620217957249,58
37,False,5,22.695692529098583,78
58,False,12,33.68829862384572,128
5,False,9,1.9594346045583484,19
30,False,5,17.056800603929606,95
14,False,1,3.215741509349926,39
24,False,23,21.388737131040777,78
57,True,11,14.758522552142397,103
19,False,19,16.22527504696324,72
43,False,2,37.4975207275014,126
43,False,18,7.711144971130653,66
41,False,2,25.10489098490505,121
55,False,21,12.741929818035588,99
56,False,3,29.216630867672087,113
56,False,19,38.66190861286386,161
32,False,2,4.449050121258476,65
9,False,19,38.28876895746885,127
18,False,21,25.958334995121525,91
26,False,18,23.273467569393134,68
49,True,12,25.665826405130364,119
11,False,6,26.02448743281129,81
47,False,8,17.254025750447695,87
17,False,1,9.179134773271723,32
10,False,15,11.168811306357137,73
26,False,7,4.067774831109778,48
8,True,20,32.01688133320921,125
52,False,10,2.152112558719462,62
39,False,3,12.186388606114347,86
9,False,17,26.08214739136662,85
42,False,19,19.16724671582255,81
37,False,6,21.1403841032282,104
15,False,5,35.981055262177755,127
18,False,23,30.50699010224386,106
10,False,23,2.613667655727605,15
6,False,9,24.838429240940545,79
50,False,23,5.681469681924379,72
37,False,10,23.857256365356093,97
51,False,21,20.51444073649242,103
35,False,21,26.473048636367672,100
53,False,15,27.384262037802745,108
54,False,22,28.186342381596333,135
29,False,22,18.227746974997046,90
10,False,13,10.64611544906937,52
23,False,22,26.70732917370169,113
16,False,14,15.10658651224586,60
23,False,14,33.02381042950412,114
42,False,3,21.619453242909024,118
48,False,9,24.36315188222896,111
43,False,3,27.05313677692963,112
50,False,2,5.8546307912603694,58
42,False,10,27.75126467918897,126
54,False,20,5.686279052659785,74
30,True,20,1.5536737914732344,57
55,False,4,9.090765014942452,95
55,True,18,23.36971583747568,122
48,False,7,22.83881577658026,105
36,False,14,8.54694631366939,74
14,False,0,36.07549478196415,118
32,False,2,9.641368465139118,90
55,False,10,21.272704998610926,101
11,True,17,24.31170339770557,80
47,False,22,8.422949662178933,70
13,False,6,0.1499986233181474,32
8,False,21,25.636569431929235,84
30,False,12,11.870976947735658,60
26,False,17,25.41331028500793,101
59,False,8,38.85465191712283,147
20,False,5,24.91431152542075,88
34,False,9,0.3711524087970975,42
21,False,7,6.0292447170636905,60
54,True,17,12.742076598701937,105
59,False,16,14.328051378358005,101
38,False,15,24.41311744758532,104
53,True,0,27.74857789003678,147
46,False,21,14.150469440872763,82
50,False,11,27.2396232896992,115
19,False,21,23.323791755386484,64
18,False,22,33.73252664150389,122
44,False,17,36.68413382134093,130
37,False,12,22.919254001291645,113
48,False,11,18.344159409568423,107
48,False,7,36.39372325315856,142
28,False,17,13.342703319366146,77
39,False,0,28.829356815888943,124
6,False,1,35.81523739656262,102
8,False,19,35.246998575173656,118
32,False,5,21.5210795352695,84
10,False,3,39.162158959116574,118
35,False,19,13.932132937899055,78
5,True,17,9.566703597135245,51
33,False,11,2.7418240560283005,47
44,False,7,31.31533941064852,160
29,True,13,4.402294493360371,38
45,False,9,3.527245434293541,66
48,False,0,28.907413308843115,126
38,False,5,23.54395907251977,111
7,False,13,28.19065238281,96
5,False,4,9.771439543615216,50
11,False,23,32.88941077374348,90
6,False,7,2.2878971408981186,17
7,False,22,27.30376890864256,118
38,False,22,20.57034684464893,94
58,False,23,32.32684863444183,150
46,False,17,30.85766921146605,131
39,False,20,38.29727720138944,163
30,False,22,1.5755878970428587,14
53,False,3,8.210343294941817,87
50,False,17,13.099274088008045,109
38,False,11,39.81540907461644,154
31,False,0,35.53289089165796,119
52,False,21,18.53066721232325,106
5,False,22,29.48001433288571,83
47,False,7,16.263871221894433,106
20,False,8,28.97097769019612,136
14,False,15,32.2886522034286,112
49,False,9,28.160316100280728,125
8,False,4,26.364206918500926,81
53,False,23,23.547992710710368,116
35,False,18,15.588516203099887,67
6,True,22,22.378048351859974,82
9,False,21,11.358975581491157,46
56,False,10,5.824336513033305,67
16,True,0,6.016683517250053,37
24,False,20,37.85395666086305,126
45,False,15,31.46058493168472,127
21,False,21,39.987529504732514,123
11,False,14,0.3907748352937222,25
17,False,9,1.3532373959505009,43
55,False,23,2.32954500070188,66
40,False,17,6.601027472045435,57
46,True,10,24.19019560026033,127
11,False,16,25.478055592542923,93
26,False,11,31.951042455020325,128
11,False,0,30.185142678712083,93
48,False,5,27.27729857838337,130
35,False,10,16.9230320237888,93
41,True,22,25.408072307540408,114
26,True,10,11.06864236703503,67
55,False,15,20.42683595704511,115
41,False,9,16.938750622713712,96
53,False,15,2.5027011416644,32
13,False,2,16.76033573766994,72
40,False,0,38.02751102482436,154
33,False,9,19.22438529750283,84
56,True,1,22.73486083616464,119
26,False,18,26.511814517552285,101
40,True,1,8.219793337958038,74
55,False,12,36.54294874888549,154
51,False,4,31.73423248510022,127
24,False,14,24.74160075893257,78
25,False,8,1.5305004335339014,40
19,False,20,38.07408659772073,128
18,False,4,16.129451200827997,75
13,False,13,36.73338490346808,107
26,False,0,33.03418968880609,124
39,False,6,7.189942407030942,67
7,False,9,7.354320043919995,42
41,False,14,28.56378915141277,157
46,False,19,16.02922042801932,103
43,False,15,15.75837353521256,101
16,False,14,11.97895357398952,56
17,False,19,26.104944628173165,101
16,False,14,28.45848739744039,116
41,False,19,26.385901360266573,125
17,False,2,12.141638863033323,58
8,True,5,28.62536601083292,108
39,False,16,29.532757170298247,109
29,True,3,23.04849700663325,95
22,False,10,34.62304185790813,119
60,False,17,23.628028158515377,112
35,False,11,27.672096390750745,115
10,False,8,10.282631140084094,40
24,False,20,29.249954005495788,93
15,False,10,8.490989317175586,40
33,False,23,22.337171208589623,106
8,True,3,17.12953646716523,78
52,False,19,6.210721523683609,66
60,False,21,15.546947571517578,106
15,False,20,23.56449199242991,87
19,True,8,32.18681334813279,114
55,False,10,25.775445890415043,124
16,True,0,4.398847220528475,31
52,False,23,35.25401821635145,149
9,False,17,35.80718490715238,104
11,False,0,18.1442089084108,89
30,False,17,36.84018842595799,139
11,False,13,0.2692964101953847,34
31,False,4,39.47138403592017,124
42,False,4,21.7323473547258,111
59,False,22,27.54573419631164,124
38,False,4,6.31316276176091,69
14,True,19,11.862347356589352,65
33,False,1,27.052287898544776,122
43,False,17,31.68054168779951,128
43,False,22,14.155998581937157,82
29,False,3,16.5492008844792,72
41,False,16,27.59121073417042,112
44,False,13,31.711783739157863,123
56,False,9,34.22414863282732,173
5,False,18,23.14816619330163,80
23,False,5,33.77689031076483,122
49,False,6,35.41972561573073,158
28,False,13,28.11423171260433,124
21,False,5,0.1483028235295928,38
54,False,7,17.318206598342137,98
35,False,2,6.80454554521082,53
23,False,23,20.17947699197512,101
22,False,4,22.70946676178796,96
33,False,4,7.657015844607574,57
7,False,0,25.11979736489847,103
39,False,11,9.224037233772137,67
13,False,9,3.111198007236716,52
10,False,19,36.78167214602005,121
29,False,14,27.2109496878321,112
43,False,15,8.86074402887456,98
39,False,10,30.291740266312647,120
44,False,19,20.71898117645662,104
39,False,16,37.3856276323519,159
59,False,19,8.568053645997932,80
24,False,14,7.723949137993111,42
35,False,21,0.1263551400690973,49
46,False,15,14.449477628391094,100
25,False,13,26.719491573056377,95
37,False,22,25.2065426504666,104
58,False,4,6.32091337275427,86
28,False,0,15.660033891276797,96
15,False,5,31.968442934266683,101
54,True,23,34.23174565369112,147
45,False,16,7.485244685490236,69
29,False,18,10.73207682730173,61
6,False,21,29.462196139841552,108
57,False,14,11.7866217585091,88
37,False,14,2.313620906184952,64
41,True,19,11.454141264043091,82
17,True,21,19.61066775088446,86
53,False,17,9.479663560664562,82
44,False,17,22.4531562149303,115
60,True,10,31.572234045840062,138
23,False,16,11.871508548794685,73
47,False,19,9.397368633853796,92
28,False,1,38.15016705471194,119
27,True,4,36.46801307120809,124
9,False,4,13.653724082674392,53
51,False,6,20.10445014864837,94
47,True,23,38.16844140254323,148
49,False,7,13.146039239412984,104
40,False,23,26.112087181688217,116
22,False,7,15.777667008391004,109
20,False,3,17.92928930399569,77
15,False,19,31.018699092510136,106
24,False,4,24.10348389241613,113
43,False,22,17.808850025393212,83
52,False,11,22.66746645634476,120
48,False,5,39.17502048169569,137
49,False,9,20.91116095549141,121
25,False,3,22.21896163666017,97
10,False,15,38.25060008493489,104
24,False,22,28.66172447208044,108
16,False,4,21.91196780139941,90
30,False,16,31.69872171842865,111
46,False,22,31.59938207113528,136
8,False,8,27.130950502145403,98
47,False,20,21.84400493436343,122
34,False,13,2.1809781004507967,49
54,False,2,28.679347250187217,152
37,False,10,24.22597156459262,105
5,False,20,25.220290791765205,64
7,False,17,2.489020551016496,14
16,False,20,33.11556857578731,128
7,False,11,8.870782117358418,54
26,False,18,35.2218189842838,115
9,True,18,14.59273850638107,55
36,True,9,8.628540956233241,73
57,False,22,32.94352368199793,138
30,False,12,13.709956050371728,65
53,False,4,32.761705068076104,143
13,False,15,7.413554123479639,60
37,False,1,25.485814159782706,114
24,False,13,39.105271944146864,136
29,True,3,26.08954646550793,105
7,False,6,2.715367686376734,28
5,True,15,13.899867330414068,56
45,False,22,34.82632849174234,144
35,False,12,18.56727744296593,72
36,False,18,23.40458154941996,133
59,True,13,11.625309799087928,102
10,False,6,32.91826308265359,109
56,False,8,39.90549945414739,148
8,False,17,15.901290627991584,46
51,False,4,3.5347551652649165,74
36,False,4,21.60441536275899,84
31,True,9,15.34607445563704,74
14,False,20,28.97623835298322,101
26,True,23,23.09295966043303,112
13,False,10,28.84181996621972,80
20,True,21,36.87441101091044,119
7,False,20,37.8511983050582,133
21,False,14,31.339081265062603,123
38,True,23,3.5603067211559045,78
56,False,19,17.949346799730108,117
7,False,10,22.86209495110285,76
54,False,12,10.073832308280066,90
48,False,6,6.061217732337054,87
8,False,15,12.143917520751089,53
53,False,11,32.40663779226682,146
24,False,11,29.71232128214149,123
30,False,11,34.15216829656327,147
19,False,18,10.442273792639128,68
51,False,3,21.36562427073646,93
44,True,12,39.24839709709797,165
12,False,16,11.949453382043927,66
29,False,10,19.98258118034625,96
16,True,21,19.887139834957743,93
8,False,0,32.97365427758025,98
59,False,18,24.44874259796588,140
20,False,20,9.359394268663516,46
34,False,22,1.194803351666001,21
19,False,7,5.1601093422568445,56
26,False,15,31.01694639688689,116
6,False,3,4.889784974510125,44
20,False,15,35.928972171898515,118
38,False,3,31.455060518913506,107
52,False,11,16.92801712712492,96
31,False,12,9.952041884419442,71
39,False,11,28.74237493410769,116
44,False,14,22.299778402406265,96
30,False,15,26.44379284644128,94
32,False,12,37.383618876067686,144
60,True,4,29.403867297473944,134
40,False,23,19.943537640315043,116
25,False,13,13.762074609689185,66
47,False,23,23.509956034877227,115
25,False,18,38.50061977183024,138
43,False,23,11.576884152976392,70
47,False,7,34.52720476183285,142
60,False,3,14.291065714425244,101
37,False,6,28.494105852754547,113
48,False,16,31.11437708188565,132
60,False,10,5.191130415317142,98
60,False,10,0.3903786208651223,76
46,False,14,38.434865371748856,161
38,False,16,1.3366260024640912,39
34,False,1,4.062302021037025,61
54,False,22,24.39383184402124,118
23,False,21,6.951005920637245,49
36,False,3,34.39634712187128,136
40,False,11,25.929987148732547,106
25,True,13,24.85294834955348,94
57,False,13,26.614583819938943,125
34,False,4,39.03194467499487,147
9,False,18,33.454461470485825,107
36,False,20,8.860410418450103,56
5,False,20,17.189309115175924,32
42,False,23,0.1076749066385689,52
41,False,17,20.28893481043265,91
41,False,3,11.798142998844437,85
53,False,22,16.995235069659266,100
38,False,16,10.276785222056,67
59,False,17,27.84380312904832,150
19,True,16,38.64845723480409,134
33,True,1,33.630361802476706,108
39,False,19,10.358483040762478,54
17,False,12,11.432499191654538,48
16,False,3,4.791556105621272,43
12,False,13,15.137401376387992,66
54,False,21,13.846166596652491,77
12,False,0,34.7891686798893,104
27,False,21,10.96130143144314,80
14,False,20,18.409039021792413,81
7,False,13,10.029416320248815,63
8,True,8,14.232189456723248,69
42,False,21,15.482785005907258,84
54,False,8,5.964222288530428,95
48,False,6,21.85537630766315,108
22,False,23,35.96548361175428,115
14,False,16,7.795026236201706,41
27,False,12,26.451148624515,89
7,False,9,0.5259714345960538,13
8,True,16,23.51636307513581,100
48,False,22,23.085055328830894,124
60,False,23,1.1640473098743354,64
35,False,16,5.289331995066323,72
14,True,22,12.56727007482008,86
57,False,17,4.968364380988984,60
45,False,12,6.42936352846708,78
22,True,20,36.73241281432648,133
43,False,18,37.15468647108664,140
29,True,12,0.7531990570865066,52
23,False,9,32.96391083464344,108
45,False,22,7.164151654533425,65
31,False,17,31.07041324483552,110
59,False,0,36.08163213086699,148
56,False,11,19.053213694814247,113
15,False,17,34.63965326147521,133
21,False,1,36.75123908098116,119
18,False,2,24.353440440167944,88
8,False,13,26.409108972059304,75
29,False,9,38.08870686534518,134
55,False,4,26.032342753798883,152
42,False,16,27.59744046260528,117
45,False,7,11.295423739081102,83
35,False,7,8.60853574158336,76
40,False,0,30.19114708104311,113
44,False,21,36.41880881746463,165
5,False,1,16.316500543807607,70
59,False,14,2.460112090994286,68
44,False,3,23.77759707663197,122
18,False,2,13.50297082314155,52
15,False,6,5.5117766798870855,44
51,True,4,7.581206172638837,95
6,False,22,31.477189416639906,91
41,False,11,9.746223206586569,81
23,False,22,18.637163713868983,73
57,False,4,25.95535508781097,122
49,False,19,15.771537166216309,109
13,False,1,4.015040954757408,42
9,False,11,8.581158111390518,63
22,False,11,35.41400609454425,123
52,False,19,37.13255366158807,163
50,False,12,15.40491785394924,96
17,False,2,37.30553540534398,104
42,False,7,14.676276721552634,101
33,False,22,11.459527351524088,71
49,False,2,3.135952754132538,77
5,False,19,36.13555275142828,133
37,False,15,29.19063776139902,145
19,False,14,30.235817412110663,115
34,False,10,37.68863006184544,150
46,False,22,19.031959395014272,85
19,False,3,19.00542008584988,74
13,False,11,16.98226110802171,105
20,False,7,30.2092857403759,95
17,False,9,14.734354898732922,72
38,True,6,17.938823823716415,95
32,False,5,2.7302696564502025,69
17,False,14,24.04726068254139,90
22,False,4,29.723227299432704,117
50,False,21,0.6790983628987819,71
24,True,14,21.26886034378433,95
13,False,15,24.671430040959148,88
55,False,7,37.26833838389052,152
30,False,17,26.75542589045529,102
23,False,18,11.766748022805055,86
36,False,4,36.341108021341824,141
58,True,12,13.28231880792776,119
28,False,2,10.611108977620477,77
26,False,3,22.026813444694994,95
31,True,10,3.899639102330276,50
25,False,6,36.58425172516951,125
22,True,11,13.60226927201147,91
55,False,13,2.880193243666733,59
35,False,1,27.99484929129012,116
19,False,19,0.3719526216288003,32
53,True,12,23.06375898655689,116
18,False,18,36.25071245965415,130
31,False,10,24.25637916678586,119
57,False,5,25.80182178144233,123
21,False,8,20.91144005042808,101
55,False,4,5.870498040665811,73
35,False,13,8.53072891242677,67
8,True,2,17.402270327771642,78
27,False,18,36.30236713963993,111
21,False,17,14.961277877860594,62
8,False,16,29.2171004999413,92
19,False,3,5.44975660598262,28
48,False,9,9.973145952928771,84
50,False,5,31.37470109654087,118
28,False,23,37.17276935856308,139
21,False,22,22.70171096583183,105
7,False,2,7.801185717568468,13
53,False,17,10.332196112976598,93
22,False,18,15.413647815807542,79
54,False,15,5.235845909010817,73
30,True,7,30.8351569694182,113
56,False,12,21.0548448621646,132
51,True,7,32.9886975953334,146
16,False,17,28.89495563880929,106
47,False,0,9.993308684436524,103
30,False,7,29.67064263435305,116
7,False,0,16.56333671919848,73
30,False,4,24.386812363686587,121
17,False,14,6.211360650291388,56
52,False,14,7.747543449196827,93
35,False,3,19.75196903022517,105
29,False,17,17.759917725806293,98
56,True,17,33.56995329303755,156
16,False,6,9.051512622696192,46
14,False,19,32.04343073930261,125
30,False,14,35.67838969154143,136
16,False,19,19.326569884837824,82
20,False,16,4.830932935818487,41
33,False,22,34.93685164089871,122
35,False,11,36.38780945258027,130
41,False,8,25.173382071940395,113
35,False,0,18.557931147118406,101
28,False,13,8.198774449062723,45
31,False,21,36.96201093249616,132
25,False,2,32.89158405920475,108
28,False,17,27.051860632119087,106
47,False,14,30.75208822870769,139
23,False,1,7.639993643615198,40
40,False,1,12.638580259948364,77
6,True,16,38.4989449377678,112
50,False,22,30.195206350679097,132
32,False,0,16.608845161952612,75
35,True,23,12.58266532029412,94
13,False,17,11.451445168253532,41
13,False,0,38.30281014169341,119
5,False,22,28.37802022197237,100
6,True,0,18.971737314807072,71
30,False,8,35.619054267010874,147
23,False,2,30.15152114934361,113
43,False,1,5.687799370266276,61
5,False,22,13.129557628907152,39
10,False,0,10.631518924853196,49
29,True,16,16.114414121780815,73
31,False,11,22.748921950131063,95
30,False,17,18.442551948633263,88
35,False,21,10.435704825896416,81
43,False,3,23.574117046627546,116
44,False,18,1.0838574151212097,63
8,False,18,13.53257444196888,57
38,False,8,6.192343185096782,65
11,False,18,8.796191810005194,61
53,False,6,12.518312627694106,98
18,False,10,25.284526965963583,82
18,False,21,0.7269129813597729,34
33,False,4,23.877820093993765,92
16,False,11,9.88803306007046,48
57,False,10,0.220382503380878,52
59,False,6,32.753790966496894,143
42,False,0,5.848001795247275,71
51,False,14,30.60778108953801,125
41,False,18,9.719678986101618,74
51,False,7,2.947916162302746,83
48,False,21,0.1359227940512513,73
52,False,6,16.478976871300613,98
13,False,22,23.399295586246893,99
50,False,9,2.242540253880644,57
17,False,17,14.762603164484863,79
24,True,5,36.83756141478285,142
38,True,4,19.55281264167589,101
50,False,6,14.491174448298116,121
26,False,14,38.79188133118317,145
38,False,7,4.9096282850606165,76
22,False,22,16.364941193505977,75
36,False,13,20.22581853032065,112
6,False,21,0.7440941438629197,15
36,False,19,2.470888051244959,67
5,False,3,36.9334558623171,120
15,True,4,26.47711732143432,107
47,False,14,15.139384248981138,83
23,False,0,22.88004925258714,94
24,True,17,34.62281544539927,145
38,False,13,8.39076033620575,69
18,False,11,17.553376629531268,74
37,False,3,37.08623949368991,137
35,True,10,16.01800733530427,83
28,False,7,38.95421365037252,146
25,False,4,27.234093815337697,104
40,True,3,9.4892327716356,75
47,False,17,3.4662838108316274,72
40,False,17,29.13560985723973,111
56,False,2,11.516892953854216,104
55,False,3,6.8079009325086375,84
55,True,22,38.5011203421984,180
11,False,18,11.027869203709766,56
21,False,16,1.6935518857519667,50
33,True,23,21.638205906924625,113
53,False,2,30.53074218313161,139
46,False,19,6.030586780154336,61
58,False,0,39.77072105252879,144
57,False,23,12.262057146457051,116
19,False,8,21.302389509204296,79
43,False,5,23.984099121408068,133
18,False,7,26.02843086750332,92
39,False,23,9.122431960366931,75
57,False,22,3.361030770653591,75
46,False,6,21.40149385297658,122
46,False,15,10.730404988688443,69
28,False,7,7.03643875321221,41
21,False,14,15.306570068042676,75
32,True,17,10.4065979405579,85
8,False,20,26.69419712373652,95
39,False,10,7.324775123179876,73
44,True,12,26.909198601895447,120
19,False,14,13.464206070268222,55
38,False,18,20.285460835815,105
41,False,14,30.99209340084865,110
46,False,22,6.9106757196620965,68
8,False,6,0.1832076205517807,28
53,True,10,23.82073713804142,109
44,False,5,0.6234605946863214,56
